-- phpMyAdmin SQL Dump
-- version 4.9.3
-- https://www.phpmyadmin.net/
--
-- Host: localhost:3306
-- Generation Time: Feb 09, 2022 at 03:33 PM
-- Server version: 5.7.26
-- PHP Version: 7.3.9

SET SQL_MODE = "NO_AUTO_VALUE_ON_ZERO";
SET time_zone = "+00:00";


/*!40101 SET @OLD_CHARACTER_SET_CLIENT=@@CHARACTER_SET_CLIENT */;
/*!40101 SET @OLD_CHARACTER_SET_RESULTS=@@CHARACTER_SET_RESULTS */;
/*!40101 SET @OLD_COLLATION_CONNECTION=@@COLLATION_CONNECTION */;
/*!40101 SET NAMES utf8mb4 */;

--
-- Database: `suppliers`
--

-- --------------------------------------------------------

--
-- Table structure for table `admins`
--

CREATE TABLE `admins` (
  `id` int(10) UNSIGNED NOT NULL,
  `name` varchar(191) COLLATE utf8mb4_unicode_ci NOT NULL,
  `email` varchar(191) COLLATE utf8mb4_unicode_ci NOT NULL,
  `image` varchar(300) COLLATE utf8mb4_unicode_ci DEFAULT NULL,
  `mobile` varchar(30) COLLATE utf8mb4_unicode_ci NOT NULL,
  `password` varchar(191) COLLATE utf8mb4_unicode_ci NOT NULL,
  `remember_token` varchar(100) COLLATE utf8mb4_unicode_ci DEFAULT NULL,
  `created_at` timestamp NULL DEFAULT NULL,
  `updated_at` timestamp NULL DEFAULT NULL,
  `deleted_at` timestamp NULL DEFAULT NULL
) ENGINE=InnoDB DEFAULT CHARSET=utf8mb4 COLLATE=utf8mb4_unicode_ci ROW_FORMAT=COMPACT;

--
-- Dumping data for table `admins`
--

INSERT INTO `admins` (`id`, `name`, `email`, `image`, `mobile`, `password`, `remember_token`, `created_at`, `updated_at`, `deleted_at`) VALUES
(1, 'mohamed', 'm@gmail.com', NULL, '7634578346', '$2y$10$Dfrvq3PHOAq9q9gPFvfuY.Beg1ztEM3p65C8i4/JsV/PRLgaH8huG', 'DCFYpSSAawizZVuSNVXHpGXVTqY8kvzWoHZHnV989qlfBbwpUJHtfk6h686K', NULL, NULL, NULL),
(4, 'msbri', 'md@gmail.com', NULL, '23455343456', '$2y$10$HbZ3i7N/GXkrd4OYFp.baue8NBuWRPOUD841aVSnl.xdDcfwRW1C2', NULL, '2018-10-16 21:08:15', '2018-10-16 21:08:15', NULL);

-- --------------------------------------------------------

--
-- Table structure for table `admin_password_resets`
--

CREATE TABLE `admin_password_resets` (
  `email` varchar(191) COLLATE utf8_unicode_ci NOT NULL,
  `token` varchar(191) COLLATE utf8_unicode_ci NOT NULL,
  `created_at` timestamp NOT NULL DEFAULT CURRENT_TIMESTAMP
) ENGINE=MyISAM DEFAULT CHARSET=utf8 COLLATE=utf8_unicode_ci;

--
-- Dumping data for table `admin_password_resets`
--

INSERT INTO `admin_password_resets` (`email`, `token`, `created_at`) VALUES
('m@gmail.com', '$2y$10$1hT.tT7mwAOnTD/eNxeSqOXeyc6WWEk7ihSiWo37dLx8R4m.PCUi.', '2018-05-22 13:26:29');

-- --------------------------------------------------------

--
-- Table structure for table `ads`
--

CREATE TABLE `ads` (
  `id` int(11) NOT NULL,
  `image` varchar(300) COLLATE utf8_unicode_ci NOT NULL,
  `link` varchar(500) COLLATE utf8_unicode_ci DEFAULT NULL,
  `position` enum('home_top','home_middle','home_down','sale_page','product_page') COLLATE utf8_unicode_ci DEFAULT NULL,
  `status` enum('active','not_active') COLLATE utf8_unicode_ci NOT NULL DEFAULT 'active',
  `order_by` int(11) DEFAULT NULL,
  `created_at` timestamp NOT NULL DEFAULT CURRENT_TIMESTAMP,
  `updated_at` timestamp NOT NULL DEFAULT '0000-00-00 00:00:00',
  `deleted_at` timestamp NULL DEFAULT NULL
) ENGINE=InnoDB DEFAULT CHARSET=utf8 COLLATE=utf8_unicode_ci;

--
-- Dumping data for table `ads`
--

INSERT INTO `ads` (`id`, `image`, `link`, `position`, `status`, `order_by`, `created_at`, `updated_at`, `deleted_at`) VALUES
(1, 'uploads/ads/5b4b0d6a1c1fe.jpeg', NULL, NULL, 'not_active', NULL, '2018-07-15 06:01:30', '2018-10-16 21:51:31', NULL),
(2, 'uploads/ads/5bac7ca96bd2f.png', NULL, NULL, 'not_active', 1, '2018-09-27 13:46:01', '2018-10-16 21:51:31', NULL),
(3, 'uploads/ads/5bc5fcdd54d2f.jpg', NULL, NULL, 'not_active', 0, '2018-10-16 21:50:40', '2018-10-18 23:22:17', NULL),
(4, 'uploads/ads/5bc8b328ded3e.jpg', NULL, NULL, 'active', 0, '2018-10-18 23:22:00', '2018-10-19 17:04:04', NULL),
(5, 'uploads/ads/5bc9a5c317f71.jpg', NULL, NULL, 'not_active', 0, '2018-10-19 16:33:02', '2018-10-19 17:03:59', NULL);

-- --------------------------------------------------------

--
-- Table structure for table `ads_translations`
--

CREATE TABLE `ads_translations` (
  `id` int(11) NOT NULL,
  `ads_id` int(11) NOT NULL,
  `locale` varchar(11) COLLATE utf8_unicode_ci NOT NULL,
  `descriptions` text COLLATE utf8_unicode_ci NOT NULL,
  `created_at` timestamp NOT NULL DEFAULT CURRENT_TIMESTAMP,
  `updated_at` timestamp NULL DEFAULT NULL,
  `deleted_at` timestamp NULL DEFAULT NULL
) ENGINE=InnoDB DEFAULT CHARSET=utf8 COLLATE=utf8_unicode_ci;

--
-- Dumping data for table `ads_translations`
--

INSERT INTO `ads_translations` (`id`, `ads_id`, `locale`, `descriptions`, `created_at`, `updated_at`, `deleted_at`) VALUES
(1, 1, 'en', 'fklshfjlkwlgvhlwgv', '2018-07-15 06:01:30', '2018-07-15 06:01:30', NULL),
(2, 1, 'ar', 'fgkhjkrghjkewrgkjre', '2018-07-15 06:01:30', '2018-07-15 06:01:30', NULL),
(3, 2, 'en', 'sssss', '2018-09-27 13:46:01', '2018-09-27 13:46:01', NULL),
(4, 2, 'ar', 'ddfdfsgsdg', '2018-09-27 13:46:01', '2018-09-27 13:46:01', NULL),
(5, 3, 'en', 'Enjaze servises', '2018-10-16 21:50:40', '2018-10-16 21:50:40', NULL),
(6, 3, 'ar', 'شركة انجاز للخدمات والصيانة العامة', '2018-10-16 21:50:40', '2018-10-16 21:50:40', NULL),
(7, 4, 'en', 'تطبيق انجاز', '2018-10-18 23:22:00', '2018-10-18 23:22:00', NULL),
(8, 4, 'ar', 'تطبيق انجاز', '2018-10-18 23:22:00', '2018-10-18 23:22:00', NULL),
(9, 5, 'en', 'كيف يعمل التطبيق', '2018-10-19 16:33:02', '2018-10-19 16:33:02', NULL),
(10, 5, 'ar', 'كيف يعمل التطبيق', '2018-10-19 16:33:02', '2018-10-19 16:33:02', NULL);

-- --------------------------------------------------------

--
-- Table structure for table `advertisement_us`
--

CREATE TABLE `advertisement_us` (
  `id` int(11) NOT NULL,
  `image` varchar(300) COLLATE utf8_unicode_ci NOT NULL,
  `fullname` varchar(300) COLLATE utf8_unicode_ci NOT NULL,
  `email` varchar(300) COLLATE utf8_unicode_ci NOT NULL,
  `mobile` varchar(15) COLLATE utf8_unicode_ci NOT NULL,
  `comment` text COLLATE utf8_unicode_ci NOT NULL,
  `created_at` timestamp NOT NULL DEFAULT CURRENT_TIMESTAMP,
  `updated_at` timestamp NOT NULL DEFAULT '0000-00-00 00:00:00',
  `deleted_at` timestamp NULL DEFAULT NULL
) ENGINE=InnoDB DEFAULT CHARSET=utf8 COLLATE=utf8_unicode_ci;

--
-- Dumping data for table `advertisement_us`
--

INSERT INTO `advertisement_us` (`id`, `image`, `fullname`, `email`, `mobile`, `comment`, `created_at`, `updated_at`, `deleted_at`) VALUES
(1, 'uploads/images/AdvertisementUs//F4k9AutgpskTGQKo6qrVtHAq0DCtuY1QJRDmyXul.jpeg', 'flayer', '1flayer@hotail.com', '56895652', 'Advertisement With Us1', '2018-01-24 12:45:33', '2018-02-13 14:32:52', NULL),
(2, 'uploads/images/AdvertisementUs//QApCY2vFcDyCVziHDngx3YqVrqDqFlGn12kA2cCf.jpeg', 'flayer App', '2flayer@hotail.com', '55505151', 'Advertisement With Us2', '2018-01-24 12:46:04', '2018-01-24 12:46:04', NULL);

-- --------------------------------------------------------

--
-- Table structure for table `attatchments`
--

CREATE TABLE `attatchments` (
  `id` int(11) NOT NULL,
  `attatchmentable_id` int(11) NOT NULL,
  `attatchmentable_type` varchar(225) COLLATE utf8_unicode_ci NOT NULL,
  `image` varchar(225) COLLATE utf8_unicode_ci NOT NULL,
  `created_at` timestamp NULL DEFAULT NULL,
  `updated_at` timestamp NULL DEFAULT NULL
) ENGINE=InnoDB DEFAULT CHARSET=utf8 COLLATE=utf8_unicode_ci;

--
-- Dumping data for table `attatchments`
--

INSERT INTO `attatchments` (`id`, `attatchmentable_id`, `attatchmentable_type`, `image`, `created_at`, `updated_at`) VALUES
(1, 46, 'App\\Models\\users', 'uploads/users/5f1ead4cdafd2.jpeg', '2020-07-27 07:32:44', '2020-07-27 07:32:44'),
(2, 46, 'App\\Models\\users', 'uploads/users/5f1ead4ce08f2.png', '2020-07-27 07:32:44', '2020-07-27 07:32:44'),
(3, 47, 'App\\Models\\users', 'uploads/users/5f1eaecce835b.jpeg', '2020-07-27 07:39:08', '2020-07-27 07:39:08'),
(4, 47, 'App\\Models\\users', 'uploads/users/5f1eaecceaea5.png', '2020-07-27 07:39:08', '2020-07-27 07:39:08'),
(5, 48, 'App\\Models\\users', 'uploads/users/5f1eaf3da5e4f.jpeg', '2020-07-27 07:41:01', '2020-07-27 07:41:01'),
(6, 48, 'App\\Models\\users', 'uploads/users/5f1eaf3dabf49.png', '2020-07-27 07:41:01', '2020-07-27 07:41:01'),
(7, 49, 'App\\Models\\users', 'uploads/users/5f1eaf7183546.jpeg', '2020-07-27 07:41:53', '2020-07-27 07:41:53'),
(8, 49, 'App\\Models\\users', 'uploads/users/5f1eaf7186080.png', '2020-07-27 07:41:53', '2020-07-27 07:41:53'),
(9, 50, 'App\\Models\\users', 'uploads/users/5f1eafdcde7a3.jpeg', '2020-07-27 07:43:40', '2020-07-27 07:43:40'),
(10, 50, 'App\\Models\\users', 'uploads/users/5f1eafdcdef22.png', '2020-07-27 07:43:40', '2020-07-27 07:43:40'),
(11, 51, 'App\\Models\\users', 'uploads/users/5f1eb0767ed22.jpeg', '2020-07-27 07:46:14', '2020-07-27 07:46:14'),
(12, 51, 'App\\Models\\users', 'uploads/users/5f1eb07681654.png', '2020-07-27 07:46:14', '2020-07-27 07:46:14'),
(13, 52, 'App\\Models\\users', 'uploads/users/5f1eb097a9a42.jpeg', '2020-07-27 07:46:47', '2020-07-27 07:46:47'),
(14, 52, 'App\\Models\\users', 'uploads/users/5f1eb097b19ec.png', '2020-07-27 07:46:47', '2020-07-27 07:46:47'),
(15, 53, 'App\\Models\\users', 'uploads/users/5f1eb19898637.jpeg', '2020-07-27 07:51:04', '2020-07-27 07:51:04'),
(16, 53, 'App\\Models\\users', 'uploads/users/5f1eb1989dcf2.png', '2020-07-27 07:51:04', '2020-07-27 07:51:04'),
(17, 54, 'App\\Models\\users', 'uploads/users/5f1ee048cf251.jpeg', '2020-07-27 11:10:16', '2020-07-27 11:10:16'),
(18, 54, 'App\\Models\\users', 'uploads/users/5f1ee048df732.png', '2020-07-27 11:10:16', '2020-07-27 11:10:16'),
(19, 55, 'App\\Models\\users', 'uploads/users/5f1ee07d4ff27.jpeg', '2020-07-27 11:11:09', '2020-07-27 11:11:09'),
(20, 55, 'App\\Models\\users', 'uploads/users/5f1ee07d530eb.png', '2020-07-27 11:11:09', '2020-07-27 11:11:09'),
(21, 11, 'App\\Models\\Order', 'uploads/orders/5f5bcc195417b.jpeg', '2020-09-11 16:12:25', '2020-09-11 16:12:25'),
(22, 11, 'App\\Models\\Order', 'uploads/orders/5f5bcc1977e48.png', '2020-09-11 16:12:25', '2020-09-11 16:12:25'),
(23, 12, 'App\\Models\\Order', 'uploads/orders/5f5bcd5e7881f.jpeg', '2020-09-11 16:17:50', '2020-09-11 16:17:50'),
(24, 12, 'App\\Models\\Order', 'uploads/orders/5f5bcd5e7ec2f.png', '2020-09-11 16:17:50', '2020-09-11 16:17:50'),
(25, 13, 'App\\Models\\Order', 'uploads/orders/5f5bcd715e60d.jpeg', '2020-09-11 16:18:09', '2020-09-11 16:18:09'),
(26, 13, 'App\\Models\\Order', 'uploads/orders/5f5bcd71b5c5b.png', '2020-09-11 16:18:09', '2020-09-11 16:18:09'),
(27, 14, 'App\\Models\\Order', 'uploads/orders/5f5bcd85b48b4.jpeg', '2020-09-11 16:18:29', '2020-09-11 16:18:29'),
(28, 14, 'App\\Models\\Order', 'uploads/orders/5f5bcd85cf780.png', '2020-09-11 16:18:29', '2020-09-11 16:18:29');

-- --------------------------------------------------------

--
-- Table structure for table `categories`
--

CREATE TABLE `categories` (
  `id` int(11) NOT NULL,
  `logo` varchar(300) COLLATE utf8_unicode_ci NOT NULL,
  `status` enum('active','not_active') COLLATE utf8_unicode_ci NOT NULL DEFAULT 'active',
  `order_by` int(11) DEFAULT NULL,
  `created_at` timestamp NULL DEFAULT CURRENT_TIMESTAMP,
  `updated_at` timestamp NULL DEFAULT NULL,
  `deleted_at` timestamp NULL DEFAULT NULL
) ENGINE=InnoDB DEFAULT CHARSET=utf8 COLLATE=utf8_unicode_ci;

--
-- Dumping data for table `categories`
--

INSERT INTO `categories` (`id`, `logo`, `status`, `order_by`, `created_at`, `updated_at`, `deleted_at`) VALUES
(1, 'uploads/category/5bbf32efb1a2a.png', 'active', NULL, '2018-07-15 07:03:35', '2018-10-11 18:24:31', NULL),
(2, 'uploads/category/5bbf32bc8aedc.png', 'active', NULL, '2018-07-15 07:10:40', '2018-10-11 18:23:40', NULL),
(3, 'uploads/category/5bbf328a30d1f.png', 'active', NULL, '2018-07-18 16:31:55', '2018-10-11 18:22:50', NULL),
(4, 'uploads/category/5bbf3256af128.png', 'active', NULL, '2018-07-24 09:36:50', '2018-10-11 18:21:58', NULL),
(5, 'uploads/category/5bbf3239cd899.png', 'active', NULL, '2018-07-25 08:02:13', '2018-10-11 18:21:29', NULL),
(6, 'uploads/category/5bbf31ff3c951.png', 'active', NULL, '2018-09-17 07:40:33', '2018-10-18 20:11:06', NULL),
(7, 'uploads/category/5bbf31d22492c.png', 'active', NULL, '2018-09-25 07:19:04', '2018-10-11 18:19:46', NULL),
(8, 'uploads/category/5bbf332cda75b.png', 'active', NULL, '2018-10-11 18:25:32', '2018-10-11 18:25:32', NULL),
(9, 'uploads/category/5bbf334f3aca5.png', 'active', NULL, '2018-10-11 18:26:07', '2018-10-11 18:26:07', NULL),
(10, 'uploads/category/5bbf337af2067.png', 'not_active', NULL, '2018-10-11 18:26:50', '2018-10-18 20:58:23', NULL),
(11, 'uploads/category/5bbf3394b440f.png', 'not_active', NULL, '2018-10-11 18:27:16', '2018-10-18 20:58:23', NULL),
(12, 'uploads/category/5bbf33af7eab6.png', 'active', NULL, '2018-10-11 18:27:43', '2018-10-11 18:27:43', NULL),
(13, 'uploads/category/5bbf33c24f35c.png', 'active', NULL, '2018-10-11 18:28:02', '2018-10-11 18:28:02', NULL),
(14, 'uploads/category/5bc892396f230.png', 'active', NULL, '2018-10-11 18:28:22', '2018-10-18 21:01:29', NULL),
(15, 'uploads/category/5bbf33f30255f.png', 'active', NULL, '2018-10-11 18:28:51', '2020-07-29 03:45:47', NULL),
(16, 'uploads/category/5bc8bad696c94.png', 'active', NULL, '2018-10-18 23:47:45', '2020-07-29 03:45:47', NULL),
(17, 'uploads/category/5bc8ba664da5b.png', 'active', NULL, '2018-10-18 23:52:54', '2020-07-29 03:45:47', NULL);

-- --------------------------------------------------------

--
-- Table structure for table `category_translations`
--

CREATE TABLE `category_translations` (
  `id` int(11) NOT NULL,
  `category_id` int(11) NOT NULL,
  `locale` varchar(300) COLLATE utf8_unicode_ci NOT NULL,
  `title` varchar(300) COLLATE utf8_unicode_ci NOT NULL,
  `created_at` timestamp NOT NULL DEFAULT CURRENT_TIMESTAMP,
  `updated_at` timestamp NULL DEFAULT NULL,
  `deleted_at` timestamp NULL DEFAULT NULL
) ENGINE=InnoDB DEFAULT CHARSET=utf8 COLLATE=utf8_unicode_ci;

--
-- Dumping data for table `category_translations`
--

INSERT INTO `category_translations` (`id`, `category_id`, `locale`, `title`, `created_at`, `updated_at`, `deleted_at`) VALUES
(1, 1, 'en', 'Blacksmith', '2018-07-15 07:03:35', '2018-10-11 18:24:31', NULL),
(2, 1, 'ar', 'حدادة وميكانيك', '2018-07-15 07:03:35', '2018-10-18 23:56:49', NULL),
(3, 2, 'en', 'Computers & Mobiles', '2018-07-15 07:10:41', '2018-10-11 18:23:40', NULL),
(4, 2, 'ar', 'حاسبات وموبايل', '2018-07-15 07:10:41', '2018-10-11 18:23:40', NULL),
(5, 3, 'en', 'Nursing', '2018-07-18 16:31:55', '2018-10-11 18:22:50', NULL),
(6, 3, 'ar', 'تمريض', '2018-07-18 16:31:55', '2018-10-11 18:22:50', NULL),
(7, 4, 'en', 'Air Condition', '2018-07-24 09:36:51', '2018-10-11 18:21:58', NULL),
(8, 4, 'ar', 'تكييف', '2018-07-24 09:36:51', '2018-10-11 18:21:58', NULL),
(9, 5, 'en', 'Internet & Networks', '2018-07-25 08:02:13', '2018-10-11 18:21:29', NULL),
(10, 5, 'ar', 'انترنت وشبكات', '2018-07-25 08:02:13', '2018-10-11 18:21:29', NULL),
(11, 6, 'en', 'Healthy Works', '2018-09-17 07:40:33', '2018-10-11 18:20:31', NULL),
(12, 6, 'ar', 'أعمال صحية', '2018-09-17 07:40:33', '2018-10-11 18:20:31', NULL),
(13, 7, 'en', 'Painting', '2018-09-25 07:19:04', '2018-10-11 18:19:46', NULL),
(14, 7, 'ar', 'أصباغ', '2018-09-25 07:19:04', '2018-10-11 18:19:46', NULL),
(15, 8, 'en', 'Decoration', '2018-10-11 18:25:32', '2018-10-11 18:25:32', NULL),
(16, 8, 'ar', 'ديكور', '2018-10-11 18:25:32', '2018-10-11 18:25:32', NULL),
(17, 9, 'en', 'Satalayt', '2018-10-11 18:26:07', '2018-10-11 18:26:07', NULL),
(18, 9, 'ar', 'ستلايت', '2018-10-11 18:26:07', '2018-10-11 18:26:07', NULL),
(19, 10, 'en', 'Winsh Car', '2018-10-11 18:26:50', '2018-10-11 18:26:50', NULL),
(20, 10, 'ar', 'سحب سيارات', '2018-10-11 18:26:50', '2018-10-11 18:26:50', NULL),
(21, 11, 'en', 'Maintenance', '2018-10-11 18:27:16', '2018-10-11 18:27:16', NULL),
(22, 11, 'ar', 'صيانة عامة', '2018-10-11 18:27:16', '2018-10-11 18:27:16', NULL),
(23, 12, 'en', 'Mechanics', '2018-10-11 18:27:43', '2018-10-11 18:27:43', NULL),
(24, 12, 'ar', 'فيتر', '2018-10-11 18:27:43', '2018-10-11 18:27:43', NULL),
(25, 13, 'en', 'Cameras', '2018-10-11 18:28:02', '2018-10-11 18:28:02', NULL),
(26, 13, 'ar', 'كاميرات', '2018-10-11 18:28:02', '2018-10-11 18:28:02', NULL),
(27, 14, 'en', 'Electrcity', '2018-10-11 18:28:22', '2018-10-11 18:28:22', NULL),
(28, 14, 'ar', 'كهرباء', '2018-10-11 18:28:22', '2018-10-11 18:28:22', NULL),
(29, 15, 'en', 'General Cleanliness', '2018-10-11 18:28:51', '2018-10-11 18:28:51', NULL),
(30, 15, 'ar', 'خدمات التنظيف', '2018-10-11 18:28:51', '2018-10-18 23:50:20', NULL),
(31, 16, 'en', 'تصليح مولدات', '2018-10-18 23:47:45', '2018-10-18 23:47:45', NULL),
(32, 16, 'ar', 'تصليح مولدات', '2018-10-18 23:47:45', '2018-10-18 23:47:45', NULL),
(33, 17, 'en', 'خدمات النقل', '2018-10-18 23:52:54', '2018-10-18 23:52:54', NULL),
(34, 17, 'ar', 'خدمات النقل', '2018-10-18 23:52:54', '2018-10-18 23:52:54', NULL);

-- --------------------------------------------------------

--
-- Table structure for table `chats`
--

CREATE TABLE `chats` (
  `id` int(11) NOT NULL,
  `user_id` int(11) NOT NULL,
  `message` text COLLATE utf8_unicode_ci NOT NULL,
  `relation_id` int(11) NOT NULL DEFAULT '0',
  `read_at` int(11) NOT NULL DEFAULT '0',
  `type` int(11) NOT NULL DEFAULT '0',
  `created_at` timestamp NOT NULL DEFAULT CURRENT_TIMESTAMP,
  `updated_at` timestamp NULL DEFAULT NULL,
  `deleted_at` timestamp NULL DEFAULT NULL
) ENGINE=MyISAM DEFAULT CHARSET=utf8 COLLATE=utf8_unicode_ci;

-- --------------------------------------------------------

--
-- Table structure for table `cities`
--

CREATE TABLE `cities` (
  `id` int(11) NOT NULL,
  `order_by` int(11) NOT NULL,
  `status` enum('active','not_active') COLLATE utf8_unicode_ci NOT NULL DEFAULT 'active',
  `created_at` timestamp NULL DEFAULT NULL,
  `updated_at` timestamp NULL DEFAULT NULL,
  `deleted_at` timestamp NULL DEFAULT NULL
) ENGINE=InnoDB DEFAULT CHARSET=utf8 COLLATE=utf8_unicode_ci;

--
-- Dumping data for table `cities`
--

INSERT INTO `cities` (`id`, `order_by`, `status`, `created_at`, `updated_at`, `deleted_at`) VALUES
(1, 0, 'active', '2020-02-17 15:02:16', '2020-02-17 15:02:16', NULL),
(2, 0, 'active', '2020-02-17 15:05:43', '2020-02-17 15:05:43', NULL),
(3, 0, 'active', '2020-02-17 15:05:59', '2020-02-17 15:05:59', NULL),
(4, 0, 'active', '2020-02-17 15:06:18', '2020-02-17 15:06:18', NULL),
(5, 0, 'active', '2020-02-17 15:06:33', '2020-02-17 15:06:33', NULL),
(6, 0, 'active', '2020-02-17 15:08:37', '2020-02-17 15:08:37', NULL),
(7, 0, 'active', '2020-02-17 15:08:55', '2020-02-17 15:08:55', NULL),
(8, 0, 'active', '2020-02-17 15:09:18', '2020-02-17 15:09:18', NULL),
(9, 0, 'active', '2020-02-17 15:09:32', '2020-02-17 15:09:32', NULL),
(10, 0, 'active', '2020-02-17 15:09:46', '2020-02-17 15:09:46', NULL),
(11, 0, 'active', '2020-02-17 15:10:04', '2020-02-17 15:10:04', NULL),
(12, 0, 'active', '2020-02-17 15:10:17', '2020-02-17 15:10:17', NULL),
(13, 0, 'active', '2020-02-17 15:10:32', '2020-02-17 15:10:32', NULL),
(14, 0, 'active', '2020-02-17 15:10:46', '2020-02-17 15:10:46', NULL),
(15, 0, 'active', '2020-02-17 15:11:15', '2020-02-17 15:11:15', NULL),
(16, 0, 'active', '2020-02-17 15:11:50', '2020-02-17 15:11:50', NULL),
(17, 0, 'active', '2020-02-17 15:12:01', '2020-02-17 15:12:01', NULL),
(18, 0, 'active', '2020-02-17 15:12:13', '2020-02-17 15:12:13', NULL),
(19, 0, 'active', '2020-02-17 15:12:25', '2020-02-17 15:12:25', NULL),
(20, 0, 'active', '2020-02-17 15:12:39', '2020-02-17 15:12:39', NULL),
(21, 0, 'active', '2020-02-17 15:12:51', '2020-02-17 15:12:51', NULL),
(22, 0, 'active', '2020-02-17 15:13:02', '2020-02-17 15:13:02', NULL),
(23, 0, 'active', '2020-02-17 15:13:16', '2020-02-17 15:13:16', NULL),
(24, 0, 'active', '2020-02-17 15:13:28', '2020-02-17 15:13:28', NULL),
(25, 0, 'active', '2020-02-17 15:13:41', '2020-02-17 15:13:41', NULL),
(26, 0, 'active', '2020-02-17 15:13:53', '2020-02-17 15:13:53', NULL),
(27, 0, 'active', '2020-02-17 15:14:05', '2020-02-17 15:14:05', NULL),
(28, 0, 'active', '2020-02-17 15:14:23', '2020-02-17 15:14:23', NULL),
(29, 0, 'active', '2020-02-17 15:14:34', '2020-02-17 15:14:34', NULL),
(30, 0, 'active', '2020-02-17 15:17:02', '2020-02-17 15:17:02', NULL),
(31, 0, 'active', '2020-02-17 15:17:10', '2020-02-17 15:17:10', NULL);

-- --------------------------------------------------------

--
-- Table structure for table `city_translations`
--

CREATE TABLE `city_translations` (
  `id` int(11) NOT NULL,
  `city_id` int(11) NOT NULL,
  `locale` varchar(225) COLLATE utf8_unicode_ci NOT NULL,
  `name` varchar(225) COLLATE utf8_unicode_ci NOT NULL,
  `created_at` timestamp NULL DEFAULT NULL,
  `updated_at` timestamp NULL DEFAULT NULL,
  `deleted_at` timestamp NULL DEFAULT NULL
) ENGINE=InnoDB DEFAULT CHARSET=utf8 COLLATE=utf8_unicode_ci;

--
-- Dumping data for table `city_translations`
--

INSERT INTO `city_translations` (`id`, `city_id`, `locale`, `name`, `created_at`, `updated_at`, `deleted_at`) VALUES
(1, 1, 'en', 'Riyadh', '2020-02-17 15:02:16', '2020-02-17 15:02:16', NULL),
(2, 1, 'ar', 'الرياض', '2020-02-17 15:02:16', '2020-02-17 15:02:16', NULL),
(3, 2, 'en', 'Jeddah', '2020-02-17 15:05:43', '2020-02-17 15:05:43', NULL),
(4, 2, 'ar', 'جدة', '2020-02-17 15:05:43', '2020-02-17 15:05:43', NULL),
(5, 3, 'en', 'Dammam', '2020-02-17 15:06:00', '2020-02-17 15:06:00', NULL),
(6, 3, 'ar', 'الدمام', '2020-02-17 15:06:00', '2020-02-17 15:06:00', NULL),
(7, 4, 'en', 'Khobar', '2020-02-17 15:06:18', '2020-02-17 15:06:18', NULL),
(8, 4, 'ar', 'الخبر', '2020-02-17 15:06:18', '2020-02-17 15:06:18', NULL),
(9, 5, 'en', 'Abha', '2020-02-17 15:06:33', '2020-02-17 15:06:33', NULL),
(10, 5, 'ar', 'أبها', '2020-02-17 15:06:33', '2020-02-17 15:06:33', NULL),
(11, 6, 'en', 'Buraidah', '2020-02-17 15:08:37', '2020-02-17 15:08:37', NULL),
(12, 6, 'ar', 'بريده', '2020-02-17 15:08:37', '2020-02-17 15:08:37', NULL),
(13, 7, 'en', 'Madina', '2020-02-17 15:08:55', '2020-02-17 15:08:55', NULL),
(14, 7, 'ar', 'المدينة المنورة', '2020-02-17 15:08:55', '2020-02-17 15:08:55', NULL),
(15, 8, 'en', 'Ha\'il', '2020-02-17 15:09:18', '2020-02-17 15:09:18', NULL),
(16, 8, 'ar', 'حائل', '2020-02-17 15:09:19', '2020-02-17 15:09:19', NULL),
(17, 9, 'en', 'Khamis Mushait', '2020-02-17 15:09:32', '2020-02-17 15:09:32', NULL),
(18, 9, 'ar', 'خميس مشيط', '2020-02-17 15:09:32', '2020-02-17 15:09:32', NULL),
(19, 10, 'en', 'Tabuk', '2020-02-17 15:09:46', '2020-02-17 15:09:46', NULL),
(20, 10, 'ar', 'تبوك', '2020-02-17 15:09:46', '2020-02-17 15:09:46', NULL),
(21, 11, 'en', 'Najran', '2020-02-17 15:10:04', '2020-02-17 15:10:04', NULL),
(22, 11, 'ar', 'نجران', '2020-02-17 15:10:04', '2020-02-17 15:10:04', NULL),
(23, 12, 'en', 'Unaizah', '2020-02-17 15:10:17', '2020-02-17 15:10:17', NULL),
(24, 12, 'ar', 'عنيزة', '2020-02-17 15:10:17', '2020-02-17 15:10:17', NULL),
(25, 13, 'en', 'Makkah', '2020-02-17 15:10:32', '2020-02-17 15:10:32', NULL),
(26, 13, 'ar', 'مكة', '2020-02-17 15:10:33', '2020-02-17 15:10:33', NULL),
(27, 14, 'en', 'AlAhsa', '2020-02-17 15:10:46', '2020-02-17 15:10:46', NULL),
(28, 14, 'ar', 'الأحساء', '2020-02-17 15:10:46', '2020-02-17 15:10:46', NULL),
(29, 15, 'en', 'Qatif', '2020-02-17 15:11:15', '2020-02-17 15:11:15', NULL),
(30, 15, 'ar', 'القطيف', '2020-02-17 15:11:15', '2020-02-17 15:11:15', NULL),
(31, 16, 'en', 'Jubail', '2020-02-17 15:11:50', '2020-02-17 15:11:50', NULL),
(32, 16, 'ar', 'الجبيل', '2020-02-17 15:11:50', '2020-02-17 15:11:50', NULL),
(33, 17, 'en', 'Taif', '2020-02-17 15:12:01', '2020-02-17 15:12:01', NULL),
(34, 17, 'ar', 'الطائف', '2020-02-17 15:12:01', '2020-02-17 15:12:01', NULL),
(35, 18, 'en', 'Al Kharj', '2020-02-17 15:12:13', '2020-02-17 15:12:13', NULL),
(36, 18, 'ar', 'الخرج', '2020-02-17 15:12:13', '2020-02-17 15:12:13', NULL),
(37, 19, 'en', 'Majmaah', '2020-02-17 15:12:25', '2020-02-17 15:12:25', NULL),
(38, 19, 'ar', 'المجمعة', '2020-02-17 15:12:25', '2020-02-17 15:12:25', NULL),
(39, 20, 'en', 'Shaqra', '2020-02-17 15:12:39', '2020-02-17 15:12:39', NULL),
(40, 20, 'ar', 'شقراء', '2020-02-17 15:12:39', '2020-02-17 15:12:39', NULL),
(41, 21, 'en', 'Dawadmi', '2020-02-17 15:12:51', '2020-02-17 15:12:51', NULL),
(42, 21, 'ar', 'الدوادمي', '2020-02-17 15:12:51', '2020-02-17 15:12:51', NULL),
(43, 22, 'en', 'Hafar Al-Batin', '2020-02-17 15:13:02', '2020-02-17 15:13:02', NULL),
(44, 22, 'ar', 'حفر الباطن', '2020-02-17 15:13:02', '2020-02-17 15:13:02', NULL),
(45, 23, 'en', 'Yanbu', '2020-02-17 15:13:16', '2020-02-17 15:13:16', NULL),
(46, 23, 'ar', 'ينبع', '2020-02-17 15:13:16', '2020-02-17 15:13:16', NULL),
(47, 24, 'en', 'Sakakah', '2020-02-17 15:13:28', '2020-02-17 15:13:28', NULL),
(48, 24, 'ar', 'سكاكا', '2020-02-17 15:13:28', '2020-02-17 15:13:28', NULL),
(49, 25, 'en', 'Qurayyat', '2020-02-17 15:13:41', '2020-02-17 15:13:41', NULL),
(50, 25, 'ar', 'القريات', '2020-02-17 15:13:41', '2020-02-17 15:13:41', NULL),
(51, 26, 'en', 'Ar Rass', '2020-02-17 15:13:53', '2020-02-17 15:13:53', NULL),
(52, 26, 'ar', 'الرس', '2020-02-17 15:13:53', '2020-02-17 15:13:53', NULL),
(53, 27, 'en', 'Al Mithnab', '2020-02-17 15:14:05', '2020-03-28 16:31:19', NULL),
(54, 27, 'ar', 'المذنب', '2020-02-17 15:14:05', '2020-02-17 15:14:05', NULL),
(55, 28, 'en', 'Jizan', '2020-02-17 15:14:23', '2020-02-17 15:14:23', NULL),
(56, 28, 'ar', 'جازان', '2020-02-17 15:14:23', '2020-03-28 16:31:11', NULL),
(57, 29, 'en', 'Arar', '2020-02-17 15:14:34', '2020-02-17 15:14:34', NULL),
(58, 29, 'ar', 'عرعر', '2020-02-17 15:14:34', '2020-02-17 15:14:34', NULL),
(59, 30, 'en', 'Al Mubarraz', '2020-02-17 15:17:02', '2020-02-17 15:17:02', NULL),
(60, 30, 'ar', 'المبرز', '2020-02-17 15:17:02', '2020-02-17 15:17:02', NULL),
(61, 31, 'en', 'Al Hufuf', '2020-02-17 15:17:10', '2020-02-17 15:17:20', NULL),
(62, 31, 'ar', 'الهفوف', '2020-02-17 15:17:10', '2020-02-17 15:17:10', NULL),
(63, 32, 'en', 'Amman', '2020-02-17 15:49:23', '2020-03-28 18:39:52', NULL),
(64, 32, 'ar', 'عمان', '2020-02-17 15:49:23', '2020-02-17 15:49:23', NULL),
(65, 33, 'en', 'Irbid', '2020-02-17 15:49:59', '2020-02-17 15:49:59', NULL),
(66, 33, 'ar', 'إربد', '2020-02-17 15:49:59', '2020-02-17 15:49:59', NULL),
(67, 34, 'en', 'Ajloun', '2020-02-17 15:50:32', '2020-02-17 15:50:32', NULL),
(68, 34, 'ar', 'عجلون', '2020-02-17 15:50:32', '2020-03-28 18:39:41', NULL),
(69, 35, 'en', 'Abu Dhabi', '2020-02-17 15:51:19', '2020-02-17 15:51:19', NULL),
(70, 35, 'ar', 'أبو ظبي', '2020-02-17 15:51:19', '2020-02-17 15:51:19', NULL),
(71, 36, 'en', 'Ajman', '2020-02-17 15:51:31', '2020-02-17 15:51:31', NULL),
(72, 36, 'ar', 'عجمان', '2020-02-17 15:51:31', '2020-02-17 15:51:31', NULL),
(73, 37, 'en', 'Dubai', '2020-02-17 15:51:59', '2020-02-17 15:51:59', NULL),
(74, 37, 'ar', 'دبي', '2020-02-17 15:51:59', '2020-02-17 15:51:59', NULL),
(75, 38, 'en', 'Fujairah', '2020-02-17 15:52:06', '2020-02-17 15:52:06', NULL),
(76, 38, 'ar', 'الفجيرة', '2020-02-17 15:52:06', '2020-02-17 15:52:06', NULL),
(77, 39, 'en', 'Ras Al Khaimah', '2020-02-17 15:52:20', '2020-02-17 15:52:20', NULL),
(78, 39, 'ar', 'رأس الخيمة', '2020-02-17 15:52:20', '2020-02-17 15:52:20', NULL),
(79, 40, 'en', 'Sharjah', '2020-02-17 15:52:31', '2020-02-17 15:52:31', NULL),
(80, 40, 'ar', 'الشارقة', '2020-02-17 15:52:31', '2020-02-17 15:52:31', NULL),
(81, 41, 'en', 'Umm Al Quwain', '2020-02-17 15:52:48', '2020-02-17 15:52:48', NULL),
(82, 41, 'ar', 'أم القيوين', '2020-02-17 15:52:48', '2020-02-17 15:52:48', NULL),
(83, 42, 'en', 'Manama', '2020-02-17 15:53:59', '2020-02-17 15:53:59', NULL),
(84, 42, 'ar', 'المنامة', '2020-02-17 15:53:59', '2020-02-17 15:53:59', NULL),
(85, 43, 'en', 'Muharraq', '2020-02-17 15:57:46', '2020-02-17 15:57:46', NULL),
(86, 43, 'ar', 'المحرق', '2020-02-17 15:57:46', '2020-02-17 15:57:46', NULL),
(87, 44, 'en', 'Sitra (Bahrain)', '2020-02-17 15:58:09', '2020-02-17 15:58:09', NULL),
(88, 44, 'ar', 'سترة (البحرين)', '2020-02-17 15:58:09', '2020-02-17 15:58:09', NULL),
(89, 45, 'en', 'Riffa', '2020-02-17 16:04:05', '2020-02-17 16:04:05', NULL),
(90, 45, 'ar', 'الرفاع', '2020-02-17 16:04:06', '2020-02-17 16:04:06', NULL),
(91, 46, 'en', 'Hamad town', '2020-02-17 16:04:14', '2020-02-17 16:04:14', NULL),
(92, 46, 'ar', 'مدينة حمد', '2020-02-17 16:04:14', '2020-02-17 16:04:14', NULL),
(93, 47, 'en', 'Issa Town', '2020-02-17 16:04:25', '2020-02-17 16:04:25', NULL),
(94, 47, 'ar', 'مدينة عيسى', '2020-02-17 16:04:25', '2020-02-17 16:04:25', NULL),
(95, 48, 'en', 'Jid Hafs', '2020-02-17 16:04:35', '2020-02-17 16:04:35', NULL),
(96, 48, 'ar', 'جد حفص', '2020-02-17 16:04:35', '2020-02-17 16:04:35', NULL),
(97, 49, 'en', 'AlHad', '2020-02-17 16:04:51', '2020-02-17 16:04:51', NULL),
(98, 49, 'ar', 'الحد', '2020-02-17 16:04:51', '2020-02-17 16:04:51', NULL),
(99, 50, 'en', 'Aldraz', '2020-02-17 16:05:07', '2020-02-17 16:05:07', NULL),
(100, 50, 'ar', 'الدراز', '2020-02-17 16:05:07', '2020-02-17 16:05:07', NULL),
(101, 53, 'en', 'Aljaza’er', '2020-03-28 16:24:23', '2020-03-28 16:24:23', NULL),
(102, 53, 'ar', 'الجزائر', '2020-03-28 16:24:23', '2020-03-28 16:24:23', NULL),
(103, 54, 'en', 'Aljaza’er', '2020-03-28 16:24:24', '2020-03-28 16:24:24', NULL),
(104, 54, 'ar', 'الجزائر', '2020-03-28 16:24:24', '2020-03-28 16:24:24', NULL),
(105, 55, 'en', 'Cairo', '2020-03-28 16:26:53', '2020-03-28 16:26:53', NULL),
(106, 55, 'ar', 'القاهرة', '2020-03-28 16:26:53', '2020-03-28 16:26:53', NULL),
(107, 56, 'en', 'Baghdad', '2020-03-28 16:27:17', '2020-03-28 16:27:17', NULL),
(108, 56, 'ar', 'بغداد', '2020-03-28 16:27:17', '2020-03-28 16:27:17', NULL),
(109, 57, 'en', 'Baghdad', '2020-03-28 16:27:18', '2020-03-28 16:27:18', NULL),
(110, 57, 'ar', 'بغداد', '2020-03-28 16:27:19', '2020-03-28 16:27:19', NULL),
(111, 58, 'en', 'Beirut', '2020-03-28 16:30:38', '2020-03-28 16:30:38', NULL),
(112, 58, 'ar', 'بيروت', '2020-03-28 16:30:38', '2020-03-28 16:30:38', NULL),
(113, 59, 'en', 'Trablos', '2020-03-28 16:38:31', '2020-03-28 16:38:31', NULL),
(114, 59, 'ar', 'طرابلس', '2020-03-28 16:38:31', '2020-03-28 16:38:31', NULL),
(115, 60, 'en', 'Alrabat', '2020-03-28 18:24:16', '2020-03-28 18:24:16', NULL),
(116, 60, 'ar', 'الرباط', '2020-03-28 18:24:16', '2020-03-28 18:24:16', NULL),
(117, 61, 'en', 'Nouakchott', '2020-03-28 18:27:04', '2020-03-28 18:27:04', NULL),
(118, 61, 'ar', 'نواكشوط', '2020-03-28 18:27:05', '2020-03-28 18:27:05', NULL),
(119, 62, 'en', 'Masqat', '2020-03-28 18:27:56', '2020-03-28 18:27:56', NULL),
(120, 62, 'ar', 'مسقط', '2020-03-28 18:27:56', '2020-03-28 18:27:56', NULL),
(121, 63, 'en', 'Gaza', '2020-03-28 18:28:29', '2020-03-28 18:48:42', NULL),
(122, 63, 'ar', 'غزة', '2020-03-28 18:28:29', '2020-03-28 18:28:29', NULL),
(123, 64, 'en', 'Ghaza', '2020-03-28 18:28:31', '2020-03-28 18:47:48', '2020-03-28 18:47:48'),
(124, 64, 'ar', 'غزة', '2020-03-28 18:28:31', '2020-03-28 18:47:48', '2020-03-28 18:47:48'),
(125, 65, 'en', 'Alkhartom', '2020-03-28 18:29:17', '2020-03-28 18:29:17', NULL),
(126, 65, 'ar', 'الخرطوم', '2020-03-28 18:29:17', '2020-03-28 18:29:17', NULL),
(127, 66, 'en', 'Damascus', '2020-03-28 18:32:21', '2020-03-28 18:32:21', NULL),
(128, 66, 'ar', 'دمشق', '2020-03-28 18:32:21', '2020-03-28 18:32:21', NULL),
(129, 67, 'en', 'Tunis', '2020-03-28 18:32:46', '2020-03-28 18:32:46', NULL),
(130, 67, 'ar', 'تونس', '2020-03-28 18:32:46', '2020-03-28 18:32:46', NULL),
(131, 68, 'en', 'Sana’a', '2020-03-28 18:34:17', '2020-03-28 18:34:17', NULL),
(132, 68, 'ar', 'صنعاء', '2020-03-28 18:34:17', '2020-03-28 18:34:17', NULL),
(133, 69, 'en', 'Sana’a', '2020-03-28 18:34:19', '2020-03-28 18:47:40', '2020-03-28 18:47:40'),
(134, 69, 'ar', 'صنعاء', '2020-03-28 18:34:19', '2020-03-28 18:47:40', '2020-03-28 18:47:40'),
(135, 70, 'en', 'AlBaha', '2020-06-13 13:51:00', '2020-06-13 13:51:00', NULL),
(136, 70, 'ar', 'الباحه', '2020-06-13 13:51:00', '2020-06-13 13:51:00', NULL);

-- --------------------------------------------------------

--
-- Table structure for table `contacts`
--

CREATE TABLE `contacts` (
  `id` int(11) NOT NULL,
  `user_id` varchar(22) COLLATE utf8_unicode_ci NOT NULL,
  `fullname` varchar(300) COLLATE utf8_unicode_ci NOT NULL,
  `email` varchar(300) COLLATE utf8_unicode_ci NOT NULL,
  `mobile` varchar(15) COLLATE utf8_unicode_ci NOT NULL,
  `type` varchar(255) COLLATE utf8_unicode_ci DEFAULT NULL,
  `title` varchar(255) COLLATE utf8_unicode_ci DEFAULT NULL,
  `comment` text COLLATE utf8_unicode_ci NOT NULL,
  `created_at` timestamp NOT NULL DEFAULT CURRENT_TIMESTAMP,
  `updated_at` timestamp NULL DEFAULT NULL,
  `deleted_at` timestamp NULL DEFAULT NULL
) ENGINE=InnoDB DEFAULT CHARSET=utf8 COLLATE=utf8_unicode_ci;

--
-- Dumping data for table `contacts`
--

INSERT INTO `contacts` (`id`, `user_id`, `fullname`, `email`, `mobile`, `type`, `title`, `comment`, `created_at`, `updated_at`, `deleted_at`) VALUES
(2, '55', 'momohamedhddd', 'mohamed@gmail.com', '+970599895357', 'problem', 'dfgrerger', 'rweghkjgfkerjghkrejghdsfg', '2020-09-04 08:28:04', '2020-09-04 08:28:04', NULL);

-- --------------------------------------------------------

--
-- Table structure for table `currencies`
--

CREATE TABLE `currencies` (
  `id` int(11) NOT NULL,
  `createdBy` int(11) NOT NULL,
  `status` enum('active','not_active') COLLATE utf8_unicode_ci NOT NULL DEFAULT 'not_active',
  `order_by` int(11) DEFAULT NULL,
  `created_at` timestamp NOT NULL DEFAULT CURRENT_TIMESTAMP,
  `updated_at` timestamp NOT NULL DEFAULT '0000-00-00 00:00:00',
  `deleted_at` timestamp NULL DEFAULT NULL
) ENGINE=InnoDB DEFAULT CHARSET=utf8 COLLATE=utf8_unicode_ci;

--
-- Dumping data for table `currencies`
--

INSERT INTO `currencies` (`id`, `createdBy`, `status`, `order_by`, `created_at`, `updated_at`, `deleted_at`) VALUES
(1, 1, 'active', 1, '2018-01-24 12:03:56', '0000-00-00 00:00:00', NULL);

-- --------------------------------------------------------

--
-- Table structure for table `currency_translations`
--

CREATE TABLE `currency_translations` (
  `id` int(11) NOT NULL,
  `currency_id` int(11) NOT NULL,
  `locale` varchar(300) COLLATE utf8_unicode_ci NOT NULL,
  `title` varchar(300) COLLATE utf8_unicode_ci NOT NULL,
  `created_at` timestamp NOT NULL DEFAULT CURRENT_TIMESTAMP,
  `updated_at` timestamp NOT NULL DEFAULT '0000-00-00 00:00:00',
  `deleted_at` timestamp NULL DEFAULT NULL
) ENGINE=InnoDB DEFAULT CHARSET=utf8 COLLATE=utf8_unicode_ci;

--
-- Dumping data for table `currency_translations`
--

INSERT INTO `currency_translations` (`id`, `currency_id`, `locale`, `title`, `created_at`, `updated_at`, `deleted_at`) VALUES
(1, 1, 'en', 'D.K', '2018-01-24 12:04:09', '0000-00-00 00:00:00', NULL),
(2, 1, 'ar', 'د.ك', '2018-01-24 12:04:42', '0000-00-00 00:00:00', NULL);

-- --------------------------------------------------------

--
-- Table structure for table `department_users`
--

CREATE TABLE `department_users` (
  `id` int(11) NOT NULL,
  `user_id` int(11) NOT NULL,
  `category_id` int(11) NOT NULL,
  `created_at` timestamp NOT NULL DEFAULT CURRENT_TIMESTAMP,
  `updated_at` timestamp NULL DEFAULT NULL
) ENGINE=InnoDB DEFAULT CHARSET=utf8mb4 COLLATE=utf8mb4_unicode_ci;

--
-- Dumping data for table `department_users`
--

INSERT INTO `department_users` (`id`, `user_id`, `category_id`, `created_at`, `updated_at`) VALUES
(2, 1, 3, '2018-09-18 08:05:24', '2018-09-18 08:05:24'),
(17, 10, 2, '2018-10-04 13:25:55', '2018-10-04 13:25:55'),
(18, 10, 5, '2018-10-04 13:25:55', '2018-10-04 13:25:55'),
(19, 6, 2, '2018-10-04 13:49:28', '2018-10-04 13:49:28'),
(20, 9, 2, '2018-10-04 13:49:28', '2018-10-04 13:49:28'),
(21, 2, 2, '2018-10-04 13:49:42', '2018-10-04 13:49:42'),
(22, 13, 2, '2018-10-07 17:26:52', '2018-10-07 17:26:52'),
(23, 13, 3, '2018-10-07 17:26:52', '2018-10-07 17:26:52'),
(24, 13, 1, '2018-10-07 17:26:52', '2018-10-07 17:26:52'),
(28, 14, 1, '2018-10-09 20:26:45', '2018-10-09 20:26:45'),
(29, 17, 2, '2018-10-10 18:25:59', '2018-10-10 18:25:59'),
(30, 17, 3, '2018-10-10 18:25:59', '2018-10-10 18:25:59'),
(33, 18, 2, '2018-10-10 21:35:21', '2018-10-10 21:35:21'),
(34, 21, 1, '2018-10-11 19:16:52', '2018-10-11 19:16:52'),
(35, 21, 2, '2018-10-11 19:16:52', '2018-10-11 19:16:52'),
(36, 21, 3, '2018-10-11 19:16:52', '2018-10-11 19:16:52'),
(37, 21, 4, '2018-10-11 19:16:52', '2018-10-11 19:16:52'),
(38, 21, 5, '2018-10-11 19:16:52', '2018-10-11 19:16:52'),
(39, 21, 7, '2018-10-11 19:16:52', '2018-10-11 19:16:52'),
(40, 21, 8, '2018-10-11 19:16:52', '2018-10-11 19:16:52'),
(41, 21, 9, '2018-10-11 19:16:52', '2018-10-11 19:16:52'),
(42, 21, 10, '2018-10-11 19:16:52', '2018-10-11 19:16:52'),
(43, 21, 11, '2018-10-11 19:16:52', '2018-10-11 19:16:52'),
(44, 21, 12, '2018-10-11 19:16:52', '2018-10-11 19:16:52'),
(45, 21, 13, '2018-10-11 19:16:52', '2018-10-11 19:16:52'),
(46, 21, 14, '2018-10-11 19:16:52', '2018-10-11 19:16:52'),
(47, 21, 15, '2018-10-11 19:16:52', '2018-10-11 19:16:52'),
(48, 23, 1, '2018-10-11 19:19:58', '2018-10-11 19:19:58'),
(49, 23, 2, '2018-10-11 19:19:58', '2018-10-11 19:19:58'),
(50, 23, 3, '2018-10-11 19:19:58', '2018-10-11 19:19:58'),
(51, 23, 4, '2018-10-11 19:19:58', '2018-10-11 19:19:58'),
(52, 23, 5, '2018-10-11 19:19:58', '2018-10-11 19:19:58'),
(53, 23, 7, '2018-10-11 19:19:58', '2018-10-11 19:19:58'),
(54, 23, 8, '2018-10-11 19:19:58', '2018-10-11 19:19:58'),
(55, 23, 9, '2018-10-11 19:19:58', '2018-10-11 19:19:58'),
(56, 23, 10, '2018-10-11 19:19:58', '2018-10-11 19:19:58'),
(57, 23, 11, '2018-10-11 19:19:58', '2018-10-11 19:19:58'),
(58, 23, 12, '2018-10-11 19:19:58', '2018-10-11 19:19:58'),
(59, 23, 13, '2018-10-11 19:19:58', '2018-10-11 19:19:58'),
(60, 23, 14, '2018-10-11 19:19:58', '2018-10-11 19:19:58'),
(61, 23, 15, '2018-10-11 19:19:58', '2018-10-11 19:19:58'),
(62, 26, 1, '2018-10-14 13:34:03', '2018-10-14 13:34:03'),
(63, 26, 2, '2018-10-14 13:34:03', '2018-10-14 13:34:03'),
(64, 26, 3, '2018-10-14 13:34:03', '2018-10-14 13:34:03'),
(65, 26, 4, '2018-10-14 13:34:03', '2018-10-14 13:34:03'),
(66, 26, 5, '2018-10-14 13:34:03', '2018-10-14 13:34:03'),
(67, 26, 7, '2018-10-14 13:34:03', '2018-10-14 13:34:03'),
(68, 26, 8, '2018-10-14 13:34:03', '2018-10-14 13:34:03'),
(69, 26, 9, '2018-10-14 13:34:03', '2018-10-14 13:34:03'),
(70, 26, 10, '2018-10-14 13:34:03', '2018-10-14 13:34:03'),
(71, 26, 11, '2018-10-14 13:34:03', '2018-10-14 13:34:03'),
(72, 26, 12, '2018-10-14 13:34:03', '2018-10-14 13:34:03'),
(73, 26, 13, '2018-10-14 13:34:03', '2018-10-14 13:34:03'),
(74, 26, 14, '2018-10-14 13:34:03', '2018-10-14 13:34:03'),
(75, 26, 15, '2018-10-14 13:34:03', '2018-10-14 13:34:03'),
(76, 29, 1, '2018-10-16 16:14:15', '2018-10-16 16:14:15'),
(77, 29, 2, '2018-10-16 16:14:15', '2018-10-16 16:14:15'),
(78, 29, 4, '2018-10-16 16:14:15', '2018-10-16 16:14:15'),
(79, 29, 3, '2018-10-16 16:14:15', '2018-10-16 16:14:15'),
(80, 29, 5, '2018-10-16 16:14:15', '2018-10-16 16:14:15'),
(81, 29, 7, '2018-10-16 16:14:15', '2018-10-16 16:14:15'),
(82, 29, 8, '2018-10-16 16:14:15', '2018-10-16 16:14:15'),
(83, 29, 9, '2018-10-16 16:14:15', '2018-10-16 16:14:15'),
(84, 29, 10, '2018-10-16 16:14:15', '2018-10-16 16:14:15'),
(85, 29, 11, '2018-10-16 16:14:15', '2018-10-16 16:14:15'),
(86, 29, 12, '2018-10-16 16:14:15', '2018-10-16 16:14:15'),
(87, 29, 13, '2018-10-16 16:14:15', '2018-10-16 16:14:15'),
(88, 29, 14, '2018-10-16 16:14:15', '2018-10-16 16:14:15'),
(89, 29, 15, '2018-10-16 16:14:15', '2018-10-16 16:14:15'),
(90, 30, 2, '2018-10-16 20:25:59', '2018-10-16 20:25:59'),
(91, 30, 3, '2018-10-16 20:25:59', '2018-10-16 20:25:59'),
(92, 30, 4, '2018-10-16 20:25:59', '2018-10-16 20:25:59'),
(93, 30, 5, '2018-10-16 20:25:59', '2018-10-16 20:25:59'),
(94, 31, 2, '2018-10-16 21:17:57', '2018-10-16 21:17:57'),
(95, 33, 7, '2018-10-18 14:35:24', '2018-10-18 14:35:24'),
(97, 43, 4, '2018-10-22 16:10:34', '2018-10-22 16:10:34'),
(98, 43, 5, '2018-10-22 16:10:34', '2018-10-22 16:10:34'),
(99, 43, 6, '2018-10-22 16:10:34', '2018-10-22 16:10:34'),
(100, 43, 7, '2018-10-22 16:10:34', '2018-10-22 16:10:34'),
(101, 43, 15, '2018-10-22 16:10:34', '2018-10-22 16:10:34'),
(102, 43, 16, '2018-10-22 16:10:34', '2018-10-22 16:10:34'),
(103, 43, 14, '2018-10-22 16:10:34', '2018-10-22 16:10:34'),
(104, 43, 12, '2018-10-22 16:10:34', '2018-10-22 16:10:34'),
(105, 43, 1, '2018-10-22 16:10:34', '2018-10-22 16:10:34'),
(106, 43, 2, '2018-10-22 16:10:34', '2018-10-22 16:10:34'),
(107, 43, 3, '2018-10-22 16:10:34', '2018-10-22 16:10:34');

-- --------------------------------------------------------

--
-- Table structure for table `favourites`
--

CREATE TABLE `favourites` (
  `id` int(30) NOT NULL,
  `user_id` int(30) NOT NULL,
  `product_id` int(30) NOT NULL,
  `status` int(11) NOT NULL DEFAULT '0',
  `created_at` timestamp NOT NULL DEFAULT CURRENT_TIMESTAMP ON UPDATE CURRENT_TIMESTAMP,
  `updated_at` timestamp NOT NULL DEFAULT '0000-00-00 00:00:00',
  `deleted_at` timestamp NULL DEFAULT NULL
) ENGINE=InnoDB DEFAULT CHARSET=utf8;

--
-- Dumping data for table `favourites`
--

INSERT INTO `favourites` (`id`, `user_id`, `product_id`, `status`, `created_at`, `updated_at`, `deleted_at`) VALUES
(2, 2, 3, 0, '2018-01-25 09:37:21', '2018-01-25 09:37:21', NULL),
(3, 2, 2, 0, '2018-01-25 09:37:37', '2018-01-25 09:37:37', NULL),
(4, 33, 2, 1, '2018-04-11 06:08:44', '2018-04-11 03:08:44', NULL);

-- --------------------------------------------------------

--
-- Table structure for table `helps`
--

CREATE TABLE `helps` (
  `id` int(11) NOT NULL,
  `status` enum('Active','not_active') COLLATE utf8_unicode_ci NOT NULL DEFAULT 'Active',
  `created_at` timestamp NOT NULL DEFAULT CURRENT_TIMESTAMP,
  `updated_at` timestamp NULL DEFAULT NULL,
  `deleted_at` timestamp NULL DEFAULT NULL
) ENGINE=MyISAM DEFAULT CHARSET=utf8 COLLATE=utf8_unicode_ci;

--
-- Dumping data for table `helps`
--

INSERT INTO `helps` (`id`, `status`, `created_at`, `updated_at`, `deleted_at`) VALUES
(1, 'Active', '2018-06-25 05:43:06', '2018-07-05 16:39:42', '2018-07-05 16:39:42'),
(2, 'Active', '2018-06-25 05:43:11', '2018-07-03 12:28:35', '2018-07-03 12:28:35'),
(3, 'Active', '2018-06-25 05:59:08', '2018-07-05 16:39:42', '2018-07-05 16:39:42'),
(4, 'Active', '2018-06-25 05:59:11', '2018-07-03 12:17:32', '2018-07-03 12:17:32'),
(5, 'Active', '2018-07-03 13:27:30', '2018-07-05 16:39:42', '2018-07-05 16:39:42'),
(6, 'Active', '2018-07-03 13:34:03', '2018-07-05 16:39:42', '2018-07-05 16:39:42'),
(7, 'Active', '2018-07-03 13:36:09', '2018-07-05 16:39:42', '2018-07-05 16:39:42'),
(8, 'Active', '2018-07-05 16:37:06', '2018-07-05 16:37:06', NULL),
(9, 'Active', '2018-07-05 16:37:47', '2018-07-05 16:37:47', NULL),
(10, 'Active', '2018-07-05 16:38:27', '2018-07-05 16:38:27', NULL);

-- --------------------------------------------------------

--
-- Table structure for table `help_translations`
--

CREATE TABLE `help_translations` (
  `id` int(11) NOT NULL,
  `help_id` int(11) NOT NULL,
  `locale` varchar(11) COLLATE utf8_unicode_ci NOT NULL,
  `question` varchar(255) COLLATE utf8_unicode_ci NOT NULL,
  `answer` text COLLATE utf8_unicode_ci NOT NULL,
  `created_at` timestamp NOT NULL DEFAULT CURRENT_TIMESTAMP,
  `updated_at` timestamp NULL DEFAULT NULL,
  `deleted_at` timestamp NULL DEFAULT NULL
) ENGINE=MyISAM DEFAULT CHARSET=utf8 COLLATE=utf8_unicode_ci;

--
-- Dumping data for table `help_translations`
--

INSERT INTO `help_translations` (`id`, `help_id`, `locale`, `question`, `answer`, `created_at`, `updated_at`, `deleted_at`) VALUES
(1, 1, 'en', 'ssdsdsfsdsgsdgdsfgfddfha', 'gsfgsdfsdfbsdfbsfbdbdfbdsgbdsfsb fv dfsgsfgsfvsfsfdbsdfbdfsbsfbasf', '2018-06-25 05:43:41', NULL, NULL),
(2, 1, 'ar', 'ssdsdsfsdsgsdgdsfgfddfha', 'gsfgsdfsdfbsdfbsfbdbdfbdsgbdsfsb fv dfsgsfgsfvsfsfdbsdfbdfsbsfbasf', '2018-06-25 05:43:44', NULL, NULL),
(3, 2, 'en', 'dsfsdflsdhblkjfsdh', 'fngvjkfdhbjvdfsbhfd', '2018-06-25 05:44:11', NULL, NULL),
(4, 2, 'ar', 'dsfsdflsdhblkjfsdh', 'fngvjkfdhbjvdfsbhfd', '2018-06-25 05:44:15', NULL, NULL),
(5, 3, 'en', 'dfwefrwegwgw', 'rwgwqrwqgegwegwqregrwgrewgrwg', '2018-06-25 05:59:32', NULL, NULL),
(6, 3, 'ar', 'dfwefrwegwgw', 'rwgwqrwqgegwegwqregrwgrewgrwg', '2018-06-25 05:59:36', NULL, NULL),
(7, 4, 'en', 'rgegegerhetwhewrthrewr', 'qhwerhewrhwerhwerewhewhrewhew', '2018-06-25 05:59:52', NULL, NULL),
(8, 4, 'ar', 'rgegegerhetwhewrthrewr', 'qhwerhewrhwerhwerewhewhrewhew', '2018-06-25 05:59:55', NULL, NULL),
(9, 5, 'en', 'efwfewqfwefwe', 'wrgwrgwergweg', '2018-07-03 13:27:30', '2018-07-03 13:27:30', NULL),
(10, 5, 'ar', 'wgfwgfwergwer', 'rwgwregrewgrg', '2018-07-03 13:27:30', '2018-07-03 13:27:30', NULL),
(11, 6, 'en', 'dsdssddsdssdsddsdds', 'sddsfdsfsdfdsfdsfdsf', '2018-07-03 13:34:03', '2018-07-03 13:34:03', NULL),
(12, 6, 'ar', 'سيبليشليسشبثشيليشليسل', 'سيبليشليسشبثشيليشليسل', '2018-07-03 13:34:03', '2018-07-03 13:34:03', NULL),
(13, 7, 'en', 'dsdssddsdssdsddsdds', 'sddsfdsfsdfdsfdsfdsf', '2018-07-03 13:36:09', '2018-07-03 13:36:09', NULL),
(14, 7, 'ar', 'dsdssddsdssdsddsdds', 'sddsfdsfsdfdsfdsfdsf', '2018-07-03 13:36:09', '2018-07-03 13:36:09', NULL),
(15, 8, 'en', 'Ask for Quotation', 'Ask for Quotation Ask for Quotation Ask for Quotation Ask for Quotation Ask for Quotation', '2018-07-05 16:37:06', '2018-07-05 16:37:06', NULL),
(16, 8, 'ar', 'السؤال الأول', 'الجواب الأول الجواب الأول الجواب الأول الجواب الأول الجواب الأول الجواب الأول الجواب الأول الجواب الأول الجواب الأول', '2018-07-05 16:37:06', '2018-07-05 16:37:06', NULL),
(17, 9, 'en', 'FAQS 02', 'FAQS 02 FAQS 02 FAQS 02 FAQS 02 FAQS 02 FAQS 02 FAQS 02 FAQS 02 FAQS 02 FAQS 02 FAQS 02', '2018-07-05 16:37:47', '2018-07-05 16:37:47', NULL),
(18, 9, 'ar', 'السؤال بالعربي', 'السؤال بالعربي *  السؤال بالعربي *  السؤال بالعربي *  السؤال بالعربي *  السؤال بالعربي *  السؤال بالعربي *  السؤال بالعربي *  السؤال بالعربي *', '2018-07-05 16:37:47', '2018-07-05 16:37:47', NULL),
(19, 10, 'en', 'FAQS 03', 'FAQS 03 FAQS 03 FAQS 03 FAQS 03 FAQS 03 FAQS 03 FAQS 03 FAQS 03 FAQS 03 FAQS 03 FAQS 03 FAQS 03 FAQS 03 FAQS 03 FAQS 03 FAQS 03 FAQS 03', '2018-07-05 16:38:27', '2018-07-05 16:38:27', NULL),
(20, 10, 'ar', 'السؤال بالعربي 03', 'السؤال بالعربي 03  السؤال بالعربي 03  السؤال بالعربي 03  السؤال بالعربي 03  السؤال بالعربي 03  السؤال بالعربي 03  السؤال بالعربي 03  السؤال بالعربي 03  السؤال بالعربي 03  السؤال بالعربي 03  السؤال بالعربي 03  السؤال بالعربي 03  السؤال بالعربي 03  السؤال بالعربي 03  السؤال بالعربي 03  السؤال بالعربي 03  السؤال بالعربي 03  السؤال بالعربي 03  السؤال بالعربي 03', '2018-07-05 16:38:27', '2018-07-05 16:38:27', NULL);

-- --------------------------------------------------------

--
-- Table structure for table `lands`
--

CREATE TABLE `lands` (
  `id` int(11) NOT NULL,
  `status` enum('Active','not_active') COLLATE utf8_unicode_ci NOT NULL DEFAULT 'Active',
  `logo` varchar(225) COLLATE utf8_unicode_ci NOT NULL,
  `created_at` timestamp NOT NULL DEFAULT CURRENT_TIMESTAMP,
  `updated_at` timestamp NULL DEFAULT NULL,
  `deleted_at` timestamp NULL DEFAULT NULL
) ENGINE=MyISAM DEFAULT CHARSET=utf8 COLLATE=utf8_unicode_ci;

--
-- Dumping data for table `lands`
--

INSERT INTO `lands` (`id`, `status`, `logo`, `created_at`, `updated_at`, `deleted_at`) VALUES
(1, 'Active', 'http://medoz.linekw.com/front-end/images/event.png', '2018-06-24 10:07:36', NULL, NULL),
(2, 'Active', 'http://medoz.linekw.com/front-end/images/startup.png', '2018-06-24 10:07:40', NULL, NULL),
(3, 'Active', 'http://medoz.linekw.com/front-end/images/list.png', '2018-06-24 10:07:52', NULL, NULL);

-- --------------------------------------------------------

--
-- Table structure for table `land_translations`
--

CREATE TABLE `land_translations` (
  `id` int(11) NOT NULL,
  `land_id` int(11) NOT NULL,
  `locale` varchar(11) COLLATE utf8_unicode_ci NOT NULL,
  `name` varchar(255) COLLATE utf8_unicode_ci NOT NULL,
  `description` text COLLATE utf8_unicode_ci NOT NULL,
  `created_at` timestamp NOT NULL DEFAULT CURRENT_TIMESTAMP,
  `updated_at` timestamp NULL DEFAULT NULL,
  `deleted_at` timestamp NULL DEFAULT NULL
) ENGINE=MyISAM DEFAULT CHARSET=utf8 COLLATE=utf8_unicode_ci;

--
-- Dumping data for table `land_translations`
--

INSERT INTO `land_translations` (`id`, `land_id`, `locale`, `name`, `description`, `created_at`, `updated_at`, `deleted_at`) VALUES
(1, 1, 'en', 'Events', 'Events Events Events Events Events Events Events Events Events Events Events Events', '2018-06-24 10:09:53', '2018-06-24 15:25:00', NULL),
(2, 1, 'ar', 'الاحداث', 'الأحداث الأحداث الأحداث الأحداث الأحداث الأحداث الأحداث الأحداث الأحداث الأحداث الأحداث', '2018-06-24 10:09:56', '2018-06-24 15:25:00', NULL),
(3, 2, 'en', 'Fast', 'Fast Fast Fast Fast Fast Fast Fast Fast Fast Fast Fast Fast Fast Fast Fast Fast Fast Fast Fast Fast Fast Fast', '2018-06-24 10:19:03', NULL, NULL),
(4, 2, 'ar', 'الاسرع', 'الاسرع الاسرعالاسرع الاسرعالاسرعالاسرعا لاسرعالاسرعا لاسرعالاسرعالاسرعالاسرعالاسرعالاسرعالاسرعالاسرعالاسرع', '2018-06-24 10:19:07', '2018-06-24 15:38:14', NULL),
(5, 3, 'en', 'Lists', 'Lists Lists Lists Lists Lists Lists Lists Lists Lists Lists Lists Lists Lists Lists', '2018-06-24 10:20:21', '2018-06-24 15:26:03', NULL),
(6, 3, 'ar', 'قائمة', 'قائمةقائمةقائمةقائمةقائمةقائمةقائمةقائمةق ائمةقائمةقائمةقائمةقائمةقائمةقائمةقائمة قائمةقا ئمةقائمةقائمةقائمةقائمةقائمةقائمةقائمةقائمة', '2018-06-24 10:20:24', '2018-06-24 15:38:34', NULL);

-- --------------------------------------------------------

--
-- Table structure for table `languages`
--

CREATE TABLE `languages` (
  `id` int(11) NOT NULL,
  `lang` varchar(300) COLLATE utf8_unicode_ci NOT NULL,
  `flag` varchar(225) COLLATE utf8_unicode_ci DEFAULT NULL,
  `created_at` timestamp NOT NULL DEFAULT CURRENT_TIMESTAMP,
  `updated_at` timestamp NOT NULL DEFAULT '0000-00-00 00:00:00',
  `deleted_at` timestamp NULL DEFAULT NULL
) ENGINE=InnoDB DEFAULT CHARSET=utf8 COLLATE=utf8_unicode_ci;

--
-- Dumping data for table `languages`
--

INSERT INTO `languages` (`id`, `lang`, `flag`, `created_at`, `updated_at`, `deleted_at`) VALUES
(1, 'en', 'uploads/language/m.png', '2017-10-18 10:36:27', '0000-00-00 00:00:00', NULL),
(2, 'ar', 'uploads/language/s.png', '2017-10-18 10:36:38', '0000-00-00 00:00:00', NULL);

-- --------------------------------------------------------

--
-- Table structure for table `language_translations`
--

CREATE TABLE `language_translations` (
  `id` int(11) NOT NULL,
  `language_id` int(11) NOT NULL,
  `locale` varchar(300) COLLATE utf8_unicode_ci NOT NULL,
  `name` varchar(300) COLLATE utf8_unicode_ci NOT NULL,
  `created_at` timestamp NOT NULL DEFAULT CURRENT_TIMESTAMP,
  `updated_at` timestamp NOT NULL DEFAULT '0000-00-00 00:00:00',
  `deleted_at` timestamp NULL DEFAULT NULL
) ENGINE=InnoDB DEFAULT CHARSET=utf8 COLLATE=utf8_unicode_ci ROW_FORMAT=COMPACT;

--
-- Dumping data for table `language_translations`
--

INSERT INTO `language_translations` (`id`, `language_id`, `locale`, `name`, `created_at`, `updated_at`, `deleted_at`) VALUES
(1, 1, 'en', 'English', '2017-10-19 08:04:44', '0000-00-00 00:00:00', NULL),
(2, 1, 'ar', 'إنجليزي', '2017-10-19 08:04:44', '0000-00-00 00:00:00', NULL),
(3, 2, 'en', 'Arabic', '2017-10-19 08:05:27', '0000-00-00 00:00:00', NULL),
(4, 2, 'ar', 'عربي', '2017-10-19 08:05:27', '0000-00-00 00:00:00', NULL);

-- --------------------------------------------------------

--
-- Table structure for table `migrations`
--

CREATE TABLE `migrations` (
  `id` int(10) UNSIGNED NOT NULL,
  `migration` varchar(255) COLLATE utf8mb4_unicode_ci NOT NULL,
  `batch` int(11) NOT NULL
) ENGINE=InnoDB DEFAULT CHARSET=utf8mb4 COLLATE=utf8mb4_unicode_ci;

--
-- Dumping data for table `migrations`
--

INSERT INTO `migrations` (`id`, `migration`, `batch`) VALUES
(1, '2016_06_01_000001_create_oauth_auth_codes_table', 1),
(2, '2016_06_01_000002_create_oauth_access_tokens_table', 1),
(3, '2016_06_01_000003_create_oauth_refresh_tokens_table', 1),
(4, '2016_06_01_000004_create_oauth_clients_table', 1),
(5, '2016_06_01_000005_create_oauth_personal_access_clients_table', 1);

-- --------------------------------------------------------

--
-- Table structure for table `notification_firbase`
--

CREATE TABLE `notification_firbase` (
  `id` int(11) NOT NULL,
  `user_id` varchar(225) COLLATE utf8_unicode_ci DEFAULT NULL,
  `message` text COLLATE utf8_unicode_ci,
  `object` text COLLATE utf8_unicode_ci,
  `created_at` timestamp NOT NULL DEFAULT CURRENT_TIMESTAMP,
  `updated_at` timestamp NULL DEFAULT NULL
) ENGINE=MyISAM DEFAULT CHARSET=utf8 COLLATE=utf8_unicode_ci;

--
-- Dumping data for table `notification_firbase`
--

INSERT INTO `notification_firbase` (`id`, `user_id`, `message`, `object`, `created_at`, `updated_at`) VALUES
(1, '9', ' اضافة طلب جديد ', '{\"id\":65,\"user_id\":\"15\",\"technical_id\":null,\"order_technical_id\":null,\"category_id\":\"2\",\"vedio\":\"\",\"name\":\"test customer\",\"mobile\":\"+964666666666\",\"email\":\"qqabbb@bbb.bbb\",\"address\":\"address describe\",\"description\":\"hi problem describe now test notification\",\"status_time\":\"1\",\"time\":\"08:36:54\",\"date\":\"2018-09-18\",\"add_work\":null,\"price\":null,\"location\":\"kuwait\",\"lat\":\"33.22319031\",\"lan\":\"43.67929077\",\"status\":\"waiting\",\"response\":null,\"created_at\":\"2018-10-11 10:56:51\",\"images\":[{\"id\":165,\"attatchmentable_id\":\"65\",\"attatchmentable_type\":\"App\\\\Models\\\\Order\",\"image\":\"http:\\/\\/enjaz.hexacit.com\\/uploads\\/order\\/5bbf2c73110d2.jpeg\"},{\"id\":166,\"attatchmentable_id\":\"65\",\"attatchmentable_type\":\"App\\\\Models\\\\Order\",\"image\":\"http:\\/\\/enjaz.hexacit.com\\/uploads\\/order\\/5bbf2c7311d11.png\"}]}', '2018-10-11 17:56:52', '2018-10-11 17:56:52'),
(2, '23', ' اضافة طلب جديد ', '{\"id\":67,\"user_id\":\"22\",\"technical_id\":null,\"order_technical_id\":null,\"category_id\":\"2\",\"vedio\":\"\",\"name\":\"Mostafa C\",\"mobile\":\"+964222555888\",\"email\":\"qee@wgg.hhf\",\"address\":\"Unnamed Road\",\"description\":\"Ghost night has hybrid history good\",\"status_time\":\"0\",\"time\":null,\"date\":null,\"add_work\":null,\"price\":null,\"location\":\"Unnamed Road\",\"lat\":\"31.502528171210706\",\"lan\":\"34.439412876963615\",\"status\":\"waiting\",\"response\":null,\"created_at\":\"2018-10-11 12:28:02\",\"images\":[{\"id\":171,\"attatchmentable_id\":\"67\",\"attatchmentable_type\":\"App\\\\Models\\\\Order\",\"image\":\"http:\\/\\/enjaz.hexacit.com\\/uploads\\/order\\/5bbf41d2bc654.jpeg\"}]}', '2018-10-11 19:28:03', '2018-10-11 19:28:03'),
(3, '9', ' اضافة طلب جديد ', '{\"id\":23,\"technical_id\":\"9\",\"order_id\":\"44\",\"detection_price\":null,\"price\":null,\"days\":null,\"hours\":null,\"lat\":null,\"lan\":null,\"status\":\"completed\",\"created_at\":\"2018-10-11 10:02:41\"}', '2018-10-11 19:29:05', '2018-10-11 19:29:05'),
(4, '9', ' اضافة طلب جديد ', '{\"id\":23,\"technical_id\":\"9\",\"order_id\":\"44\",\"detection_price\":null,\"price\":null,\"days\":null,\"hours\":null,\"lat\":null,\"lan\":null,\"status\":\"completed\",\"created_at\":\"2018-10-11 10:02:41\"}', '2018-10-11 19:29:05', '2018-10-11 19:29:05'),
(5, '1', ' اضافة طلب جديد ', '{\"id\":45,\"technical_id\":\"23\",\"order_id\":\"67\",\"detection_price\":\"1212\",\"price\":\"322\",\"days\":\"34\",\"hours\":\"2\",\"lat\":\"89.97570038\",\"lan\":\"78.74356842\",\"status\":\"accepted\",\"created_at\":\"2018-10-11 12:28:02\"}', '2018-10-11 19:35:37', '2018-10-11 19:35:37'),
(6, '18', ' اضافة طلب جديد ', '{\"id\":68,\"user_id\":\"22\",\"technical_id\":null,\"order_technical_id\":null,\"category_id\":\"3\",\"vedio\":\"\",\"name\":\"Mostafa C\",\"mobile\":\"+964222555888\",\"email\":\"qee@wgg.hhf\",\"address\":\"Unnamed Road\",\"description\":\"The first thing he did has said he has e he has no clue why he has seeew he has\",\"status_time\":\"1\",\"time\":\"16:38:53\",\"date\":\"2018-11-11\",\"add_work\":null,\"price\":null,\"location\":\"Unnamed Road\",\"lat\":\"31.505653735837164\",\"lan\":\"34.43388149142265\",\"status\":\"waiting\",\"response\":null,\"created_at\":\"2018-10-11 12:39:21\",\"images\":[{\"id\":172,\"attatchmentable_id\":\"68\",\"attatchmentable_type\":\"App\\\\Models\\\\Order\",\"image\":\"http:\\/\\/enjaz.hexacit.com\\/uploads\\/order\\/5bbf4479adb69.jpeg\"},{\"id\":173,\"attatchmentable_id\":\"68\",\"attatchmentable_type\":\"App\\\\Models\\\\Order\",\"image\":\"http:\\/\\/enjaz.hexacit.com\\/uploads\\/order\\/5bbf4479aebfc.jpeg\"},{\"id\":174,\"attatchmentable_id\":\"68\",\"attatchmentable_type\":\"App\\\\Models\\\\Order\",\"image\":\"http:\\/\\/enjaz.hexacit.com\\/uploads\\/order\\/5bbf4479af32e.jpeg\"},{\"id\":175,\"attatchmentable_id\":\"68\",\"attatchmentable_type\":\"App\\\\Models\\\\Order\",\"image\":\"http:\\/\\/enjaz.hexacit.com\\/uploads\\/order\\/5bbf4479af95b.jpeg\"},{\"id\":176,\"attatchmentable_id\":\"68\",\"attatchmentable_type\":\"App\\\\Models\\\\Order\",\"image\":\"http:\\/\\/enjaz.hexacit.com\\/uploads\\/order\\/5bbf4479aff9b.jpeg\"},{\"id\":177,\"attatchmentable_id\":\"68\",\"attatchmentable_type\":\"App\\\\Models\\\\Order\",\"image\":\"http:\\/\\/enjaz.hexacit.com\\/uploads\\/order\\/5bbf4479b05af.jpeg\"}]}', '2018-10-11 19:39:23', '2018-10-11 19:39:23'),
(7, '23', ' اضافة طلب جديد ', '{\"id\":69,\"user_id\":\"24\",\"technical_id\":null,\"order_technical_id\":null,\"category_id\":\"1\",\"vedio\":\"\",\"name\":\"\\u0645\\u062d\\u0645\\u062f \\u0646\\u0627\\u0641\\u0630\",\"mobile\":\"+964111222333\",\"email\":\"eng.fsifes@gmail.com\",\"address\":\"Unnamed Road\",\"description\":\"\\u062a\\u062c\\u0631\\u064a\\u0628\",\"status_time\":\"0\",\"time\":null,\"date\":null,\"add_work\":null,\"price\":null,\"location\":\"Unnamed Road\",\"lat\":\"31.495292148172332\",\"lan\":\"34.426294192671776\",\"status\":\"waiting\",\"response\":null,\"created_at\":\"2018-10-11 13:08:02\",\"images\":[{\"id\":178,\"attatchmentable_id\":\"69\",\"attatchmentable_type\":\"App\\\\Models\\\\Order\",\"image\":\"http:\\/\\/enjaz.hexacit.com\\/uploads\\/order\\/5bbf4b3212bf2.jpeg\"}]}', '2018-10-11 20:08:02', '2018-10-11 20:08:02'),
(8, '18', ' اضافة طلب جديد ', '{\"id\":70,\"user_id\":\"25\",\"technical_id\":null,\"order_technical_id\":null,\"category_id\":\"7\",\"vedio\":\"\",\"name\":\"\\u0645\\u062d\\u0645\\u062f \\u0627\\u062d\\u0645\\u062f\",\"mobile\":\"+964555333666\",\"email\":\"ttt@ttt.ttt\",\"address\":\"Unnamed Road\",\"description\":\"Hhhhh\",\"status_time\":\"0\",\"time\":null,\"date\":null,\"add_work\":null,\"price\":null,\"location\":\"Unnamed Road\",\"lat\":\"31.523561543212082\",\"lan\":\"34.45344619452953\",\"status\":\"waiting\",\"response\":null,\"created_at\":\"2018-10-11 13:24:53\",\"images\":[{\"id\":179,\"attatchmentable_id\":\"70\",\"attatchmentable_type\":\"App\\\\Models\\\\Order\",\"image\":\"http:\\/\\/enjaz.hexacit.com\\/uploads\\/order\\/5bbf4f2576336.jpeg\"}]}', '2018-10-11 20:24:54', '2018-10-11 20:24:54'),
(9, '1', ' اضافة طلب جديد ', '{\"id\":71,\"user_id\":\"25\",\"technical_id\":null,\"order_technical_id\":null,\"category_id\":\"1\",\"vedio\":\"\",\"name\":\"\\u0645\\u062d\\u0645\\u062f \\u0627\\u062d\\u0645\\u062f\",\"mobile\":\"+964555333666\",\"email\":\"ttt@ttt.ttt\",\"address\":\"Unnamed Road\",\"description\":\"\\u062a\\u062d\\u0631\\u064a\\u0628\",\"status_time\":\"0\",\"time\":null,\"date\":null,\"add_work\":null,\"price\":null,\"location\":\"Unnamed Road\",\"lat\":\"31.501700802267372\",\"lan\":\"34.434793931041945\",\"status\":\"waiting\",\"response\":null,\"created_at\":\"2018-10-14 06:35:41\",\"images\":[{\"id\":180,\"attatchmentable_id\":\"71\",\"attatchmentable_type\":\"App\\\\Models\\\\Order\",\"image\":\"http:\\/\\/enjaz.hexacit.com\\/uploads\\/order\\/5bc2e3bdb1878.jpeg\"}]}', '2018-10-14 13:35:43', '2018-10-14 13:35:43'),
(10, '26', ' اضافة طلب جديد ', '{\"id\":71,\"user_id\":\"25\",\"technical_id\":null,\"order_technical_id\":null,\"category_id\":\"1\",\"vedio\":\"\",\"name\":\"\\u0645\\u062d\\u0645\\u062f \\u0627\\u062d\\u0645\\u062f\",\"mobile\":\"+964555333666\",\"email\":\"ttt@ttt.ttt\",\"address\":\"Unnamed Road\",\"description\":\"\\u062a\\u062d\\u0631\\u064a\\u0628\",\"status_time\":\"0\",\"time\":null,\"date\":null,\"add_work\":null,\"price\":null,\"location\":\"Unnamed Road\",\"lat\":\"31.501700802267372\",\"lan\":\"34.434793931041945\",\"status\":\"waiting\",\"response\":null,\"created_at\":\"2018-10-14 06:35:41\",\"images\":[{\"id\":180,\"attatchmentable_id\":\"71\",\"attatchmentable_type\":\"App\\\\Models\\\\Order\",\"image\":\"http:\\/\\/enjaz.hexacit.com\\/uploads\\/order\\/5bc2e3bdb1878.jpeg\"}]}', '2018-10-14 13:35:43', '2018-10-14 13:35:43'),
(11, '23', ' اضافة طلب جديد ', '{\"id\":72,\"user_id\":\"25\",\"technical_id\":null,\"order_technical_id\":null,\"category_id\":\"7\",\"vedio\":\"\",\"name\":\"\\u0645\\u062d\\u0645\\u062f \\u0627\\u062d\\u0645\\u062f\",\"mobile\":\"+964555333666\",\"email\":\"ttt@ttt.ttt\",\"address\":\"Unnamed Road\",\"description\":\"\\u062a\\u064a\\u062a\\u0628\\u0631\\u0628\\u0631\",\"status_time\":\"0\",\"time\":null,\"date\":null,\"add_work\":null,\"price\":null,\"location\":\"Unnamed Road\",\"lat\":\"31.50155989008212\",\"lan\":\"34.434885136387294\",\"status\":\"waiting\",\"response\":null,\"created_at\":\"2018-10-14 06:37:37\",\"images\":[{\"id\":181,\"attatchmentable_id\":\"72\",\"attatchmentable_type\":\"App\\\\Models\\\\Order\",\"image\":\"http:\\/\\/enjaz.hexacit.com\\/uploads\\/order\\/5bc2e43119029.jpeg\"}]}', '2018-10-14 13:37:38', '2018-10-14 13:37:38'),
(12, '26', ' اضافة طلب جديد ', '{\"id\":72,\"user_id\":\"25\",\"technical_id\":null,\"order_technical_id\":null,\"category_id\":\"7\",\"vedio\":\"\",\"name\":\"\\u0645\\u062d\\u0645\\u062f \\u0627\\u062d\\u0645\\u062f\",\"mobile\":\"+964555333666\",\"email\":\"ttt@ttt.ttt\",\"address\":\"Unnamed Road\",\"description\":\"\\u062a\\u064a\\u062a\\u0628\\u0631\\u0628\\u0631\",\"status_time\":\"0\",\"time\":null,\"date\":null,\"add_work\":null,\"price\":null,\"location\":\"Unnamed Road\",\"lat\":\"31.50155989008212\",\"lan\":\"34.434885136387294\",\"status\":\"waiting\",\"response\":null,\"created_at\":\"2018-10-14 06:37:37\",\"images\":[{\"id\":181,\"attatchmentable_id\":\"72\",\"attatchmentable_type\":\"App\\\\Models\\\\Order\",\"image\":\"http:\\/\\/enjaz.hexacit.com\\/uploads\\/order\\/5bc2e43119029.jpeg\"}]}', '2018-10-14 13:37:38', '2018-10-14 13:37:38'),
(13, '25', ' اضافة طلب جديد ', '{\"id\":49,\"technical_id\":\"26\",\"order_id\":\"71\",\"detection_price\":\"100\",\"price\":\"250\",\"days\":\"3\",\"hours\":\"2\",\"lat\":\"31.50245476\",\"lan\":\"34.43464279\",\"status\":\"accepted\",\"created_at\":\"2018-10-14 06:35:41\"}', '2018-10-14 13:42:06', '2018-10-14 13:42:06'),
(14, '25', ' اضافة طلب جديد ', '{\"id\":49,\"technical_id\":\"26\",\"order_id\":\"71\",\"detection_price\":\"100\",\"price\":\"250\",\"days\":\"3\",\"hours\":\"2\",\"lat\":\"31.50245476\",\"lan\":\"34.43464279\",\"status\":\"accepted\",\"created_at\":\"2018-10-14 06:35:41\"}', '2018-10-14 13:42:06', '2018-10-14 13:42:06'),
(15, '25', ' اضافة طلب جديد ', '{\"id\":51,\"technical_id\":\"26\",\"order_id\":\"72\",\"detection_price\":\"20\",\"price\":\"200\",\"days\":\"1\",\"hours\":\"2\",\"lat\":\"31.50245476\",\"lan\":\"34.43464279\",\"status\":\"accepted\",\"created_at\":\"2018-10-14 06:37:37\"}', '2018-10-14 14:02:35', '2018-10-14 14:02:35'),
(16, '25', ' اضافة طلب جديد ', '{\"id\":51,\"technical_id\":\"26\",\"order_id\":\"72\",\"detection_price\":\"20\",\"price\":\"200\",\"days\":\"1\",\"hours\":\"2\",\"lat\":\"31.50245476\",\"lan\":\"34.43464279\",\"status\":\"accepted\",\"created_at\":\"2018-10-14 06:37:37\"}', '2018-10-14 14:02:35', '2018-10-14 14:02:35'),
(17, '23', ' اضافة طلب جديد ', '{\"id\":73,\"user_id\":\"15\",\"technical_id\":null,\"order_technical_id\":null,\"category_id\":\"2\",\"vedio\":\"http:\\/\\/enjaz.hexacit.com\\/uploads\\/order\\/5bc2ee9595fd3.mp4\",\"name\":\"test customer\",\"mobile\":\"+964666666666\",\"email\":\"qqabbb@bbb.bbb\",\"address\":\"Unnamed Road\",\"description\":\"Up for good news type test results from\",\"status_time\":\"0\",\"time\":null,\"date\":null,\"add_work\":null,\"price\":null,\"location\":\"Unnamed Road\",\"lat\":\"31.501580819206755\",\"lan\":\"34.436827562749386\",\"status\":\"waiting\",\"response\":null,\"created_at\":\"2018-10-14 07:21:57\",\"images\":[{\"id\":182,\"attatchmentable_id\":\"73\",\"attatchmentable_type\":\"App\\\\Models\\\\Order\",\"image\":\"http:\\/\\/enjaz.hexacit.com\\/uploads\\/order\\/5bc2ee959d7a3.jpeg\"},{\"id\":183,\"attatchmentable_id\":\"73\",\"attatchmentable_type\":\"App\\\\Models\\\\Order\",\"image\":\"http:\\/\\/enjaz.hexacit.com\\/uploads\\/order\\/5bc2ee959dc95.jpeg\"}]}', '2018-10-14 14:21:59', '2018-10-14 14:21:59'),
(18, '26', ' اضافة طلب جديد ', '{\"id\":73,\"user_id\":\"15\",\"technical_id\":null,\"order_technical_id\":null,\"category_id\":\"2\",\"vedio\":\"http:\\/\\/enjaz.hexacit.com\\/uploads\\/order\\/5bc2ee9595fd3.mp4\",\"name\":\"test customer\",\"mobile\":\"+964666666666\",\"email\":\"qqabbb@bbb.bbb\",\"address\":\"Unnamed Road\",\"description\":\"Up for good news type test results from\",\"status_time\":\"0\",\"time\":null,\"date\":null,\"add_work\":null,\"price\":null,\"location\":\"Unnamed Road\",\"lat\":\"31.501580819206755\",\"lan\":\"34.436827562749386\",\"status\":\"waiting\",\"response\":null,\"created_at\":\"2018-10-14 07:21:57\",\"images\":[{\"id\":182,\"attatchmentable_id\":\"73\",\"attatchmentable_type\":\"App\\\\Models\\\\Order\",\"image\":\"http:\\/\\/enjaz.hexacit.com\\/uploads\\/order\\/5bc2ee959d7a3.jpeg\"},{\"id\":183,\"attatchmentable_id\":\"73\",\"attatchmentable_type\":\"App\\\\Models\\\\Order\",\"image\":\"http:\\/\\/enjaz.hexacit.com\\/uploads\\/order\\/5bc2ee959dc95.jpeg\"}]}', '2018-10-14 14:21:59', '2018-10-14 14:21:59'),
(19, '23', ' اضافة طلب جديد ', '{\"id\":74,\"user_id\":\"15\",\"technical_id\":null,\"order_technical_id\":null,\"category_id\":\"2\",\"vedio\":\"\",\"name\":\"test customer\",\"mobile\":\"+964666666666\",\"email\":\"qqabbb@bbb.bbb\",\"address\":\"Unnamed Road\",\"description\":\"Dhxhxhx\",\"status_time\":\"0\",\"time\":null,\"date\":null,\"add_work\":null,\"price\":null,\"location\":\"Unnamed Road\",\"lat\":\"31.501792192660524\",\"lan\":\"34.43466650374517\",\"status\":\"waiting\",\"response\":null,\"created_at\":\"2018-10-14 08:48:26\",\"images\":[{\"id\":184,\"attatchmentable_id\":\"74\",\"attatchmentable_type\":\"App\\\\Models\\\\Order\",\"image\":\"http:\\/\\/enjaz.hexacit.com\\/uploads\\/order\\/5bc302da03b70.jpeg\"}]}', '2018-10-14 15:48:28', '2018-10-14 15:48:28'),
(20, '26', ' اضافة طلب جديد ', '{\"id\":74,\"user_id\":\"15\",\"technical_id\":null,\"order_technical_id\":null,\"category_id\":\"2\",\"vedio\":\"\",\"name\":\"test customer\",\"mobile\":\"+964666666666\",\"email\":\"qqabbb@bbb.bbb\",\"address\":\"Unnamed Road\",\"description\":\"Dhxhxhx\",\"status_time\":\"0\",\"time\":null,\"date\":null,\"add_work\":null,\"price\":null,\"location\":\"Unnamed Road\",\"lat\":\"31.501792192660524\",\"lan\":\"34.43466650374517\",\"status\":\"waiting\",\"response\":null,\"created_at\":\"2018-10-14 08:48:26\",\"images\":[{\"id\":184,\"attatchmentable_id\":\"74\",\"attatchmentable_type\":\"App\\\\Models\\\\Order\",\"image\":\"http:\\/\\/enjaz.hexacit.com\\/uploads\\/order\\/5bc302da03b70.jpeg\"}]}', '2018-10-14 15:48:28', '2018-10-14 15:48:28'),
(21, '22', ' اضافة طلب جديد ', '{\"id\":45,\"technical_id\":\"23\",\"order_id\":\"67\",\"detection_price\":\"1212\",\"price\":\"322\",\"days\":\"34\",\"hours\":\"2\",\"lat\":\"89.97570038\",\"lan\":\"78.74356842\",\"status\":\"progress\",\"created_at\":\"2018-10-11 12:28:02\",\"distance\":null}', '2018-10-14 15:55:03', '2018-10-14 15:55:03'),
(22, '23', ' اضافة طلب جديد ', '{\"id\":76,\"user_id\":\"27\",\"technical_id\":null,\"order_technical_id\":null,\"category_id\":\"1\",\"vedio\":\"http:\\/\\/enjaz.hexacit.com\\/uploads\\/order\\/5bc305b149ea3.mp4\",\"name\":\"Test customer\",\"mobile\":\"+964888888888\",\"email\":\"ttt@tyt.ttt\",\"address\":\"Amman, Jordan\",\"description\":\"Yyy\",\"status_time\":\"0\",\"time\":null,\"date\":null,\"add_work\":null,\"price\":null,\"location\":\"Amman\",\"lat\":\"31.9453666\",\"lan\":\"35.9283716\",\"status\":\"waiting\",\"response\":null,\"created_at\":\"2018-10-14 09:00:33\",\"images\":[{\"id\":186,\"attatchmentable_id\":\"76\",\"attatchmentable_type\":\"App\\\\Models\\\\Order\",\"image\":\"http:\\/\\/enjaz.hexacit.com\\/uploads\\/order\\/5bc305b1612af.jpeg\"}]}', '2018-10-14 16:00:34', '2018-10-14 16:00:34'),
(23, '26', ' اضافة طلب جديد ', '{\"id\":76,\"user_id\":\"27\",\"technical_id\":null,\"order_technical_id\":null,\"category_id\":\"1\",\"vedio\":\"http:\\/\\/enjaz.hexacit.com\\/uploads\\/order\\/5bc305b149ea3.mp4\",\"name\":\"Test customer\",\"mobile\":\"+964888888888\",\"email\":\"ttt@tyt.ttt\",\"address\":\"Amman, Jordan\",\"description\":\"Yyy\",\"status_time\":\"0\",\"time\":null,\"date\":null,\"add_work\":null,\"price\":null,\"location\":\"Amman\",\"lat\":\"31.9453666\",\"lan\":\"35.9283716\",\"status\":\"waiting\",\"response\":null,\"created_at\":\"2018-10-14 09:00:33\",\"images\":[{\"id\":186,\"attatchmentable_id\":\"76\",\"attatchmentable_type\":\"App\\\\Models\\\\Order\",\"image\":\"http:\\/\\/enjaz.hexacit.com\\/uploads\\/order\\/5bc305b1612af.jpeg\"}]}', '2018-10-14 16:00:34', '2018-10-14 16:00:34'),
(24, '23', ' اضافة طلب جديد ', '{\"id\":77,\"user_id\":\"27\",\"technical_id\":null,\"order_technical_id\":null,\"category_id\":\"1\",\"vedio\":\"http:\\/\\/enjaz.hexacit.com\\/uploads\\/order\\/5bc305e3a8d2c.mp4\",\"name\":\"Test customer\",\"mobile\":\"+964888888888\",\"email\":\"ttt@tyt.ttt\",\"address\":\"Unnamed Road\",\"description\":\"Hgfd\",\"status_time\":\"0\",\"time\":null,\"date\":null,\"add_work\":null,\"price\":null,\"location\":\"Unnamed Road\",\"lat\":\"31.501024810014737\",\"lan\":\"34.43391066044569\",\"status\":\"waiting\",\"response\":null,\"created_at\":\"2018-10-14 09:01:24\",\"images\":[{\"id\":187,\"attatchmentable_id\":\"77\",\"attatchmentable_type\":\"App\\\\Models\\\\Order\",\"image\":\"http:\\/\\/enjaz.hexacit.com\\/uploads\\/order\\/5bc305e4c082e.jpeg\"}]}', '2018-10-14 16:01:26', '2018-10-14 16:01:26'),
(25, '26', ' اضافة طلب جديد ', '{\"id\":77,\"user_id\":\"27\",\"technical_id\":null,\"order_technical_id\":null,\"category_id\":\"1\",\"vedio\":\"http:\\/\\/enjaz.hexacit.com\\/uploads\\/order\\/5bc305e3a8d2c.mp4\",\"name\":\"Test customer\",\"mobile\":\"+964888888888\",\"email\":\"ttt@tyt.ttt\",\"address\":\"Unnamed Road\",\"description\":\"Hgfd\",\"status_time\":\"0\",\"time\":null,\"date\":null,\"add_work\":null,\"price\":null,\"location\":\"Unnamed Road\",\"lat\":\"31.501024810014737\",\"lan\":\"34.43391066044569\",\"status\":\"waiting\",\"response\":null,\"created_at\":\"2018-10-14 09:01:24\",\"images\":[{\"id\":187,\"attatchmentable_id\":\"77\",\"attatchmentable_type\":\"App\\\\Models\\\\Order\",\"image\":\"http:\\/\\/enjaz.hexacit.com\\/uploads\\/order\\/5bc305e4c082e.jpeg\"}]}', '2018-10-14 16:01:26', '2018-10-14 16:01:26'),
(26, '23', ' اضافة طلب جديد ', '{\"id\":78,\"user_id\":\"27\",\"technical_id\":null,\"order_technical_id\":null,\"category_id\":\"2\",\"vedio\":\"\",\"name\":\"Test customer\",\"mobile\":\"+964888888888\",\"email\":\"ttt@tyt.ttt\",\"address\":\"Amman, Jordan\",\"description\":\"Uhhb\",\"status_time\":\"0\",\"time\":null,\"date\":null,\"add_work\":null,\"price\":null,\"location\":\"Amman\",\"lat\":\"31.9453666\",\"lan\":\"35.9283716\",\"status\":\"waiting\",\"response\":null,\"created_at\":\"2018-10-14 09:01:58\",\"images\":[{\"id\":188,\"attatchmentable_id\":\"78\",\"attatchmentable_type\":\"App\\\\Models\\\\Order\",\"image\":\"http:\\/\\/enjaz.hexacit.com\\/uploads\\/order\\/5bc30606b56c9.jpeg\"}]}', '2018-10-14 16:01:59', '2018-10-14 16:01:59'),
(27, '26', ' اضافة طلب جديد ', '{\"id\":78,\"user_id\":\"27\",\"technical_id\":null,\"order_technical_id\":null,\"category_id\":\"2\",\"vedio\":\"\",\"name\":\"Test customer\",\"mobile\":\"+964888888888\",\"email\":\"ttt@tyt.ttt\",\"address\":\"Amman, Jordan\",\"description\":\"Uhhb\",\"status_time\":\"0\",\"time\":null,\"date\":null,\"add_work\":null,\"price\":null,\"location\":\"Amman\",\"lat\":\"31.9453666\",\"lan\":\"35.9283716\",\"status\":\"waiting\",\"response\":null,\"created_at\":\"2018-10-14 09:01:58\",\"images\":[{\"id\":188,\"attatchmentable_id\":\"78\",\"attatchmentable_type\":\"App\\\\Models\\\\Order\",\"image\":\"http:\\/\\/enjaz.hexacit.com\\/uploads\\/order\\/5bc30606b56c9.jpeg\"}]}', '2018-10-14 16:01:59', '2018-10-14 16:01:59'),
(28, '27', ' اضافة طلب جديد ', '{\"id\":58,\"technical_id\":\"26\",\"order_id\":\"76\",\"detection_price\":\"50\",\"price\":\"100\",\"days\":\"1\",\"hours\":\"2\",\"lat\":\"31.50245476\",\"lan\":\"34.43464279\",\"status\":\"progress\",\"created_at\":\"2018-10-14 09:00:33\",\"distance\":\"149.61542000286153\"}', '2018-10-14 16:06:46', '2018-10-14 16:06:46'),
(29, '23', ' اضافة طلب جديد ', '{\"id\":79,\"user_id\":\"27\",\"technical_id\":null,\"order_technical_id\":null,\"category_id\":\"2\",\"vedio\":\"\",\"name\":\"Test customer\",\"mobile\":\"+964888888888\",\"email\":\"ttt@tyt.ttt\",\"address\":\"Unnamed Road\",\"description\":\"Gxhz\",\"status_time\":\"0\",\"time\":null,\"date\":null,\"add_work\":null,\"price\":null,\"location\":\"Unnamed Road\",\"lat\":\"31.50184866368991\",\"lan\":\"34.43463706683233\",\"status\":\"waiting\",\"response\":null,\"created_at\":\"2018-10-14 09:22:27\",\"images\":[{\"id\":189,\"attatchmentable_id\":\"79\",\"attatchmentable_type\":\"App\\\\Models\\\\Order\",\"image\":\"http:\\/\\/enjaz.hexacit.com\\/uploads\\/order\\/5bc30ad3228e2.jpeg\"}]}', '2018-10-14 16:22:29', '2018-10-14 16:22:29'),
(30, '26', ' اضافة طلب جديد ', '{\"id\":79,\"user_id\":\"27\",\"technical_id\":null,\"order_technical_id\":null,\"category_id\":\"2\",\"vedio\":\"\",\"name\":\"Test customer\",\"mobile\":\"+964888888888\",\"email\":\"ttt@tyt.ttt\",\"address\":\"Unnamed Road\",\"description\":\"Gxhz\",\"status_time\":\"0\",\"time\":null,\"date\":null,\"add_work\":null,\"price\":null,\"location\":\"Unnamed Road\",\"lat\":\"31.50184866368991\",\"lan\":\"34.43463706683233\",\"status\":\"waiting\",\"response\":null,\"created_at\":\"2018-10-14 09:22:27\",\"images\":[{\"id\":189,\"attatchmentable_id\":\"79\",\"attatchmentable_type\":\"App\\\\Models\\\\Order\",\"image\":\"http:\\/\\/enjaz.hexacit.com\\/uploads\\/order\\/5bc30ad3228e2.jpeg\"}]}', '2018-10-14 16:22:29', '2018-10-14 16:22:29'),
(31, '26', ' اضافة طلب جديد ', '{\"id\":79,\"user_id\":\"27\",\"technical_id\":null,\"order_technical_id\":null,\"category_id\":\"2\",\"vedio\":\"\",\"name\":\"Test customer\",\"mobile\":\"+964888888888\",\"email\":\"ttt@tyt.ttt\",\"address\":\"Unnamed Road\",\"description\":\"Gxhz\",\"status_time\":\"0\",\"time\":null,\"date\":null,\"add_work\":null,\"price\":null,\"location\":\"Unnamed Road\",\"lat\":\"31.50184866368991\",\"lan\":\"34.43463706683233\",\"status\":\"waiting\",\"response\":null,\"created_at\":\"2018-10-14 09:22:27\",\"images\":[{\"id\":189,\"attatchmentable_id\":\"79\",\"attatchmentable_type\":\"App\\\\Models\\\\Order\",\"image\":\"http:\\/\\/enjaz.hexacit.com\\/uploads\\/order\\/5bc30ad3228e2.jpeg\"}]}', '2018-10-14 16:22:29', '2018-10-14 16:22:29'),
(32, '23', ' اضافة طلب جديد ', '{\"id\":80,\"user_id\":\"27\",\"technical_id\":null,\"order_technical_id\":null,\"category_id\":\"2\",\"vedio\":\"\",\"name\":\"Test customer\",\"mobile\":\"+964888888888\",\"email\":\"ttt@tyt.ttt\",\"address\":\"Unnamed Road\",\"description\":\"Tfff\",\"status_time\":\"0\",\"time\":null,\"date\":null,\"add_work\":null,\"price\":null,\"location\":\"Unnamed Road\",\"lat\":\"31.50178885490435\",\"lan\":\"34.434702826110225\",\"status\":\"waiting\",\"response\":null,\"created_at\":\"2018-10-14 09:30:14\",\"images\":[{\"id\":190,\"attatchmentable_id\":\"80\",\"attatchmentable_type\":\"App\\\\Models\\\\Order\",\"image\":\"http:\\/\\/enjaz.hexacit.com\\/uploads\\/order\\/5bc30ca66e978.jpeg\"}]}', '2018-10-14 16:30:16', '2018-10-14 16:30:16'),
(33, '26', ' اضافة طلب جديد ', '{\"id\":80,\"user_id\":\"27\",\"technical_id\":null,\"order_technical_id\":null,\"category_id\":\"2\",\"vedio\":\"\",\"name\":\"Test customer\",\"mobile\":\"+964888888888\",\"email\":\"ttt@tyt.ttt\",\"address\":\"Unnamed Road\",\"description\":\"Tfff\",\"status_time\":\"0\",\"time\":null,\"date\":null,\"add_work\":null,\"price\":null,\"location\":\"Unnamed Road\",\"lat\":\"31.50178885490435\",\"lan\":\"34.434702826110225\",\"status\":\"waiting\",\"response\":null,\"created_at\":\"2018-10-14 09:30:14\",\"images\":[{\"id\":190,\"attatchmentable_id\":\"80\",\"attatchmentable_type\":\"App\\\\Models\\\\Order\",\"image\":\"http:\\/\\/enjaz.hexacit.com\\/uploads\\/order\\/5bc30ca66e978.jpeg\"}]}', '2018-10-14 16:30:16', '2018-10-14 16:30:16'),
(34, '26', ' اضافة طلب جديد ', '{\"id\":80,\"user_id\":\"27\",\"technical_id\":null,\"order_technical_id\":null,\"category_id\":\"2\",\"vedio\":\"\",\"name\":\"Test customer\",\"mobile\":\"+964888888888\",\"email\":\"ttt@tyt.ttt\",\"address\":\"Unnamed Road\",\"description\":\"Tfff\",\"status_time\":\"0\",\"time\":null,\"date\":null,\"add_work\":null,\"price\":null,\"location\":\"Unnamed Road\",\"lat\":\"31.50178885490435\",\"lan\":\"34.434702826110225\",\"status\":\"waiting\",\"response\":null,\"created_at\":\"2018-10-14 09:30:14\",\"images\":[{\"id\":190,\"attatchmentable_id\":\"80\",\"attatchmentable_type\":\"App\\\\Models\\\\Order\",\"image\":\"http:\\/\\/enjaz.hexacit.com\\/uploads\\/order\\/5bc30ca66e978.jpeg\"}]}', '2018-10-14 16:30:16', '2018-10-14 16:30:16'),
(35, '26', ' اضافة طلب جديد ', '{\"id\":80,\"user_id\":\"27\",\"technical_id\":null,\"order_technical_id\":null,\"category_id\":\"2\",\"vedio\":\"\",\"name\":\"Test customer\",\"mobile\":\"+964888888888\",\"email\":\"ttt@tyt.ttt\",\"address\":\"Unnamed Road\",\"description\":\"Tfff\",\"status_time\":\"0\",\"time\":null,\"date\":null,\"add_work\":null,\"price\":null,\"location\":\"Unnamed Road\",\"lat\":\"31.50178885490435\",\"lan\":\"34.434702826110225\",\"status\":\"waiting\",\"response\":null,\"created_at\":\"2018-10-14 09:30:14\",\"images\":[{\"id\":190,\"attatchmentable_id\":\"80\",\"attatchmentable_type\":\"App\\\\Models\\\\Order\",\"image\":\"http:\\/\\/enjaz.hexacit.com\\/uploads\\/order\\/5bc30ca66e978.jpeg\"}]}', '2018-10-14 16:30:16', '2018-10-14 16:30:16'),
(36, '23', ' اضافة طلب جديد ', '{\"id\":81,\"user_id\":\"27\",\"technical_id\":null,\"order_technical_id\":null,\"category_id\":\"1\",\"vedio\":\"\",\"name\":\"Test customer\",\"mobile\":\"+964888888888\",\"email\":\"ttt@tyt.ttt\",\"address\":\"Unnamed Road\",\"description\":\"Vuvuv\",\"status_time\":\"0\",\"time\":null,\"date\":null,\"add_work\":null,\"price\":null,\"location\":\"Unnamed Road\",\"lat\":\"31.50189674927993\",\"lan\":\"34.43455715666938\",\"status\":\"waiting\",\"response\":null,\"created_at\":\"2018-10-14 09:31:36\",\"images\":[{\"id\":191,\"attatchmentable_id\":\"81\",\"attatchmentable_type\":\"App\\\\Models\\\\Order\",\"image\":\"http:\\/\\/enjaz.hexacit.com\\/uploads\\/order\\/5bc30cf8cca82.jpeg\"}]}', '2018-10-14 16:31:37', '2018-10-14 16:31:37'),
(37, '23', ' اضافة طلب جديد ', '{\"id\":82,\"user_id\":\"27\",\"technical_id\":null,\"order_technical_id\":null,\"category_id\":\"4\",\"vedio\":\"\",\"name\":\"Test customer\",\"mobile\":\"+964888888888\",\"email\":\"ttt@tyt.ttt\",\"address\":\"Unnamed Road\",\"description\":\"Ivvv\",\"status_time\":\"1\",\"time\":\"20:40:42\",\"date\":\"2018-10-26\",\"add_work\":null,\"price\":null,\"location\":\"Unnamed Road\",\"lat\":\"31.502416907539192\",\"lan\":\"34.433981539522826\",\"status\":\"waiting\",\"response\":null,\"created_at\":\"2018-10-14 09:38:02\",\"images\":[{\"id\":192,\"attatchmentable_id\":\"82\",\"attatchmentable_type\":\"App\\\\Models\\\\Order\",\"image\":\"http:\\/\\/enjaz.hexacit.com\\/uploads\\/order\\/5bc30e7a0c0ae.jpeg\"}]}', '2018-10-14 16:38:02', '2018-10-14 16:38:02'),
(38, '23', ' اضافة طلب جديد ', '{\"id\":84,\"user_id\":\"27\",\"technical_id\":null,\"order_technical_id\":null,\"category_id\":\"2\",\"vedio\":\"\",\"name\":\"Test customer\",\"mobile\":\"+964888888888\",\"email\":\"ttt@tyt.ttt\",\"address\":\"Unnamed Road\",\"description\":\"VvVvsv\",\"status_time\":\"1\",\"time\":\"22:47:30\",\"date\":\"2018-10-25\",\"add_work\":null,\"price\":null,\"location\":\"Unnamed Road\",\"lat\":\"31.486811578140173\",\"lan\":\"34.43665489554405\",\"status\":\"waiting\",\"response\":null,\"created_at\":\"2018-10-14 09:43:04\",\"images\":[{\"id\":195,\"attatchmentable_id\":\"84\",\"attatchmentable_type\":\"App\\\\Models\\\\Order\",\"image\":\"http:\\/\\/enjaz.hexacit.com\\/uploads\\/order\\/5bc30fa8f070f.jpeg\"}]}', '2018-10-14 16:43:05', '2018-10-14 16:43:05'),
(39, '26', ' اضافة طلب جديد ', '{\"id\":84,\"user_id\":\"27\",\"technical_id\":null,\"order_technical_id\":null,\"category_id\":\"2\",\"vedio\":\"\",\"name\":\"Test customer\",\"mobile\":\"+964888888888\",\"email\":\"ttt@tyt.ttt\",\"address\":\"Unnamed Road\",\"description\":\"VvVvsv\",\"status_time\":\"1\",\"time\":\"22:47:30\",\"date\":\"2018-10-25\",\"add_work\":null,\"price\":null,\"location\":\"Unnamed Road\",\"lat\":\"31.486811578140173\",\"lan\":\"34.43665489554405\",\"status\":\"waiting\",\"response\":null,\"created_at\":\"2018-10-14 09:43:04\",\"images\":[{\"id\":195,\"attatchmentable_id\":\"84\",\"attatchmentable_type\":\"App\\\\Models\\\\Order\",\"image\":\"http:\\/\\/enjaz.hexacit.com\\/uploads\\/order\\/5bc30fa8f070f.jpeg\"}]}', '2018-10-14 16:43:05', '2018-10-14 16:43:05'),
(40, '27', ' اضافة طلب جديد ', '{\"id\":69,\"technical_id\":\"26\",\"order_id\":\"84\",\"detection_price\":\"20\",\"price\":\"30\",\"days\":\"2\",\"hours\":\"1\",\"lat\":\"31.50245476\",\"lan\":\"34.43464279\",\"status\":\"progress\",\"created_at\":\"2018-10-14 09:43:05\",\"distance\":\"1.7498728663888552\",\"status_now\":\"1\"}', '2018-10-14 18:33:28', '2018-10-14 18:33:28'),
(41, '27', ' اضافة طلب جديد ', '{\"id\":69,\"technical_id\":\"26\",\"order_id\":\"84\",\"detection_price\":\"20\",\"price\":\"30\",\"days\":\"2\",\"hours\":\"1\",\"lat\":\"31.50245476\",\"lan\":\"34.43464279\",\"status\":\"progress\",\"created_at\":\"2018-10-14 09:43:05\",\"distance\":\"1.7498728663888552\",\"status_now\":\"1\"}', '2018-10-14 18:33:28', '2018-10-14 18:33:28'),
(42, '27', ' اضافة طلب جديد ', '{\"id\":65,\"technical_id\":\"26\",\"order_id\":\"80\",\"detection_price\":\"656\",\"price\":\"63\",\"days\":\"4\",\"hours\":\"2\",\"lat\":\"31.50245476\",\"lan\":\"34.43464279\",\"status\":\"progress\",\"created_at\":\"2018-10-14 09:30:14\",\"distance\":\"0.07426343644576039\",\"status_now\":\"1\"}', '2018-10-14 18:41:02', '2018-10-14 18:41:02'),
(43, '27', ' اضافة طلب جديد ', '{\"id\":65,\"technical_id\":\"26\",\"order_id\":\"80\",\"detection_price\":\"656\",\"price\":\"63\",\"days\":\"4\",\"hours\":\"2\",\"lat\":\"31.50245476\",\"lan\":\"34.43464279\",\"status\":\"progress\",\"created_at\":\"2018-10-14 09:30:14\",\"distance\":\"0.07426343644576039\",\"status_now\":\"1\"}', '2018-10-14 18:41:02', '2018-10-14 18:41:02'),
(44, '26', ' اضافة طلب جديد ', '{\"id\":58,\"technical_id\":\"26\",\"order_id\":\"76\",\"detection_price\":\"50\",\"price\":\"100\",\"days\":\"1\",\"hours\":\"2\",\"lat\":\"31.50245476\",\"lan\":\"34.43464279\",\"status\":\"completed\",\"created_at\":\"2018-10-14 09:00:33\",\"distance\":\"149.61542000286153\",\"status_now\":\"4\"}', '2018-10-14 18:57:15', '2018-10-14 18:57:15'),
(45, '26', ' اضافة طلب جديد ', '{\"id\":58,\"technical_id\":\"26\",\"order_id\":\"76\",\"detection_price\":\"50\",\"price\":\"100\",\"days\":\"1\",\"hours\":\"2\",\"lat\":\"31.50245476\",\"lan\":\"34.43464279\",\"status\":\"completed\",\"created_at\":\"2018-10-14 09:00:33\",\"distance\":\"149.61542000286153\",\"status_now\":\"4\"}', '2018-10-14 18:57:15', '2018-10-14 18:57:15'),
(46, '26', ' اضافة طلب جديد ', '{\"id\":69,\"technical_id\":\"26\",\"order_id\":\"84\",\"detection_price\":\"20\",\"price\":\"30\",\"days\":\"2\",\"hours\":\"1\",\"lat\":\"31.50245476\",\"lan\":\"34.43464279\",\"status\":\"completed\",\"created_at\":\"2018-10-14 09:43:05\",\"distance\":\"1.7498728663888552\",\"status_now\":\"4\"}', '2018-10-14 19:08:00', '2018-10-14 19:08:00'),
(47, '26', ' اضافة طلب جديد ', '{\"id\":69,\"technical_id\":\"26\",\"order_id\":\"84\",\"detection_price\":\"20\",\"price\":\"30\",\"days\":\"2\",\"hours\":\"1\",\"lat\":\"31.50245476\",\"lan\":\"34.43464279\",\"status\":\"completed\",\"created_at\":\"2018-10-14 09:43:05\",\"distance\":\"1.7498728663888552\",\"status_now\":\"4\"}', '2018-10-14 19:08:00', '2018-10-14 19:08:00'),
(48, '27', ' اضافة طلب جديد ', '{\"id\":63,\"technical_id\":\"26\",\"order_id\":\"79\",\"detection_price\":\"230\",\"price\":\"290\",\"days\":\"4\",\"hours\":\"2\",\"lat\":\"31.50245476\",\"lan\":\"34.43464279\",\"status\":\"progress\",\"created_at\":\"2018-10-14 09:22:27\",\"distance\":\"0.06739684073829028\",\"status_now\":\"1\"}', '2018-10-14 19:09:30', '2018-10-14 19:09:30'),
(49, '27', ' اضافة طلب جديد ', '{\"id\":63,\"technical_id\":\"26\",\"order_id\":\"79\",\"detection_price\":\"230\",\"price\":\"290\",\"days\":\"4\",\"hours\":\"2\",\"lat\":\"31.50245476\",\"lan\":\"34.43464279\",\"status\":\"progress\",\"created_at\":\"2018-10-14 09:22:27\",\"distance\":\"0.06739684073829028\",\"status_now\":\"1\"}', '2018-10-14 19:09:30', '2018-10-14 19:09:30'),
(50, '27', ' اضافة طلب جديد ', '{\"id\":62,\"technical_id\":\"26\",\"order_id\":\"78\",\"detection_price\":\"333\",\"price\":\"333\",\"days\":\"4\",\"hours\":\"4\",\"lat\":\"31.50245476\",\"lan\":\"34.43464279\",\"status\":\"progress\",\"created_at\":\"2018-10-14 09:01:58\",\"distance\":\"149.61542000286153\",\"status_now\":\"1\"}', '2018-10-14 19:14:58', '2018-10-14 19:14:58'),
(51, '27', ' اضافة طلب جديد ', '{\"id\":62,\"technical_id\":\"26\",\"order_id\":\"78\",\"detection_price\":\"333\",\"price\":\"333\",\"days\":\"4\",\"hours\":\"4\",\"lat\":\"31.50245476\",\"lan\":\"34.43464279\",\"status\":\"progress\",\"created_at\":\"2018-10-14 09:01:58\",\"distance\":\"149.61542000286153\",\"status_now\":\"1\"}', '2018-10-14 19:14:58', '2018-10-14 19:14:58'),
(52, '27', ' اضافة طلب جديد ', '{\"id\":65,\"technical_id\":\"26\",\"order_id\":\"80\",\"detection_price\":\"656\",\"price\":\"63\",\"days\":\"4\",\"hours\":\"2\",\"lat\":\"31.50245476\",\"lan\":\"34.43464279\",\"status\":\"refuse\",\"created_at\":\"2018-10-14 09:30:14\",\"distance\":\"0.07426343644576039\",\"status_now\":\"2\"}', '2018-10-14 19:50:04', '2018-10-14 19:50:04'),
(53, '27', ' اضافة طلب جديد ', '{\"id\":65,\"technical_id\":\"26\",\"order_id\":\"80\",\"detection_price\":\"656\",\"price\":\"63\",\"days\":\"4\",\"hours\":\"2\",\"lat\":\"31.50245476\",\"lan\":\"34.43464279\",\"status\":\"refuse\",\"created_at\":\"2018-10-14 09:30:14\",\"distance\":\"0.07426343644576039\",\"status_now\":\"2\"}', '2018-10-14 19:50:04', '2018-10-14 19:50:04'),
(54, '23', ' اضافة طلب جديد ', '{\"id\":88,\"user_id\":\"27\",\"technical_id\":null,\"order_technical_id\":null,\"category_id\":\"1\",\"vedio\":\"\",\"name\":\"Test customer\",\"mobile\":\"+964888888888\",\"email\":\"ttt@tyt.ttt\",\"address\":\"Unnamed Road\",\"description\":\"Good app just need more features\",\"status_time\":\"1\",\"time\":\"10:39:37\",\"date\":\"2018-10-16\",\"add_work\":null,\"price\":null,\"location\":\"Unnamed Road\",\"lat\":\"31.501261221525123\",\"lan\":\"34.43411719053984\",\"status\":\"waiting\",\"response\":null,\"created_at\":\"2018-10-15 06:40:48\",\"status_now\":\"0\",\"images\":[{\"id\":203,\"attatchmentable_id\":\"88\",\"attatchmentable_type\":\"App\\\\Models\\\\Order\",\"image\":\"http:\\/\\/enjaz.hexacit.com\\/uploads\\/order\\/5bc436706220b.jpeg\"},{\"id\":204,\"attatchmentable_id\":\"88\",\"attatchmentable_type\":\"App\\\\Models\\\\Order\",\"image\":\"http:\\/\\/enjaz.hexacit.com\\/uploads\\/order\\/5bc4367062974.jpeg\"},{\"id\":205,\"attatchmentable_id\":\"88\",\"attatchmentable_type\":\"App\\\\Models\\\\Order\",\"image\":\"http:\\/\\/enjaz.hexacit.com\\/uploads\\/order\\/5bc4367062ef2.jpeg\"}]}', '2018-10-15 13:40:49', '2018-10-15 13:40:49'),
(55, '26', ' اضافة طلب جديد ', '{\"id\":88,\"user_id\":\"27\",\"technical_id\":null,\"order_technical_id\":null,\"category_id\":\"1\",\"vedio\":\"\",\"name\":\"Test customer\",\"mobile\":\"+964888888888\",\"email\":\"ttt@tyt.ttt\",\"address\":\"Unnamed Road\",\"description\":\"Good app just need more features\",\"status_time\":\"1\",\"time\":\"10:39:37\",\"date\":\"2018-10-16\",\"add_work\":null,\"price\":null,\"location\":\"Unnamed Road\",\"lat\":\"31.501261221525123\",\"lan\":\"34.43411719053984\",\"status\":\"waiting\",\"response\":null,\"created_at\":\"2018-10-15 06:40:48\",\"status_now\":\"0\",\"images\":[{\"id\":203,\"attatchmentable_id\":\"88\",\"attatchmentable_type\":\"App\\\\Models\\\\Order\",\"image\":\"http:\\/\\/enjaz.hexacit.com\\/uploads\\/order\\/5bc436706220b.jpeg\"},{\"id\":204,\"attatchmentable_id\":\"88\",\"attatchmentable_type\":\"App\\\\Models\\\\Order\",\"image\":\"http:\\/\\/enjaz.hexacit.com\\/uploads\\/order\\/5bc4367062974.jpeg\"},{\"id\":205,\"attatchmentable_id\":\"88\",\"attatchmentable_type\":\"App\\\\Models\\\\Order\",\"image\":\"http:\\/\\/enjaz.hexacit.com\\/uploads\\/order\\/5bc4367062ef2.jpeg\"}]}', '2018-10-15 13:40:49', '2018-10-15 13:40:49'),
(56, '26', ' اضافة طلب جديد ', '{\"id\":88,\"user_id\":\"27\",\"technical_id\":null,\"order_technical_id\":null,\"category_id\":\"1\",\"vedio\":\"\",\"name\":\"Test customer\",\"mobile\":\"+964888888888\",\"email\":\"ttt@tyt.ttt\",\"address\":\"Unnamed Road\",\"description\":\"Good app just need more features\",\"status_time\":\"1\",\"time\":\"10:39:37\",\"date\":\"2018-10-16\",\"add_work\":null,\"price\":null,\"location\":\"Unnamed Road\",\"lat\":\"31.501261221525123\",\"lan\":\"34.43411719053984\",\"status\":\"waiting\",\"response\":null,\"created_at\":\"2018-10-15 06:40:48\",\"status_now\":\"0\",\"images\":[{\"id\":203,\"attatchmentable_id\":\"88\",\"attatchmentable_type\":\"App\\\\Models\\\\Order\",\"image\":\"http:\\/\\/enjaz.hexacit.com\\/uploads\\/order\\/5bc436706220b.jpeg\"},{\"id\":204,\"attatchmentable_id\":\"88\",\"attatchmentable_type\":\"App\\\\Models\\\\Order\",\"image\":\"http:\\/\\/enjaz.hexacit.com\\/uploads\\/order\\/5bc4367062974.jpeg\"},{\"id\":205,\"attatchmentable_id\":\"88\",\"attatchmentable_type\":\"App\\\\Models\\\\Order\",\"image\":\"http:\\/\\/enjaz.hexacit.com\\/uploads\\/order\\/5bc4367062ef2.jpeg\"}]}', '2018-10-15 13:40:49', '2018-10-15 13:40:49'),
(57, '27', ' اضافة طلب جديد ', '{\"id\":77,\"technical_id\":\"26\",\"order_id\":\"88\",\"detection_price\":\"100\",\"price\":\"200\",\"days\":\"2\",\"hours\":\"5\",\"lat\":\"31.50245476\",\"lan\":\"34.43464279\",\"status\":\"progress\",\"created_at\":\"2018-10-15 06:40:48\",\"distance\":\"0.14176192508079763\",\"status_now\":\"1\"}', '2018-10-15 13:42:04', '2018-10-15 13:42:04'),
(58, '27', ' اضافة طلب جديد ', '{\"id\":77,\"technical_id\":\"26\",\"order_id\":\"88\",\"detection_price\":\"100\",\"price\":\"200\",\"days\":\"2\",\"hours\":\"5\",\"lat\":\"31.50245476\",\"lan\":\"34.43464279\",\"status\":\"progress\",\"created_at\":\"2018-10-15 06:40:48\",\"distance\":\"0.14176192508079763\",\"status_now\":\"1\"}', '2018-10-15 13:42:04', '2018-10-15 13:42:04'),
(59, '27', ' اضافة طلب جديد ', '{\"id\":77,\"technical_id\":\"26\",\"order_id\":\"88\",\"detection_price\":\"100\",\"price\":\"200\",\"days\":\"2\",\"hours\":\"5\",\"lat\":\"31.50245476\",\"lan\":\"34.43464279\",\"status\":\"progress\",\"created_at\":\"2018-10-15 06:40:48\",\"distance\":\"0.14176192508079763\",\"status_now\":\"1\"}', '2018-10-15 13:42:04', '2018-10-15 13:42:04'),
(60, '26', ' اضافة طلب جديد ', '{\"id\":77,\"technical_id\":\"26\",\"order_id\":\"88\",\"detection_price\":\"100\",\"price\":\"200\",\"days\":\"2\",\"hours\":\"5\",\"lat\":\"31.50245476\",\"lan\":\"34.43464279\",\"status\":\"completed\",\"created_at\":\"2018-10-15 06:40:48\",\"distance\":\"0.14176192508079763\",\"status_now\":\"4\"}', '2018-10-15 13:42:36', '2018-10-15 13:42:36'),
(61, '26', ' اضافة طلب جديد ', '{\"id\":77,\"technical_id\":\"26\",\"order_id\":\"88\",\"detection_price\":\"100\",\"price\":\"200\",\"days\":\"2\",\"hours\":\"5\",\"lat\":\"31.50245476\",\"lan\":\"34.43464279\",\"status\":\"completed\",\"created_at\":\"2018-10-15 06:40:48\",\"distance\":\"0.14176192508079763\",\"status_now\":\"4\"}', '2018-10-15 13:42:36', '2018-10-15 13:42:36'),
(62, '26', ' اضافة طلب جديد ', '{\"id\":62,\"technical_id\":\"26\",\"order_id\":\"78\",\"detection_price\":\"333\",\"price\":\"333\",\"days\":\"4\",\"hours\":\"4\",\"lat\":\"31.50245476\",\"lan\":\"34.43464279\",\"status\":\"completed\",\"created_at\":\"2018-10-14 09:01:58\",\"distance\":\"149.61542000286153\",\"status_now\":\"4\"}', '2018-10-15 14:48:06', '2018-10-15 14:48:06'),
(63, '26', ' اضافة طلب جديد ', '{\"id\":62,\"technical_id\":\"26\",\"order_id\":\"78\",\"detection_price\":\"333\",\"price\":\"333\",\"days\":\"4\",\"hours\":\"4\",\"lat\":\"31.50245476\",\"lan\":\"34.43464279\",\"status\":\"completed\",\"created_at\":\"2018-10-14 09:01:58\",\"distance\":\"149.61542000286153\",\"status_now\":\"4\"}', '2018-10-15 14:48:06', '2018-10-15 14:48:06'),
(64, '23', ' اضافة طلب جديد ', '{\"id\":89,\"user_id\":\"27\",\"technical_id\":null,\"order_technical_id\":null,\"category_id\":\"2\",\"vedio\":\"\",\"name\":\"Test customer\",\"mobile\":\"+964888888888\",\"email\":\"ttt@tyt.ttt\",\"address\":\"Unnamed Road\",\"description\":\"\\u0645\\u062f\\u062d\\u0628\\u0627 \\u0643\\u062f\\u064a\\u0628\\u0644\\u0648\\u0645\\u0627\\u0633\\u064a \\u0648\\u0641\\u064a \\u0628\\u0645\\u0633\\u0626\\u0648\\u0644 \\u0645\\u0633\\u0626\\u0648\\u0644\\u0648 \\u0645\\u0633\\u0648\\u064a \\u0643\\u0634\\u0631\\u064a\\u0643\\u064a\\u0646 \\u0634\\u0633\\u064a\",\"status_time\":\"1\",\"time\":\"13:10:55\",\"date\":\"2018-10-15\",\"add_work\":null,\"price\":null,\"location\":\"Unnamed Road\",\"lat\":\"31.518652264917723\",\"lan\":\"34.43552602082491\",\"status\":\"waiting\",\"response\":null,\"created_at\":\"2018-10-15 10:11:27\",\"status_now\":\"0\",\"images\":[{\"id\":206,\"attatchmentable_id\":\"89\",\"attatchmentable_type\":\"App\\\\Models\\\\Order\",\"image\":\"http:\\/\\/enjaz.hexacit.com\\/uploads\\/order\\/5bc467cf36b28.jpeg\"}]}', '2018-10-15 17:11:32', '2018-10-15 17:11:32'),
(65, '26', ' اضافة طلب جديد ', '{\"id\":89,\"user_id\":\"27\",\"technical_id\":null,\"order_technical_id\":null,\"category_id\":\"2\",\"vedio\":\"\",\"name\":\"Test customer\",\"mobile\":\"+964888888888\",\"email\":\"ttt@tyt.ttt\",\"address\":\"Unnamed Road\",\"description\":\"\\u0645\\u062f\\u062d\\u0628\\u0627 \\u0643\\u062f\\u064a\\u0628\\u0644\\u0648\\u0645\\u0627\\u0633\\u064a \\u0648\\u0641\\u064a \\u0628\\u0645\\u0633\\u0626\\u0648\\u0644 \\u0645\\u0633\\u0626\\u0648\\u0644\\u0648 \\u0645\\u0633\\u0648\\u064a \\u0643\\u0634\\u0631\\u064a\\u0643\\u064a\\u0646 \\u0634\\u0633\\u064a\",\"status_time\":\"1\",\"time\":\"13:10:55\",\"date\":\"2018-10-15\",\"add_work\":null,\"price\":null,\"location\":\"Unnamed Road\",\"lat\":\"31.518652264917723\",\"lan\":\"34.43552602082491\",\"status\":\"waiting\",\"response\":null,\"created_at\":\"2018-10-15 10:11:27\",\"status_now\":\"0\",\"images\":[{\"id\":206,\"attatchmentable_id\":\"89\",\"attatchmentable_type\":\"App\\\\Models\\\\Order\",\"image\":\"http:\\/\\/enjaz.hexacit.com\\/uploads\\/order\\/5bc467cf36b28.jpeg\"}]}', '2018-10-15 17:11:32', '2018-10-15 17:11:32'),
(66, '26', ' اضافة طلب جديد ', '{\"id\":89,\"user_id\":\"27\",\"technical_id\":null,\"order_technical_id\":null,\"category_id\":\"2\",\"vedio\":\"\",\"name\":\"Test customer\",\"mobile\":\"+964888888888\",\"email\":\"ttt@tyt.ttt\",\"address\":\"Unnamed Road\",\"description\":\"\\u0645\\u062f\\u062d\\u0628\\u0627 \\u0643\\u062f\\u064a\\u0628\\u0644\\u0648\\u0645\\u0627\\u0633\\u064a \\u0648\\u0641\\u064a \\u0628\\u0645\\u0633\\u0626\\u0648\\u0644 \\u0645\\u0633\\u0626\\u0648\\u0644\\u0648 \\u0645\\u0633\\u0648\\u064a \\u0643\\u0634\\u0631\\u064a\\u0643\\u064a\\u0646 \\u0634\\u0633\\u064a\",\"status_time\":\"1\",\"time\":\"13:10:55\",\"date\":\"2018-10-15\",\"add_work\":null,\"price\":null,\"location\":\"Unnamed Road\",\"lat\":\"31.518652264917723\",\"lan\":\"34.43552602082491\",\"status\":\"waiting\",\"response\":null,\"created_at\":\"2018-10-15 10:11:27\",\"status_now\":\"0\",\"images\":[{\"id\":206,\"attatchmentable_id\":\"89\",\"attatchmentable_type\":\"App\\\\Models\\\\Order\",\"image\":\"http:\\/\\/enjaz.hexacit.com\\/uploads\\/order\\/5bc467cf36b28.jpeg\"}]}', '2018-10-15 17:11:32', '2018-10-15 17:11:32'),
(67, '27', ' اضافة طلب جديد ', '{\"id\":80,\"technical_id\":\"26\",\"order_id\":\"89\",\"detection_price\":\"100\",\"price\":\"1500\",\"days\":\"2\",\"hours\":\"1\",\"lat\":\"31.50245476\",\"lan\":\"34.43464279\",\"status\":\"progress\",\"created_at\":\"2018-10-15 10:11:30\",\"distance\":\"1.8030257761316764\",\"status_now\":\"1\"}', '2018-10-15 17:12:04', '2018-10-15 17:12:04'),
(68, '27', ' اضافة طلب جديد ', '{\"id\":80,\"technical_id\":\"26\",\"order_id\":\"89\",\"detection_price\":\"100\",\"price\":\"1500\",\"days\":\"2\",\"hours\":\"1\",\"lat\":\"31.50245476\",\"lan\":\"34.43464279\",\"status\":\"progress\",\"created_at\":\"2018-10-15 10:11:30\",\"distance\":\"1.8030257761316764\",\"status_now\":\"1\"}', '2018-10-15 17:12:04', '2018-10-15 17:12:04'),
(69, '27', ' اضافة طلب جديد ', '{\"id\":80,\"technical_id\":\"26\",\"order_id\":\"89\",\"detection_price\":\"100\",\"price\":\"1500\",\"days\":\"2\",\"hours\":\"1\",\"lat\":\"31.50245476\",\"lan\":\"34.43464279\",\"status\":\"progress\",\"created_at\":\"2018-10-15 10:11:30\",\"distance\":\"1.8030257761316764\",\"status_now\":\"1\"}', '2018-10-15 17:12:04', '2018-10-15 17:12:04'),
(70, '27', ' اضافة طلب جديد ', '{\"id\":80,\"technical_id\":\"26\",\"order_id\":\"89\",\"detection_price\":\"100\",\"price\":\"1500\",\"days\":\"2\",\"hours\":\"1\",\"lat\":\"31.50245476\",\"lan\":\"34.43464279\",\"status\":\"progress\",\"created_at\":\"2018-10-15 10:11:30\",\"distance\":\"1.8030257761316764\",\"status_now\":\"1\"}', '2018-10-15 17:12:04', '2018-10-15 17:12:04'),
(71, '26', ' اضافة طلب جديد ', '{\"id\":80,\"technical_id\":\"26\",\"order_id\":\"89\",\"detection_price\":\"100\",\"price\":\"1500\",\"days\":\"2\",\"hours\":\"1\",\"lat\":\"31.50245476\",\"lan\":\"34.43464279\",\"status\":\"completed\",\"created_at\":\"2018-10-15 10:11:30\",\"distance\":\"1.8030257761316764\",\"status_now\":\"4\"}', '2018-10-15 17:13:30', '2018-10-15 17:13:30'),
(72, '26', ' اضافة طلب جديد ', '{\"id\":80,\"technical_id\":\"26\",\"order_id\":\"89\",\"detection_price\":\"100\",\"price\":\"1500\",\"days\":\"2\",\"hours\":\"1\",\"lat\":\"31.50245476\",\"lan\":\"34.43464279\",\"status\":\"completed\",\"created_at\":\"2018-10-15 10:11:30\",\"distance\":\"1.8030257761316764\",\"status_now\":\"4\"}', '2018-10-15 17:13:30', '2018-10-15 17:13:30'),
(73, '23', ' اضافة طلب جديد ', '{\"id\":90,\"user_id\":\"25\",\"technical_id\":null,\"order_technical_id\":null,\"category_id\":\"3\",\"vedio\":\"\",\"name\":\"\\u0645\\u062d\\u0645\\u062f \\u0627\\u062d\\u0645\\u062f\",\"mobile\":\"+964555333666\",\"email\":\"ttt@ttt.ttt\",\"address\":\"Unnamed Road\",\"description\":\"\\u062a\\u062a\\u0644 \\u0639\\u0628\\u0644\\u0647\\u0646 \\u0627\\u064a\\u0633\\u0636\",\"status_time\":\"1\",\"time\":\"13:49:01\",\"date\":\"2018-10-16\",\"add_work\":null,\"price\":null,\"location\":\"Unnamed Road\",\"lat\":\"31.514343536893353\",\"lan\":\"34.45071637630463\",\"status\":\"waiting\",\"response\":null,\"created_at\":\"2018-10-15 10:48:24\",\"status_now\":\"0\",\"images\":[{\"id\":207,\"attatchmentable_id\":\"90\",\"attatchmentable_type\":\"App\\\\Models\\\\Order\",\"image\":\"http:\\/\\/enjaz.hexacit.com\\/uploads\\/order\\/5bc47078468c9.jpeg\"},{\"id\":208,\"attatchmentable_id\":\"90\",\"attatchmentable_type\":\"App\\\\Models\\\\Order\",\"image\":\"http:\\/\\/enjaz.hexacit.com\\/uploads\\/order\\/5bc470786b2f9.jpeg\"}]}', '2018-10-15 17:48:26', '2018-10-15 17:48:26'),
(74, '26', ' اضافة طلب جديد ', '{\"id\":90,\"user_id\":\"25\",\"technical_id\":null,\"order_technical_id\":null,\"category_id\":\"3\",\"vedio\":\"\",\"name\":\"\\u0645\\u062d\\u0645\\u062f \\u0627\\u062d\\u0645\\u062f\",\"mobile\":\"+964555333666\",\"email\":\"ttt@ttt.ttt\",\"address\":\"Unnamed Road\",\"description\":\"\\u062a\\u062a\\u0644 \\u0639\\u0628\\u0644\\u0647\\u0646 \\u0627\\u064a\\u0633\\u0636\",\"status_time\":\"1\",\"time\":\"13:49:01\",\"date\":\"2018-10-16\",\"add_work\":null,\"price\":null,\"location\":\"Unnamed Road\",\"lat\":\"31.514343536893353\",\"lan\":\"34.45071637630463\",\"status\":\"waiting\",\"response\":null,\"created_at\":\"2018-10-15 10:48:24\",\"status_now\":\"0\",\"images\":[{\"id\":207,\"attatchmentable_id\":\"90\",\"attatchmentable_type\":\"App\\\\Models\\\\Order\",\"image\":\"http:\\/\\/enjaz.hexacit.com\\/uploads\\/order\\/5bc47078468c9.jpeg\"},{\"id\":208,\"attatchmentable_id\":\"90\",\"attatchmentable_type\":\"App\\\\Models\\\\Order\",\"image\":\"http:\\/\\/enjaz.hexacit.com\\/uploads\\/order\\/5bc470786b2f9.jpeg\"}]}', '2018-10-15 17:48:26', '2018-10-15 17:48:26'),
(75, '26', ' اضافة طلب جديد ', '{\"id\":90,\"user_id\":\"25\",\"technical_id\":null,\"order_technical_id\":null,\"category_id\":\"3\",\"vedio\":\"\",\"name\":\"\\u0645\\u062d\\u0645\\u062f \\u0627\\u062d\\u0645\\u062f\",\"mobile\":\"+964555333666\",\"email\":\"ttt@ttt.ttt\",\"address\":\"Unnamed Road\",\"description\":\"\\u062a\\u062a\\u0644 \\u0639\\u0628\\u0644\\u0647\\u0646 \\u0627\\u064a\\u0633\\u0636\",\"status_time\":\"1\",\"time\":\"13:49:01\",\"date\":\"2018-10-16\",\"add_work\":null,\"price\":null,\"location\":\"Unnamed Road\",\"lat\":\"31.514343536893353\",\"lan\":\"34.45071637630463\",\"status\":\"waiting\",\"response\":null,\"created_at\":\"2018-10-15 10:48:24\",\"status_now\":\"0\",\"images\":[{\"id\":207,\"attatchmentable_id\":\"90\",\"attatchmentable_type\":\"App\\\\Models\\\\Order\",\"image\":\"http:\\/\\/enjaz.hexacit.com\\/uploads\\/order\\/5bc47078468c9.jpeg\"},{\"id\":208,\"attatchmentable_id\":\"90\",\"attatchmentable_type\":\"App\\\\Models\\\\Order\",\"image\":\"http:\\/\\/enjaz.hexacit.com\\/uploads\\/order\\/5bc470786b2f9.jpeg\"}]}', '2018-10-15 17:48:26', '2018-10-15 17:48:26'),
(76, '25', ' اضافة طلب جديد ', '{\"id\":82,\"technical_id\":\"26\",\"order_id\":\"90\",\"detection_price\":\"140\",\"price\":\"200\",\"days\":\"12\",\"hours\":\"2\",\"lat\":\"31.50245476\",\"lan\":\"34.43464279\",\"status\":\"progress\",\"created_at\":\"2018-10-15 10:48:24\",\"distance\":\"2.017309813871744\",\"status_now\":\"1\"}', '2018-10-15 17:48:57', '2018-10-15 17:48:57');
INSERT INTO `notification_firbase` (`id`, `user_id`, `message`, `object`, `created_at`, `updated_at`) VALUES
(77, '25', ' اضافة طلب جديد ', '{\"id\":82,\"technical_id\":\"26\",\"order_id\":\"90\",\"detection_price\":\"140\",\"price\":\"200\",\"days\":\"12\",\"hours\":\"2\",\"lat\":\"31.50245476\",\"lan\":\"34.43464279\",\"status\":\"progress\",\"created_at\":\"2018-10-15 10:48:24\",\"distance\":\"2.017309813871744\",\"status_now\":\"1\"}', '2018-10-15 17:48:57', '2018-10-15 17:48:57'),
(78, '26', ' اضافة طلب جديد ', '{\"id\":82,\"technical_id\":\"26\",\"order_id\":\"90\",\"detection_price\":\"140\",\"price\":\"200\",\"days\":\"12\",\"hours\":\"2\",\"lat\":\"31.50245476\",\"lan\":\"34.43464279\",\"status\":\"completed\",\"created_at\":\"2018-10-15 10:48:24\",\"distance\":\"2.0710014317559624\",\"status_now\":\"4\"}', '2018-10-15 17:49:27', '2018-10-15 17:49:27'),
(79, '26', ' اضافة طلب جديد ', '{\"id\":82,\"technical_id\":\"26\",\"order_id\":\"90\",\"detection_price\":\"140\",\"price\":\"200\",\"days\":\"12\",\"hours\":\"2\",\"lat\":\"31.50245476\",\"lan\":\"34.43464279\",\"status\":\"completed\",\"created_at\":\"2018-10-15 10:48:24\",\"distance\":\"2.0710014317559624\",\"status_now\":\"4\"}', '2018-10-15 17:49:27', '2018-10-15 17:49:27'),
(80, '25', ' اضافة طلب جديد ', '{\"id\":82,\"technical_id\":\"26\",\"order_id\":\"90\",\"detection_price\":\"140\",\"price\":\"200\",\"days\":\"12\",\"hours\":\"2\",\"lat\":\"31.50245476\",\"lan\":\"34.43464279\",\"status\":\"refuse\",\"created_at\":\"2018-10-15 10:48:24\",\"distance\":\"2.017309813871744\",\"status_now\":\"2\"}', '2018-10-15 18:50:05', '2018-10-15 18:50:05'),
(81, '25', ' اضافة طلب جديد ', '{\"id\":82,\"technical_id\":\"26\",\"order_id\":\"90\",\"detection_price\":\"140\",\"price\":\"200\",\"days\":\"12\",\"hours\":\"2\",\"lat\":\"31.50245476\",\"lan\":\"34.43464279\",\"status\":\"refuse\",\"created_at\":\"2018-10-15 10:48:24\",\"distance\":\"2.017309813871744\",\"status_now\":\"2\"}', '2018-10-15 18:50:05', '2018-10-15 18:50:05'),
(82, '27', ' اضافة طلب جديد ', '{\"id\":75,\"technical_id\":\"26\",\"order_id\":\"87\",\"detection_price\":\"458\",\"price\":\"8888\",\"days\":\"3\",\"hours\":\"3\",\"lat\":\"31.50245476\",\"lan\":\"34.43464279\",\"status\":\"progress\",\"created_at\":\"2018-10-15 06:40:03\",\"distance\":\"0.14176192508079763\",\"status_now\":\"1\"}', '2018-10-15 18:55:00', '2018-10-15 18:55:00'),
(83, '27', ' اضافة طلب جديد ', '{\"id\":75,\"technical_id\":\"26\",\"order_id\":\"87\",\"detection_price\":\"458\",\"price\":\"8888\",\"days\":\"3\",\"hours\":\"3\",\"lat\":\"31.50245476\",\"lan\":\"34.43464279\",\"status\":\"progress\",\"created_at\":\"2018-10-15 06:40:03\",\"distance\":\"0.14176192508079763\",\"status_now\":\"1\"}', '2018-10-15 18:55:00', '2018-10-15 18:55:00'),
(84, '23', ' اضافة طلب جديد ', '{\"id\":91,\"user_id\":\"27\",\"technical_id\":null,\"order_technical_id\":null,\"category_id\":\"1\",\"vedio\":\"\",\"name\":\"Test customer\",\"mobile\":\"+964888888888\",\"email\":\"ttt@tyt.ttt\",\"address\":\"Gaza\",\"description\":\"\\u062a\\u0631\\u0627\\u0631\\u0627\\u0624\",\"status_time\":\"0\",\"time\":null,\"date\":null,\"add_work\":null,\"price\":null,\"location\":\"Gaza\",\"lat\":\"31.501695100000003\",\"lan\":\"34.4668445\",\"status\":\"waiting\",\"response\":null,\"created_at\":\"2018-10-15 12:55:40\",\"status_now\":\"0\",\"additional_work\":[],\"images\":[{\"id\":209,\"attatchmentable_id\":\"91\",\"attatchmentable_type\":\"App\\\\Models\\\\Order\",\"image\":\"http:\\/\\/enjaz.hexacit.com\\/uploads\\/order\\/5bc48e4c00f26.jpg\"}]}', '2018-10-15 19:55:41', '2018-10-15 19:55:41'),
(85, '26', ' اضافة طلب جديد ', '{\"id\":91,\"user_id\":\"27\",\"technical_id\":null,\"order_technical_id\":null,\"category_id\":\"1\",\"vedio\":\"\",\"name\":\"Test customer\",\"mobile\":\"+964888888888\",\"email\":\"ttt@tyt.ttt\",\"address\":\"Gaza\",\"description\":\"\\u062a\\u0631\\u0627\\u0631\\u0627\\u0624\",\"status_time\":\"0\",\"time\":null,\"date\":null,\"add_work\":null,\"price\":null,\"location\":\"Gaza\",\"lat\":\"31.501695100000003\",\"lan\":\"34.4668445\",\"status\":\"waiting\",\"response\":null,\"created_at\":\"2018-10-15 12:55:40\",\"status_now\":\"0\",\"additional_work\":[],\"images\":[{\"id\":209,\"attatchmentable_id\":\"91\",\"attatchmentable_type\":\"App\\\\Models\\\\Order\",\"image\":\"http:\\/\\/enjaz.hexacit.com\\/uploads\\/order\\/5bc48e4c00f26.jpg\"}]}', '2018-10-15 19:55:41', '2018-10-15 19:55:41'),
(86, '27', ' اضافة طلب جديد ', '{\"id\":83,\"technical_id\":\"26\",\"order_id\":\"91\",\"detection_price\":\"100\",\"price\":\"200\",\"days\":\"5\",\"hours\":\"2\",\"lat\":\"31.50245476\",\"lan\":\"34.43464279\",\"status\":\"progress\",\"created_at\":\"2018-10-15 12:55:40\",\"distance\":\"3.054120730086058\",\"status_now\":\"1\"}', '2018-10-15 19:56:05', '2018-10-15 19:56:05'),
(87, '27', ' اضافة طلب جديد ', '{\"id\":83,\"technical_id\":\"26\",\"order_id\":\"91\",\"detection_price\":\"100\",\"price\":\"200\",\"days\":\"5\",\"hours\":\"2\",\"lat\":\"31.50245476\",\"lan\":\"34.43464279\",\"status\":\"progress\",\"created_at\":\"2018-10-15 12:55:40\",\"distance\":\"3.054120730086058\",\"status_now\":\"1\"}', '2018-10-15 19:56:05', '2018-10-15 19:56:05'),
(88, '27', ' اضافة طلب جديد ', '{\"id\":83,\"technical_id\":\"26\",\"order_id\":\"91\",\"detection_price\":\"100\",\"price\":\"200\",\"days\":\"5\",\"hours\":\"2\",\"lat\":\"31.50245476\",\"lan\":\"34.43464279\",\"status\":\"progress\",\"created_at\":\"2018-10-15 12:55:40\",\"distance\":\"3.054120730086058\",\"status_now\":\"1\"}', '2018-10-15 19:56:05', '2018-10-15 19:56:05'),
(89, '26', ' اضافة طلب جديد ', '{\"id\":83,\"technical_id\":\"26\",\"order_id\":\"91\",\"detection_price\":\"100\",\"price\":\"200\",\"days\":\"5\",\"hours\":\"2\",\"lat\":\"31.50245476\",\"lan\":\"34.43464279\",\"status\":\"completed\",\"created_at\":\"2018-10-15 12:55:40\",\"distance\":\"3.054120730086058\",\"status_now\":\"4\"}', '2018-10-15 20:03:04', '2018-10-15 20:03:04'),
(90, '23', ' اضافة طلب جديد ', '{\"id\":1,\"user_id\":\"27\",\"technical_id\":null,\"order_technical_id\":null,\"category_id\":\"1\",\"vedio\":\"\",\"name\":\"Test customer\",\"mobile\":\"+964888888888\",\"email\":\"ttt@tyt.ttt\",\"address\":\"Unnamed Road\",\"description\":\"\\u0647\\u0630\\u0627 \\u0627\\u0644\\u0646\\u0635 \\u0647\\u0648 \\u0645\\u062b\\u0627\\u0644 \\u0644\\u0646\\u0635 \\u064a\\u0645\\u0643\\u0646 \\u0627\\u0646 \\u064a\\u0633\\u062a\\u0628\\u062f\\u0644 \\u0641\\u064a \\u0627\\u064a \\u0648\\u0642\\u062a\\n\\n\\u0634\\u0643\\u0631\\u0627 \\u0644\\u0648\\u0642\\u062a\\u0643\\u0645\",\"status_time\":\"1\",\"time\":\"09:50:27\",\"date\":\"2018-10-17\",\"add_work\":null,\"price\":null,\"location\":\"Unnamed Road\",\"lat\":\"31.520884722397994\",\"lan\":\"34.43298529833555\",\"status\":\"waiting\",\"response\":null,\"created_at\":\"2018-10-16 06:51:13\",\"status_now\":\"0\",\"additional_work\":[{\"id\":\"1\",\"order_id\":\"1\",\"description\":\"hhhhhhhhhhh\",\"price\":\"33\",\"status\":\"0\",\"created_at\":\"2018-10-15 12:40:41\",\"updated_at\":\"2018-10-15 12:40:41\"}],\"images\":[{\"id\":155,\"attatchmentable_id\":\"1\",\"attatchmentable_type\":\"App\\\\Models\\\\Order\",\"image\":\"http:\\/\\/enjaz.hexacit.com\\/uploads\\/order\\/5bbf27eddaa3d.jpeg\"},{\"id\":156,\"attatchmentable_id\":\"1\",\"attatchmentable_type\":\"App\\\\Models\\\\Order\",\"image\":\"http:\\/\\/enjaz.hexacit.com\\/uploads\\/order\\/5bbf27eddb0f3.png\"},{\"id\":210,\"attatchmentable_id\":\"1\",\"attatchmentable_type\":\"App\\\\Models\\\\Order\",\"image\":\"http:\\/\\/enjaz.hexacit.com\\/uploads\\/order\\/5bc58a6158e7b.jpeg\"},{\"id\":211,\"attatchmentable_id\":\"1\",\"attatchmentable_type\":\"App\\\\Models\\\\Order\",\"image\":\"http:\\/\\/enjaz.hexacit.com\\/uploads\\/order\\/5bc58a617f97b.jpeg\"},{\"id\":212,\"attatchmentable_id\":\"1\",\"attatchmentable_type\":\"App\\\\Models\\\\Order\",\"image\":\"http:\\/\\/enjaz.hexacit.com\\/uploads\\/order\\/5bc58a617fdb0.jpeg\"}]}', '2018-10-16 13:51:15', '2018-10-16 13:51:15'),
(91, '26', ' اضافة طلب جديد ', '{\"id\":1,\"user_id\":\"27\",\"technical_id\":null,\"order_technical_id\":null,\"category_id\":\"1\",\"vedio\":\"\",\"name\":\"Test customer\",\"mobile\":\"+964888888888\",\"email\":\"ttt@tyt.ttt\",\"address\":\"Unnamed Road\",\"description\":\"\\u0647\\u0630\\u0627 \\u0627\\u0644\\u0646\\u0635 \\u0647\\u0648 \\u0645\\u062b\\u0627\\u0644 \\u0644\\u0646\\u0635 \\u064a\\u0645\\u0643\\u0646 \\u0627\\u0646 \\u064a\\u0633\\u062a\\u0628\\u062f\\u0644 \\u0641\\u064a \\u0627\\u064a \\u0648\\u0642\\u062a\\n\\n\\u0634\\u0643\\u0631\\u0627 \\u0644\\u0648\\u0642\\u062a\\u0643\\u0645\",\"status_time\":\"1\",\"time\":\"09:50:27\",\"date\":\"2018-10-17\",\"add_work\":null,\"price\":null,\"location\":\"Unnamed Road\",\"lat\":\"31.520884722397994\",\"lan\":\"34.43298529833555\",\"status\":\"waiting\",\"response\":null,\"created_at\":\"2018-10-16 06:51:13\",\"status_now\":\"0\",\"additional_work\":[{\"id\":\"1\",\"order_id\":\"1\",\"description\":\"hhhhhhhhhhh\",\"price\":\"33\",\"status\":\"0\",\"created_at\":\"2018-10-15 12:40:41\",\"updated_at\":\"2018-10-15 12:40:41\"}],\"images\":[{\"id\":155,\"attatchmentable_id\":\"1\",\"attatchmentable_type\":\"App\\\\Models\\\\Order\",\"image\":\"http:\\/\\/enjaz.hexacit.com\\/uploads\\/order\\/5bbf27eddaa3d.jpeg\"},{\"id\":156,\"attatchmentable_id\":\"1\",\"attatchmentable_type\":\"App\\\\Models\\\\Order\",\"image\":\"http:\\/\\/enjaz.hexacit.com\\/uploads\\/order\\/5bbf27eddb0f3.png\"},{\"id\":210,\"attatchmentable_id\":\"1\",\"attatchmentable_type\":\"App\\\\Models\\\\Order\",\"image\":\"http:\\/\\/enjaz.hexacit.com\\/uploads\\/order\\/5bc58a6158e7b.jpeg\"},{\"id\":211,\"attatchmentable_id\":\"1\",\"attatchmentable_type\":\"App\\\\Models\\\\Order\",\"image\":\"http:\\/\\/enjaz.hexacit.com\\/uploads\\/order\\/5bc58a617f97b.jpeg\"},{\"id\":212,\"attatchmentable_id\":\"1\",\"attatchmentable_type\":\"App\\\\Models\\\\Order\",\"image\":\"http:\\/\\/enjaz.hexacit.com\\/uploads\\/order\\/5bc58a617fdb0.jpeg\"}]}', '2018-10-16 13:51:15', '2018-10-16 13:51:15'),
(92, '27', ' اضافة طلب جديد ', '{\"id\":2,\"technical_id\":\"26\",\"order_id\":\"1\",\"detection_price\":\"15\",\"price\":\"200\",\"days\":\"2\",\"hours\":\"22\",\"lat\":\"31.50245476\",\"lan\":\"34.43464279\",\"status\":\"progress\",\"created_at\":\"2018-10-16 06:51:13\",\"distance\":\"2.0553333624177994\",\"status_now\":\"1\"}', '2018-10-16 13:52:24', '2018-10-16 13:52:24'),
(93, '27', ' اضافة طلب جديد ', '{\"id\":2,\"technical_id\":\"26\",\"order_id\":\"1\",\"detection_price\":\"15\",\"price\":\"200\",\"days\":\"2\",\"hours\":\"22\",\"lat\":\"31.50245476\",\"lan\":\"34.43464279\",\"status\":\"progress\",\"created_at\":\"2018-10-16 06:51:13\",\"distance\":\"2.0553333624177994\",\"status_now\":\"1\"}', '2018-10-16 13:52:24', '2018-10-16 13:52:24'),
(94, '27', ' اضافة طلب جديد ', '{\"id\":2,\"technical_id\":\"26\",\"order_id\":\"1\",\"detection_price\":\"15\",\"price\":\"200\",\"days\":\"2\",\"hours\":\"22\",\"lat\":\"31.50245476\",\"lan\":\"34.43464279\",\"status\":\"progress\",\"created_at\":\"2018-10-16 06:51:13\",\"distance\":\"2.0553333624177994\",\"status_now\":\"1\"}', '2018-10-16 13:52:24', '2018-10-16 13:52:24'),
(95, '26', ' اضافة طلب جديد ', '{\"id\":2,\"technical_id\":\"26\",\"order_id\":\"1\",\"detection_price\":\"15\",\"price\":\"200\",\"days\":\"2\",\"hours\":\"22\",\"lat\":\"31.50245476\",\"lan\":\"34.43464279\",\"status\":\"inprogress\",\"created_at\":\"2018-10-16 06:51:13\",\"distance\":\"2.0553333624177994\",\"status_now\":\"3\"}', '2018-10-16 13:56:18', '2018-10-16 13:56:18'),
(96, '27', ' اضافة طلب جديد ', '{\"id\":2,\"technical_id\":\"26\",\"order_id\":\"1\",\"detection_price\":\"15\",\"price\":\"200\",\"days\":\"2\",\"hours\":\"22\",\"lat\":\"31.50245476\",\"lan\":\"34.43464279\",\"status\":\"refuse\",\"created_at\":\"2018-10-16 06:51:13\",\"distance\":\"2.0553333624177994\",\"status_now\":\"2\"}', '2018-10-16 13:57:17', '2018-10-16 13:57:17'),
(97, '27', ' اضافة طلب جديد ', '{\"id\":2,\"technical_id\":\"26\",\"order_id\":\"1\",\"detection_price\":\"15\",\"price\":\"200\",\"days\":\"2\",\"hours\":\"22\",\"lat\":\"31.50245476\",\"lan\":\"34.43464279\",\"status\":\"refuse\",\"created_at\":\"2018-10-16 06:51:13\",\"distance\":\"2.0553333624177994\",\"status_now\":\"2\"}', '2018-10-16 13:57:17', '2018-10-16 13:57:17'),
(98, '27', ' اضافة طلب جديد ', '{\"id\":2,\"technical_id\":\"26\",\"order_id\":\"1\",\"detection_price\":\"15\",\"price\":\"200\",\"days\":\"2\",\"hours\":\"22\",\"lat\":\"31.50245476\",\"lan\":\"34.43464279\",\"status\":\"refuse\",\"created_at\":\"2018-10-16 06:51:13\",\"distance\":\"2.0553333624177994\",\"status_now\":\"2\"}', '2018-10-16 13:57:17', '2018-10-16 13:57:17'),
(99, '23', ' اضافة طلب جديد ', '{\"id\":1,\"user_id\":\"27\",\"technical_id\":null,\"order_technical_id\":null,\"category_id\":\"2\",\"vedio\":\"\",\"name\":\"Test customer\",\"mobile\":\"+964888888888\",\"email\":\"ttt@tyt.ttt\",\"address\":\"Unnamed Road\",\"description\":\"\\u0645\\u0631\\u062d\\u0628\\u0627 \\u0634\\u0628\\u0627\\u0628\",\"status_time\":\"1\",\"time\":\"11:04:15\",\"date\":\"2018-10-17\",\"add_work\":null,\"price\":null,\"location\":\"Unnamed Road\",\"lat\":\"31.51443328622297\",\"lan\":\"34.45082567632198\",\"status\":\"waiting\",\"response\":null,\"created_at\":\"2018-10-16 07:05:31\",\"status_now\":\"0\",\"additional_work\":[{\"id\":\"1\",\"order_id\":\"1\",\"description\":\"hhhhhhhhhhh\",\"price\":\"33\",\"status\":\"0\",\"created_at\":\"2018-10-15 12:40:41\",\"updated_at\":\"2018-10-15 12:40:41\"}],\"images\":[{\"id\":155,\"attatchmentable_id\":\"1\",\"attatchmentable_type\":\"App\\\\Models\\\\Order\",\"image\":\"http:\\/\\/enjaz.hexacit.com\\/uploads\\/order\\/5bbf27eddaa3d.jpeg\"},{\"id\":156,\"attatchmentable_id\":\"1\",\"attatchmentable_type\":\"App\\\\Models\\\\Order\",\"image\":\"http:\\/\\/enjaz.hexacit.com\\/uploads\\/order\\/5bbf27eddb0f3.png\"},{\"id\":210,\"attatchmentable_id\":\"1\",\"attatchmentable_type\":\"App\\\\Models\\\\Order\",\"image\":\"http:\\/\\/enjaz.hexacit.com\\/uploads\\/order\\/5bc58a6158e7b.jpeg\"},{\"id\":211,\"attatchmentable_id\":\"1\",\"attatchmentable_type\":\"App\\\\Models\\\\Order\",\"image\":\"http:\\/\\/enjaz.hexacit.com\\/uploads\\/order\\/5bc58a617f97b.jpeg\"},{\"id\":212,\"attatchmentable_id\":\"1\",\"attatchmentable_type\":\"App\\\\Models\\\\Order\",\"image\":\"http:\\/\\/enjaz.hexacit.com\\/uploads\\/order\\/5bc58a617fdb0.jpeg\"},{\"id\":213,\"attatchmentable_id\":\"1\",\"attatchmentable_type\":\"App\\\\Models\\\\Order\",\"image\":\"http:\\/\\/enjaz.hexacit.com\\/uploads\\/order\\/5bc58dbba115d.jpeg\"},{\"id\":214,\"attatchmentable_id\":\"1\",\"attatchmentable_type\":\"App\\\\Models\\\\Order\",\"image\":\"http:\\/\\/enjaz.hexacit.com\\/uploads\\/order\\/5bc58dbbe7ba2.jpeg\"},{\"id\":215,\"attatchmentable_id\":\"1\",\"attatchmentable_type\":\"App\\\\Models\\\\Order\",\"image\":\"http:\\/\\/enjaz.hexacit.com\\/uploads\\/order\\/5bc58dbbe8126.jpeg\"},{\"id\":216,\"attatchmentable_id\":\"1\",\"attatchmentable_type\":\"App\\\\Models\\\\Order\",\"image\":\"http:\\/\\/enjaz.hexacit.com\\/uploads\\/order\\/5bc58dbbe8745.jpeg\"},{\"id\":217,\"attatchmentable_id\":\"1\",\"attatchmentable_type\":\"App\\\\Models\\\\Order\",\"image\":\"http:\\/\\/enjaz.hexacit.com\\/uploads\\/order\\/5bc58dbbe929c.jpeg\"}]}', '2018-10-16 14:05:33', '2018-10-16 14:05:33'),
(100, '26', ' اضافة طلب جديد ', '{\"id\":1,\"user_id\":\"27\",\"technical_id\":null,\"order_technical_id\":null,\"category_id\":\"2\",\"vedio\":\"\",\"name\":\"Test customer\",\"mobile\":\"+964888888888\",\"email\":\"ttt@tyt.ttt\",\"address\":\"Unnamed Road\",\"description\":\"\\u0645\\u0631\\u062d\\u0628\\u0627 \\u0634\\u0628\\u0627\\u0628\",\"status_time\":\"1\",\"time\":\"11:04:15\",\"date\":\"2018-10-17\",\"add_work\":null,\"price\":null,\"location\":\"Unnamed Road\",\"lat\":\"31.51443328622297\",\"lan\":\"34.45082567632198\",\"status\":\"waiting\",\"response\":null,\"created_at\":\"2018-10-16 07:05:31\",\"status_now\":\"0\",\"additional_work\":[{\"id\":\"1\",\"order_id\":\"1\",\"description\":\"hhhhhhhhhhh\",\"price\":\"33\",\"status\":\"0\",\"created_at\":\"2018-10-15 12:40:41\",\"updated_at\":\"2018-10-15 12:40:41\"}],\"images\":[{\"id\":155,\"attatchmentable_id\":\"1\",\"attatchmentable_type\":\"App\\\\Models\\\\Order\",\"image\":\"http:\\/\\/enjaz.hexacit.com\\/uploads\\/order\\/5bbf27eddaa3d.jpeg\"},{\"id\":156,\"attatchmentable_id\":\"1\",\"attatchmentable_type\":\"App\\\\Models\\\\Order\",\"image\":\"http:\\/\\/enjaz.hexacit.com\\/uploads\\/order\\/5bbf27eddb0f3.png\"},{\"id\":210,\"attatchmentable_id\":\"1\",\"attatchmentable_type\":\"App\\\\Models\\\\Order\",\"image\":\"http:\\/\\/enjaz.hexacit.com\\/uploads\\/order\\/5bc58a6158e7b.jpeg\"},{\"id\":211,\"attatchmentable_id\":\"1\",\"attatchmentable_type\":\"App\\\\Models\\\\Order\",\"image\":\"http:\\/\\/enjaz.hexacit.com\\/uploads\\/order\\/5bc58a617f97b.jpeg\"},{\"id\":212,\"attatchmentable_id\":\"1\",\"attatchmentable_type\":\"App\\\\Models\\\\Order\",\"image\":\"http:\\/\\/enjaz.hexacit.com\\/uploads\\/order\\/5bc58a617fdb0.jpeg\"},{\"id\":213,\"attatchmentable_id\":\"1\",\"attatchmentable_type\":\"App\\\\Models\\\\Order\",\"image\":\"http:\\/\\/enjaz.hexacit.com\\/uploads\\/order\\/5bc58dbba115d.jpeg\"},{\"id\":214,\"attatchmentable_id\":\"1\",\"attatchmentable_type\":\"App\\\\Models\\\\Order\",\"image\":\"http:\\/\\/enjaz.hexacit.com\\/uploads\\/order\\/5bc58dbbe7ba2.jpeg\"},{\"id\":215,\"attatchmentable_id\":\"1\",\"attatchmentable_type\":\"App\\\\Models\\\\Order\",\"image\":\"http:\\/\\/enjaz.hexacit.com\\/uploads\\/order\\/5bc58dbbe8126.jpeg\"},{\"id\":216,\"attatchmentable_id\":\"1\",\"attatchmentable_type\":\"App\\\\Models\\\\Order\",\"image\":\"http:\\/\\/enjaz.hexacit.com\\/uploads\\/order\\/5bc58dbbe8745.jpeg\"},{\"id\":217,\"attatchmentable_id\":\"1\",\"attatchmentable_type\":\"App\\\\Models\\\\Order\",\"image\":\"http:\\/\\/enjaz.hexacit.com\\/uploads\\/order\\/5bc58dbbe929c.jpeg\"}]}', '2018-10-16 14:05:33', '2018-10-16 14:05:33'),
(101, '26', ' اضافة طلب جديد ', '{\"id\":1,\"user_id\":\"27\",\"technical_id\":null,\"order_technical_id\":null,\"category_id\":\"2\",\"vedio\":\"\",\"name\":\"Test customer\",\"mobile\":\"+964888888888\",\"email\":\"ttt@tyt.ttt\",\"address\":\"Unnamed Road\",\"description\":\"\\u0645\\u0631\\u062d\\u0628\\u0627 \\u0634\\u0628\\u0627\\u0628\",\"status_time\":\"1\",\"time\":\"11:04:15\",\"date\":\"2018-10-17\",\"add_work\":null,\"price\":null,\"location\":\"Unnamed Road\",\"lat\":\"31.51443328622297\",\"lan\":\"34.45082567632198\",\"status\":\"waiting\",\"response\":null,\"created_at\":\"2018-10-16 07:05:31\",\"status_now\":\"0\",\"additional_work\":[{\"id\":\"1\",\"order_id\":\"1\",\"description\":\"hhhhhhhhhhh\",\"price\":\"33\",\"status\":\"0\",\"created_at\":\"2018-10-15 12:40:41\",\"updated_at\":\"2018-10-15 12:40:41\"}],\"images\":[{\"id\":155,\"attatchmentable_id\":\"1\",\"attatchmentable_type\":\"App\\\\Models\\\\Order\",\"image\":\"http:\\/\\/enjaz.hexacit.com\\/uploads\\/order\\/5bbf27eddaa3d.jpeg\"},{\"id\":156,\"attatchmentable_id\":\"1\",\"attatchmentable_type\":\"App\\\\Models\\\\Order\",\"image\":\"http:\\/\\/enjaz.hexacit.com\\/uploads\\/order\\/5bbf27eddb0f3.png\"},{\"id\":210,\"attatchmentable_id\":\"1\",\"attatchmentable_type\":\"App\\\\Models\\\\Order\",\"image\":\"http:\\/\\/enjaz.hexacit.com\\/uploads\\/order\\/5bc58a6158e7b.jpeg\"},{\"id\":211,\"attatchmentable_id\":\"1\",\"attatchmentable_type\":\"App\\\\Models\\\\Order\",\"image\":\"http:\\/\\/enjaz.hexacit.com\\/uploads\\/order\\/5bc58a617f97b.jpeg\"},{\"id\":212,\"attatchmentable_id\":\"1\",\"attatchmentable_type\":\"App\\\\Models\\\\Order\",\"image\":\"http:\\/\\/enjaz.hexacit.com\\/uploads\\/order\\/5bc58a617fdb0.jpeg\"},{\"id\":213,\"attatchmentable_id\":\"1\",\"attatchmentable_type\":\"App\\\\Models\\\\Order\",\"image\":\"http:\\/\\/enjaz.hexacit.com\\/uploads\\/order\\/5bc58dbba115d.jpeg\"},{\"id\":214,\"attatchmentable_id\":\"1\",\"attatchmentable_type\":\"App\\\\Models\\\\Order\",\"image\":\"http:\\/\\/enjaz.hexacit.com\\/uploads\\/order\\/5bc58dbbe7ba2.jpeg\"},{\"id\":215,\"attatchmentable_id\":\"1\",\"attatchmentable_type\":\"App\\\\Models\\\\Order\",\"image\":\"http:\\/\\/enjaz.hexacit.com\\/uploads\\/order\\/5bc58dbbe8126.jpeg\"},{\"id\":216,\"attatchmentable_id\":\"1\",\"attatchmentable_type\":\"App\\\\Models\\\\Order\",\"image\":\"http:\\/\\/enjaz.hexacit.com\\/uploads\\/order\\/5bc58dbbe8745.jpeg\"},{\"id\":217,\"attatchmentable_id\":\"1\",\"attatchmentable_type\":\"App\\\\Models\\\\Order\",\"image\":\"http:\\/\\/enjaz.hexacit.com\\/uploads\\/order\\/5bc58dbbe929c.jpeg\"}]}', '2018-10-16 14:05:33', '2018-10-16 14:05:33'),
(102, '27', ' اضافة طلب جديد ', '{\"id\":2,\"technical_id\":\"26\",\"order_id\":\"1\",\"detection_price\":\"100\",\"price\":\"250\",\"days\":\"3\",\"hours\":\"24\",\"lat\":\"31.50245476\",\"lan\":\"34.43464279\",\"status\":\"progress\",\"created_at\":\"2018-10-16 07:05:31\",\"distance\":\"2.031676009680455\",\"status_now\":\"1\"}', '2018-10-16 14:07:03', '2018-10-16 14:07:03'),
(103, '27', ' اضافة طلب جديد ', '{\"id\":2,\"technical_id\":\"26\",\"order_id\":\"1\",\"detection_price\":\"100\",\"price\":\"250\",\"days\":\"3\",\"hours\":\"24\",\"lat\":\"31.50245476\",\"lan\":\"34.43464279\",\"status\":\"progress\",\"created_at\":\"2018-10-16 07:05:31\",\"distance\":\"2.031676009680455\",\"status_now\":\"1\"}', '2018-10-16 14:07:03', '2018-10-16 14:07:03'),
(104, '27', ' اضافة طلب جديد ', '{\"id\":2,\"technical_id\":\"26\",\"order_id\":\"1\",\"detection_price\":\"100\",\"price\":\"250\",\"days\":\"3\",\"hours\":\"24\",\"lat\":\"31.50245476\",\"lan\":\"34.43464279\",\"status\":\"progress\",\"created_at\":\"2018-10-16 07:05:31\",\"distance\":\"2.031676009680455\",\"status_now\":\"1\"}', '2018-10-16 14:07:03', '2018-10-16 14:07:03'),
(105, '26', ' اضافة طلب جديد ', '{\"id\":2,\"technical_id\":\"26\",\"order_id\":\"1\",\"detection_price\":\"100\",\"price\":\"250\",\"days\":\"3\",\"hours\":\"24\",\"lat\":\"31.50245476\",\"lan\":\"34.43464279\",\"status\":\"inprogress\",\"created_at\":\"2018-10-16 07:05:31\",\"distance\":\"2.031676009680455\",\"status_now\":\"3\"}', '2018-10-16 14:14:50', '2018-10-16 14:14:50'),
(106, '26', ' اضافة طلب جديد ', '{\"id\":2,\"technical_id\":\"26\",\"order_id\":\"1\",\"detection_price\":\"100\",\"price\":\"250\",\"days\":\"3\",\"hours\":\"24\",\"lat\":\"31.50245476\",\"lan\":\"34.43464279\",\"status\":\"inprogress\",\"created_at\":\"2018-10-16 07:05:31\",\"distance\":\"2.031676009680455\",\"status_now\":\"3\"}', '2018-10-16 14:14:50', '2018-10-16 14:14:50'),
(107, '27', ' اضافة طلب جديد ', '{\"id\":2,\"technical_id\":\"26\",\"order_id\":\"1\",\"detection_price\":\"100\",\"price\":\"250\",\"days\":\"3\",\"hours\":\"24\",\"lat\":\"31.50245476\",\"lan\":\"34.43464279\",\"status\":\"refuse\",\"created_at\":\"2018-10-16 07:05:31\",\"distance\":\"2.031676009680455\",\"status_now\":\"2\"}', '2018-10-16 14:15:19', '2018-10-16 14:15:19'),
(108, '27', ' اضافة طلب جديد ', '{\"id\":2,\"technical_id\":\"26\",\"order_id\":\"1\",\"detection_price\":\"100\",\"price\":\"250\",\"days\":\"3\",\"hours\":\"24\",\"lat\":\"31.50245476\",\"lan\":\"34.43464279\",\"status\":\"refuse\",\"created_at\":\"2018-10-16 07:05:31\",\"distance\":\"2.031676009680455\",\"status_now\":\"2\"}', '2018-10-16 14:15:19', '2018-10-16 14:15:19'),
(109, '27', ' اضافة طلب جديد ', '{\"id\":2,\"technical_id\":\"26\",\"order_id\":\"1\",\"detection_price\":\"100\",\"price\":\"250\",\"days\":\"3\",\"hours\":\"24\",\"lat\":\"31.50245476\",\"lan\":\"34.43464279\",\"status\":\"refuse\",\"created_at\":\"2018-10-16 07:05:31\",\"distance\":\"2.031676009680455\",\"status_now\":\"2\"}', '2018-10-16 14:15:19', '2018-10-16 14:15:19'),
(110, '27', ' اضافة طلب جديد ', '{\"id\":1,\"technical_id\":\"23\",\"order_id\":\"1\",\"detection_price\":\"\",\"price\":\"\",\"days\":\"\",\"hours\":\"\",\"lat\":\"31.50245476\",\"lan\":\"34.43464279\",\"status\":\"refuse\",\"created_at\":\"2018-10-16 07:05:31\",\"distance\":\"2.031676009680455\",\"status_now\":\"2\"}', '2018-10-16 14:19:36', '2018-10-16 14:19:36'),
(111, '27', ' اضافة طلب جديد ', '{\"id\":1,\"technical_id\":\"23\",\"order_id\":\"1\",\"detection_price\":\"\",\"price\":\"\",\"days\":\"\",\"hours\":\"\",\"lat\":\"31.50245476\",\"lan\":\"34.43464279\",\"status\":\"refuse\",\"created_at\":\"2018-10-16 07:05:31\",\"distance\":\"2.031676009680455\",\"status_now\":\"2\"}', '2018-10-16 14:19:36', '2018-10-16 14:19:36'),
(112, '27', ' اضافة طلب جديد ', '{\"id\":1,\"technical_id\":\"23\",\"order_id\":\"1\",\"detection_price\":\"\",\"price\":\"\",\"days\":\"\",\"hours\":\"\",\"lat\":\"31.50245476\",\"lan\":\"34.43464279\",\"status\":\"refuse\",\"created_at\":\"2018-10-16 07:05:31\",\"distance\":\"2.031676009680455\",\"status_now\":\"2\"}', '2018-10-16 14:19:36', '2018-10-16 14:19:36'),
(113, '23', ' اضافة طلب جديد ', '{\"id\":2,\"user_id\":\"27\",\"technical_id\":null,\"order_technical_id\":null,\"category_id\":\"3\",\"vedio\":\"\",\"name\":\"Test customer\",\"mobile\":\"+964888888888\",\"email\":\"ttt@tyt.ttt\",\"address\":\"Unnamed Road\",\"description\":\"\\u062f\\u0646\\u0627\\u0646\\u0627\\u0646\\u0627\\u0647\\u0644\\u0647\\u0647\\u0627\\u0645\\u0632\\u062e\\u0627\\u062e\\u0641\\u0633\\u0645\\u0644\\u064a \\u0646\\u0644\\u062a\\u0628\\u063a\\u064a\",\"status_time\":\"1\",\"time\":\"10:21:45\",\"date\":\"2018-10-17\",\"add_work\":null,\"price\":null,\"location\":\"Unnamed Road\",\"lat\":\"31.514377550184463\",\"lan\":\"34.450885355472565\",\"status\":\"waiting\",\"response\":null,\"created_at\":\"2018-10-16 07:22:04\",\"status_now\":\"0\",\"additional_work\":[],\"images\":[{\"id\":27,\"attatchmentable_id\":\"2\",\"attatchmentable_type\":\"App\\\\Models\\\\Order\",\"image\":\"http:\\/\\/enjaz.hexacit.com\\/uploads\\/order\\/5bb1c43b832ef.jpeg\"},{\"id\":28,\"attatchmentable_id\":\"2\",\"attatchmentable_type\":\"App\\\\Models\\\\Order\",\"image\":\"http:\\/\\/enjaz.hexacit.com\\/uploads\\/order\\/5bb1c43b8e4e1.jpeg\"},{\"id\":218,\"attatchmentable_id\":\"2\",\"attatchmentable_type\":\"App\\\\Models\\\\Order\",\"image\":\"http:\\/\\/enjaz.hexacit.com\\/uploads\\/order\\/5bc5919cd9df9.jpeg\"},{\"id\":219,\"attatchmentable_id\":\"2\",\"attatchmentable_type\":\"App\\\\Models\\\\Order\",\"image\":\"http:\\/\\/enjaz.hexacit.com\\/uploads\\/order\\/5bc5919cda665.jpeg\"}]}', '2018-10-16 14:22:06', '2018-10-16 14:22:06'),
(114, '26', ' اضافة طلب جديد ', '{\"id\":2,\"user_id\":\"27\",\"technical_id\":null,\"order_technical_id\":null,\"category_id\":\"3\",\"vedio\":\"\",\"name\":\"Test customer\",\"mobile\":\"+964888888888\",\"email\":\"ttt@tyt.ttt\",\"address\":\"Unnamed Road\",\"description\":\"\\u062f\\u0646\\u0627\\u0646\\u0627\\u0646\\u0627\\u0647\\u0644\\u0647\\u0647\\u0627\\u0645\\u0632\\u062e\\u0627\\u062e\\u0641\\u0633\\u0645\\u0644\\u064a \\u0646\\u0644\\u062a\\u0628\\u063a\\u064a\",\"status_time\":\"1\",\"time\":\"10:21:45\",\"date\":\"2018-10-17\",\"add_work\":null,\"price\":null,\"location\":\"Unnamed Road\",\"lat\":\"31.514377550184463\",\"lan\":\"34.450885355472565\",\"status\":\"waiting\",\"response\":null,\"created_at\":\"2018-10-16 07:22:04\",\"status_now\":\"0\",\"additional_work\":[],\"images\":[{\"id\":27,\"attatchmentable_id\":\"2\",\"attatchmentable_type\":\"App\\\\Models\\\\Order\",\"image\":\"http:\\/\\/enjaz.hexacit.com\\/uploads\\/order\\/5bb1c43b832ef.jpeg\"},{\"id\":28,\"attatchmentable_id\":\"2\",\"attatchmentable_type\":\"App\\\\Models\\\\Order\",\"image\":\"http:\\/\\/enjaz.hexacit.com\\/uploads\\/order\\/5bb1c43b8e4e1.jpeg\"},{\"id\":218,\"attatchmentable_id\":\"2\",\"attatchmentable_type\":\"App\\\\Models\\\\Order\",\"image\":\"http:\\/\\/enjaz.hexacit.com\\/uploads\\/order\\/5bc5919cd9df9.jpeg\"},{\"id\":219,\"attatchmentable_id\":\"2\",\"attatchmentable_type\":\"App\\\\Models\\\\Order\",\"image\":\"http:\\/\\/enjaz.hexacit.com\\/uploads\\/order\\/5bc5919cda665.jpeg\"}]}', '2018-10-16 14:22:06', '2018-10-16 14:22:06'),
(115, '26', ' اضافة طلب جديد ', '{\"id\":2,\"user_id\":\"27\",\"technical_id\":null,\"order_technical_id\":null,\"category_id\":\"3\",\"vedio\":\"\",\"name\":\"Test customer\",\"mobile\":\"+964888888888\",\"email\":\"ttt@tyt.ttt\",\"address\":\"Unnamed Road\",\"description\":\"\\u062f\\u0646\\u0627\\u0646\\u0627\\u0646\\u0627\\u0647\\u0644\\u0647\\u0647\\u0627\\u0645\\u0632\\u062e\\u0627\\u062e\\u0641\\u0633\\u0645\\u0644\\u064a \\u0646\\u0644\\u062a\\u0628\\u063a\\u064a\",\"status_time\":\"1\",\"time\":\"10:21:45\",\"date\":\"2018-10-17\",\"add_work\":null,\"price\":null,\"location\":\"Unnamed Road\",\"lat\":\"31.514377550184463\",\"lan\":\"34.450885355472565\",\"status\":\"waiting\",\"response\":null,\"created_at\":\"2018-10-16 07:22:04\",\"status_now\":\"0\",\"additional_work\":[],\"images\":[{\"id\":27,\"attatchmentable_id\":\"2\",\"attatchmentable_type\":\"App\\\\Models\\\\Order\",\"image\":\"http:\\/\\/enjaz.hexacit.com\\/uploads\\/order\\/5bb1c43b832ef.jpeg\"},{\"id\":28,\"attatchmentable_id\":\"2\",\"attatchmentable_type\":\"App\\\\Models\\\\Order\",\"image\":\"http:\\/\\/enjaz.hexacit.com\\/uploads\\/order\\/5bb1c43b8e4e1.jpeg\"},{\"id\":218,\"attatchmentable_id\":\"2\",\"attatchmentable_type\":\"App\\\\Models\\\\Order\",\"image\":\"http:\\/\\/enjaz.hexacit.com\\/uploads\\/order\\/5bc5919cd9df9.jpeg\"},{\"id\":219,\"attatchmentable_id\":\"2\",\"attatchmentable_type\":\"App\\\\Models\\\\Order\",\"image\":\"http:\\/\\/enjaz.hexacit.com\\/uploads\\/order\\/5bc5919cda665.jpeg\"}]}', '2018-10-16 14:22:06', '2018-10-16 14:22:06'),
(116, '27', ' اضافة طلب جديد ', '{\"id\":4,\"technical_id\":\"26\",\"order_id\":\"2\",\"detection_price\":\"100\",\"price\":\"200\",\"days\":\"22\",\"hours\":\"2\",\"lat\":\"31.50245476\",\"lan\":\"34.43464279\",\"status\":\"progress\",\"created_at\":\"2018-10-16 07:22:05\",\"distance\":\"2.031902750321604\",\"status_now\":\"1\"}', '2018-10-16 14:22:37', '2018-10-16 14:22:37'),
(117, '27', ' اضافة طلب جديد ', '{\"id\":4,\"technical_id\":\"26\",\"order_id\":\"2\",\"detection_price\":\"100\",\"price\":\"200\",\"days\":\"22\",\"hours\":\"2\",\"lat\":\"31.50245476\",\"lan\":\"34.43464279\",\"status\":\"progress\",\"created_at\":\"2018-10-16 07:22:05\",\"distance\":\"2.031902750321604\",\"status_now\":\"1\"}', '2018-10-16 14:22:37', '2018-10-16 14:22:37'),
(118, '27', ' اضافة طلب جديد ', '{\"id\":4,\"technical_id\":\"26\",\"order_id\":\"2\",\"detection_price\":\"100\",\"price\":\"200\",\"days\":\"22\",\"hours\":\"2\",\"lat\":\"31.50245476\",\"lan\":\"34.43464279\",\"status\":\"progress\",\"created_at\":\"2018-10-16 07:22:05\",\"distance\":\"2.031902750321604\",\"status_now\":\"1\"}', '2018-10-16 14:22:37', '2018-10-16 14:22:37'),
(119, '26', ' اضافة طلب جديد ', '{\"id\":4,\"technical_id\":\"26\",\"order_id\":\"2\",\"detection_price\":\"100\",\"price\":\"200\",\"days\":\"22\",\"hours\":\"2\",\"lat\":\"31.50245476\",\"lan\":\"34.43464279\",\"status\":\"inprogress\",\"created_at\":\"2018-10-16 07:22:05\",\"distance\":\"2.031902750321604\",\"status_now\":\"3\"}', '2018-10-16 14:24:19', '2018-10-16 14:24:19'),
(120, '26', ' اضافة طلب جديد ', '{\"id\":4,\"technical_id\":\"26\",\"order_id\":\"2\",\"detection_price\":\"100\",\"price\":\"200\",\"days\":\"22\",\"hours\":\"2\",\"lat\":\"31.50245476\",\"lan\":\"34.43464279\",\"status\":\"inprogress\",\"created_at\":\"2018-10-16 07:22:05\",\"distance\":\"2.031902750321604\",\"status_now\":\"3\"}', '2018-10-16 14:24:19', '2018-10-16 14:24:19'),
(121, '27', ' اضافة طلب جديد ', '{\"id\":4,\"technical_id\":\"26\",\"order_id\":\"2\",\"detection_price\":\"100\",\"price\":\"200\",\"days\":\"22\",\"hours\":\"2\",\"lat\":\"31.50245476\",\"lan\":\"34.43464279\",\"status\":\"refuse\",\"created_at\":\"2018-10-16 07:22:05\",\"distance\":\"2.031902750321604\",\"status_now\":\"2\"}', '2018-10-16 14:25:06', '2018-10-16 14:25:06'),
(122, '27', ' اضافة طلب جديد ', '{\"id\":4,\"technical_id\":\"26\",\"order_id\":\"2\",\"detection_price\":\"100\",\"price\":\"200\",\"days\":\"22\",\"hours\":\"2\",\"lat\":\"31.50245476\",\"lan\":\"34.43464279\",\"status\":\"refuse\",\"created_at\":\"2018-10-16 07:22:05\",\"distance\":\"2.031902750321604\",\"status_now\":\"2\"}', '2018-10-16 14:25:06', '2018-10-16 14:25:06'),
(123, '27', ' اضافة طلب جديد ', '{\"id\":4,\"technical_id\":\"26\",\"order_id\":\"2\",\"detection_price\":\"100\",\"price\":\"200\",\"days\":\"22\",\"hours\":\"2\",\"lat\":\"31.50245476\",\"lan\":\"34.43464279\",\"status\":\"refuse\",\"created_at\":\"2018-10-16 07:22:05\",\"distance\":\"2.031902750321604\",\"status_now\":\"2\"}', '2018-10-16 14:25:06', '2018-10-16 14:25:06'),
(124, '23', ' اضافة طلب جديد ', '{\"id\":3,\"user_id\":\"27\",\"technical_id\":null,\"order_technical_id\":null,\"category_id\":\"1\",\"vedio\":\"\",\"name\":\"Test customer\",\"mobile\":\"+964888888888\",\"email\":\"ttt@tyt.ttt\",\"address\":\"Unnamed Road\",\"description\":\"\\u0631 \\u0645\\u0627\\u0630\\u0643\\u0627\\u0627\\u064a\",\"status_time\":\"0\",\"time\":null,\"date\":null,\"add_work\":null,\"price\":null,\"location\":\"Unnamed Road\",\"lat\":\"31.503693052262516\",\"lan\":\"34.41541850566864\",\"status\":\"waiting\",\"response\":null,\"created_at\":\"2018-10-16 07:26:43\",\"status_now\":\"0\",\"additional_work\":[],\"images\":[{\"id\":29,\"attatchmentable_id\":\"3\",\"attatchmentable_type\":\"App\\\\Models\\\\Order\",\"image\":\"http:\\/\\/enjaz.hexacit.com\\/uploads\\/order\\/5bb1cea8d3b44.jpeg\"},{\"id\":30,\"attatchmentable_id\":\"3\",\"attatchmentable_type\":\"App\\\\Models\\\\Order\",\"image\":\"http:\\/\\/enjaz.hexacit.com\\/uploads\\/order\\/5bb1cea9a5956.jpeg\"},{\"id\":220,\"attatchmentable_id\":\"3\",\"attatchmentable_type\":\"App\\\\Models\\\\Order\",\"image\":\"http:\\/\\/enjaz.hexacit.com\\/uploads\\/order\\/5bc592b31ce42.jpeg\"},{\"id\":221,\"attatchmentable_id\":\"3\",\"attatchmentable_type\":\"App\\\\Models\\\\Order\",\"image\":\"http:\\/\\/enjaz.hexacit.com\\/uploads\\/order\\/5bc592b31d80a.jpeg\"}]}', '2018-10-16 14:26:44', '2018-10-16 14:26:44'),
(125, '26', ' اضافة طلب جديد ', '{\"id\":3,\"user_id\":\"27\",\"technical_id\":null,\"order_technical_id\":null,\"category_id\":\"1\",\"vedio\":\"\",\"name\":\"Test customer\",\"mobile\":\"+964888888888\",\"email\":\"ttt@tyt.ttt\",\"address\":\"Unnamed Road\",\"description\":\"\\u0631 \\u0645\\u0627\\u0630\\u0643\\u0627\\u0627\\u064a\",\"status_time\":\"0\",\"time\":null,\"date\":null,\"add_work\":null,\"price\":null,\"location\":\"Unnamed Road\",\"lat\":\"31.503693052262516\",\"lan\":\"34.41541850566864\",\"status\":\"waiting\",\"response\":null,\"created_at\":\"2018-10-16 07:26:43\",\"status_now\":\"0\",\"additional_work\":[],\"images\":[{\"id\":29,\"attatchmentable_id\":\"3\",\"attatchmentable_type\":\"App\\\\Models\\\\Order\",\"image\":\"http:\\/\\/enjaz.hexacit.com\\/uploads\\/order\\/5bb1cea8d3b44.jpeg\"},{\"id\":30,\"attatchmentable_id\":\"3\",\"attatchmentable_type\":\"App\\\\Models\\\\Order\",\"image\":\"http:\\/\\/enjaz.hexacit.com\\/uploads\\/order\\/5bb1cea9a5956.jpeg\"},{\"id\":220,\"attatchmentable_id\":\"3\",\"attatchmentable_type\":\"App\\\\Models\\\\Order\",\"image\":\"http:\\/\\/enjaz.hexacit.com\\/uploads\\/order\\/5bc592b31ce42.jpeg\"},{\"id\":221,\"attatchmentable_id\":\"3\",\"attatchmentable_type\":\"App\\\\Models\\\\Order\",\"image\":\"http:\\/\\/enjaz.hexacit.com\\/uploads\\/order\\/5bc592b31d80a.jpeg\"}]}', '2018-10-16 14:26:44', '2018-10-16 14:26:44'),
(126, '26', ' اضافة طلب جديد ', '{\"id\":3,\"user_id\":\"27\",\"technical_id\":null,\"order_technical_id\":null,\"category_id\":\"1\",\"vedio\":\"\",\"name\":\"Test customer\",\"mobile\":\"+964888888888\",\"email\":\"ttt@tyt.ttt\",\"address\":\"Unnamed Road\",\"description\":\"\\u0631 \\u0645\\u0627\\u0630\\u0643\\u0627\\u0627\\u064a\",\"status_time\":\"0\",\"time\":null,\"date\":null,\"add_work\":null,\"price\":null,\"location\":\"Unnamed Road\",\"lat\":\"31.503693052262516\",\"lan\":\"34.41541850566864\",\"status\":\"waiting\",\"response\":null,\"created_at\":\"2018-10-16 07:26:43\",\"status_now\":\"0\",\"additional_work\":[],\"images\":[{\"id\":29,\"attatchmentable_id\":\"3\",\"attatchmentable_type\":\"App\\\\Models\\\\Order\",\"image\":\"http:\\/\\/enjaz.hexacit.com\\/uploads\\/order\\/5bb1cea8d3b44.jpeg\"},{\"id\":30,\"attatchmentable_id\":\"3\",\"attatchmentable_type\":\"App\\\\Models\\\\Order\",\"image\":\"http:\\/\\/enjaz.hexacit.com\\/uploads\\/order\\/5bb1cea9a5956.jpeg\"},{\"id\":220,\"attatchmentable_id\":\"3\",\"attatchmentable_type\":\"App\\\\Models\\\\Order\",\"image\":\"http:\\/\\/enjaz.hexacit.com\\/uploads\\/order\\/5bc592b31ce42.jpeg\"},{\"id\":221,\"attatchmentable_id\":\"3\",\"attatchmentable_type\":\"App\\\\Models\\\\Order\",\"image\":\"http:\\/\\/enjaz.hexacit.com\\/uploads\\/order\\/5bc592b31d80a.jpeg\"}]}', '2018-10-16 14:26:44', '2018-10-16 14:26:44'),
(127, '27', ' اضافة طلب جديد ', '{\"id\":6,\"technical_id\":\"26\",\"order_id\":\"3\",\"detection_price\":\"100\",\"price\":\"256\",\"days\":\"5\",\"hours\":\"1\",\"lat\":\"31.50245476\",\"lan\":\"34.43464279\",\"status\":\"progress\",\"created_at\":\"2018-10-16 07:26:43\",\"distance\":\"1.8277741920248245\",\"status_now\":\"1\"}', '2018-10-16 14:28:30', '2018-10-16 14:28:30'),
(128, '27', ' اضافة طلب جديد ', '{\"id\":6,\"technical_id\":\"26\",\"order_id\":\"3\",\"detection_price\":\"100\",\"price\":\"256\",\"days\":\"5\",\"hours\":\"1\",\"lat\":\"31.50245476\",\"lan\":\"34.43464279\",\"status\":\"progress\",\"created_at\":\"2018-10-16 07:26:43\",\"distance\":\"1.8277741920248245\",\"status_now\":\"1\"}', '2018-10-16 14:28:30', '2018-10-16 14:28:30'),
(129, '27', ' اضافة طلب جديد ', '{\"id\":6,\"technical_id\":\"26\",\"order_id\":\"3\",\"detection_price\":\"100\",\"price\":\"256\",\"days\":\"5\",\"hours\":\"1\",\"lat\":\"31.50245476\",\"lan\":\"34.43464279\",\"status\":\"progress\",\"created_at\":\"2018-10-16 07:26:43\",\"distance\":\"1.8277741920248245\",\"status_now\":\"1\"}', '2018-10-16 14:28:30', '2018-10-16 14:28:30'),
(130, '26', ' اضافة طلب جديد ', '{\"id\":6,\"technical_id\":\"26\",\"order_id\":\"3\",\"detection_price\":\"100\",\"price\":\"256\",\"days\":\"5\",\"hours\":\"1\",\"lat\":\"31.50245476\",\"lan\":\"34.43464279\",\"status\":\"inprogress\",\"created_at\":\"2018-10-16 07:26:43\",\"distance\":\"1.8277741920248245\",\"status_now\":\"3\"}', '2018-10-16 14:28:55', '2018-10-16 14:28:55'),
(131, '26', ' اضافة طلب جديد ', '{\"id\":6,\"technical_id\":\"26\",\"order_id\":\"3\",\"detection_price\":\"100\",\"price\":\"256\",\"days\":\"5\",\"hours\":\"1\",\"lat\":\"31.50245476\",\"lan\":\"34.43464279\",\"status\":\"inprogress\",\"created_at\":\"2018-10-16 07:26:43\",\"distance\":\"1.8277741920248245\",\"status_now\":\"3\"}', '2018-10-16 14:28:55', '2018-10-16 14:28:55'),
(132, '27', ' اضافة طلب جديد ', '{\"id\":3,\"technical_id\":\"23\",\"order_id\":\"2\",\"detection_price\":null,\"price\":null,\"days\":null,\"hours\":null,\"lat\":\"31.50245476\",\"lan\":\"34.43464279\",\"status\":\"refuse\",\"created_at\":\"2018-10-16 07:22:05\",\"distance\":\"2.031902750321604\",\"status_now\":\"2\"}', '2018-10-16 14:30:46', '2018-10-16 14:30:46'),
(133, '27', ' اضافة طلب جديد ', '{\"id\":3,\"technical_id\":\"23\",\"order_id\":\"2\",\"detection_price\":null,\"price\":null,\"days\":null,\"hours\":null,\"lat\":\"31.50245476\",\"lan\":\"34.43464279\",\"status\":\"refuse\",\"created_at\":\"2018-10-16 07:22:05\",\"distance\":\"2.031902750321604\",\"status_now\":\"2\"}', '2018-10-16 14:30:46', '2018-10-16 14:30:46'),
(134, '27', ' اضافة طلب جديد ', '{\"id\":3,\"technical_id\":\"23\",\"order_id\":\"2\",\"detection_price\":null,\"price\":null,\"days\":null,\"hours\":null,\"lat\":\"31.50245476\",\"lan\":\"34.43464279\",\"status\":\"refuse\",\"created_at\":\"2018-10-16 07:22:05\",\"distance\":\"2.031902750321604\",\"status_now\":\"2\"}', '2018-10-16 14:30:46', '2018-10-16 14:30:46'),
(135, '27', ' اضافة طلب جديد ', '{\"id\":3,\"technical_id\":\"23\",\"order_id\":\"2\",\"detection_price\":null,\"price\":null,\"days\":null,\"hours\":null,\"lat\":\"31.50245476\",\"lan\":\"34.43464279\",\"status\":\"refuse\",\"created_at\":\"2018-10-16 07:22:05\",\"distance\":\"2.031902750321604\",\"status_now\":\"2\"}', '2018-10-16 14:31:22', '2018-10-16 14:31:22'),
(136, '27', ' اضافة طلب جديد ', '{\"id\":3,\"technical_id\":\"23\",\"order_id\":\"2\",\"detection_price\":null,\"price\":null,\"days\":null,\"hours\":null,\"lat\":\"31.50245476\",\"lan\":\"34.43464279\",\"status\":\"refuse\",\"created_at\":\"2018-10-16 07:22:05\",\"distance\":\"2.031902750321604\",\"status_now\":\"2\"}', '2018-10-16 14:31:22', '2018-10-16 14:31:22'),
(137, '27', ' اضافة طلب جديد ', '{\"id\":3,\"technical_id\":\"23\",\"order_id\":\"2\",\"detection_price\":null,\"price\":null,\"days\":null,\"hours\":null,\"lat\":\"31.50245476\",\"lan\":\"34.43464279\",\"status\":\"refuse\",\"created_at\":\"2018-10-16 07:22:05\",\"distance\":\"2.031902750321604\",\"status_now\":\"2\"}', '2018-10-16 14:31:22', '2018-10-16 14:31:22'),
(138, '27', ' اضافة طلب جديد ', '{\"id\":6,\"technical_id\":\"26\",\"order_id\":\"3\",\"detection_price\":\"\",\"price\":\"\",\"days\":\"\",\"hours\":\"\",\"lat\":\"31.50245476\",\"lan\":\"34.43464279\",\"status\":\"refuse\",\"created_at\":\"2018-10-16 07:26:43\",\"distance\":\"1.8277741920248245\",\"status_now\":\"2\"}', '2018-10-16 14:34:50', '2018-10-16 14:34:50'),
(139, '27', ' اضافة طلب جديد ', '{\"id\":6,\"technical_id\":\"26\",\"order_id\":\"3\",\"detection_price\":\"\",\"price\":\"\",\"days\":\"\",\"hours\":\"\",\"lat\":\"31.50245476\",\"lan\":\"34.43464279\",\"status\":\"refuse\",\"created_at\":\"2018-10-16 07:26:43\",\"distance\":\"1.8277741920248245\",\"status_now\":\"2\"}', '2018-10-16 14:34:50', '2018-10-16 14:34:50'),
(140, '27', ' اضافة طلب جديد ', '{\"id\":6,\"technical_id\":\"26\",\"order_id\":\"3\",\"detection_price\":\"\",\"price\":\"\",\"days\":\"\",\"hours\":\"\",\"lat\":\"31.50245476\",\"lan\":\"34.43464279\",\"status\":\"refuse\",\"created_at\":\"2018-10-16 07:26:43\",\"distance\":\"1.8277741920248245\",\"status_now\":\"2\"}', '2018-10-16 14:34:50', '2018-10-16 14:34:50'),
(141, '23', ' اضافة طلب جديد ', '{\"id\":4,\"user_id\":\"27\",\"technical_id\":null,\"order_technical_id\":null,\"category_id\":\"5\",\"vedio\":\"\",\"name\":\"Test customer\",\"mobile\":\"+964888888888\",\"email\":\"ttt@tyt.ttt\",\"address\":\"Unnamed Road\",\"description\":\"\\u0639\\u0627\\u0627 \\u0627\\u0627\\u0628\\u062a\\u062e \\u0639\\u062e\\u0643\\u062f\\u0628 \\u0627\\u064a\",\"status_time\":\"0\",\"time\":null,\"date\":null,\"add_work\":null,\"price\":null,\"location\":\"Unnamed Road\",\"lat\":\"31.489130852994254\",\"lan\":\"34.45108786225319\",\"status\":\"waiting\",\"response\":null,\"created_at\":\"2018-10-16 07:37:39\",\"status_now\":\"0\",\"additional_work\":[],\"images\":[{\"id\":31,\"attatchmentable_id\":\"4\",\"attatchmentable_type\":\"App\\\\Models\\\\Order\",\"image\":\"http:\\/\\/enjaz.hexacit.com\\/uploads\\/order\\/5bb1cf4737711.jpeg\"},{\"id\":222,\"attatchmentable_id\":\"4\",\"attatchmentable_type\":\"App\\\\Models\\\\Order\",\"image\":\"http:\\/\\/enjaz.hexacit.com\\/uploads\\/order\\/5bc5954317bdc.jpeg\"}]}', '2018-10-16 14:37:40', '2018-10-16 14:37:40'),
(142, '26', ' اضافة طلب جديد ', '{\"id\":4,\"user_id\":\"27\",\"technical_id\":null,\"order_technical_id\":null,\"category_id\":\"5\",\"vedio\":\"\",\"name\":\"Test customer\",\"mobile\":\"+964888888888\",\"email\":\"ttt@tyt.ttt\",\"address\":\"Unnamed Road\",\"description\":\"\\u0639\\u0627\\u0627 \\u0627\\u0627\\u0628\\u062a\\u062e \\u0639\\u062e\\u0643\\u062f\\u0628 \\u0627\\u064a\",\"status_time\":\"0\",\"time\":null,\"date\":null,\"add_work\":null,\"price\":null,\"location\":\"Unnamed Road\",\"lat\":\"31.489130852994254\",\"lan\":\"34.45108786225319\",\"status\":\"waiting\",\"response\":null,\"created_at\":\"2018-10-16 07:37:39\",\"status_now\":\"0\",\"additional_work\":[],\"images\":[{\"id\":31,\"attatchmentable_id\":\"4\",\"attatchmentable_type\":\"App\\\\Models\\\\Order\",\"image\":\"http:\\/\\/enjaz.hexacit.com\\/uploads\\/order\\/5bb1cf4737711.jpeg\"},{\"id\":222,\"attatchmentable_id\":\"4\",\"attatchmentable_type\":\"App\\\\Models\\\\Order\",\"image\":\"http:\\/\\/enjaz.hexacit.com\\/uploads\\/order\\/5bc5954317bdc.jpeg\"}]}', '2018-10-16 14:37:40', '2018-10-16 14:37:40'),
(143, '26', ' اضافة طلب جديد ', '{\"id\":4,\"user_id\":\"27\",\"technical_id\":null,\"order_technical_id\":null,\"category_id\":\"5\",\"vedio\":\"\",\"name\":\"Test customer\",\"mobile\":\"+964888888888\",\"email\":\"ttt@tyt.ttt\",\"address\":\"Unnamed Road\",\"description\":\"\\u0639\\u0627\\u0627 \\u0627\\u0627\\u0628\\u062a\\u062e \\u0639\\u062e\\u0643\\u062f\\u0628 \\u0627\\u064a\",\"status_time\":\"0\",\"time\":null,\"date\":null,\"add_work\":null,\"price\":null,\"location\":\"Unnamed Road\",\"lat\":\"31.489130852994254\",\"lan\":\"34.45108786225319\",\"status\":\"waiting\",\"response\":null,\"created_at\":\"2018-10-16 07:37:39\",\"status_now\":\"0\",\"additional_work\":[],\"images\":[{\"id\":31,\"attatchmentable_id\":\"4\",\"attatchmentable_type\":\"App\\\\Models\\\\Order\",\"image\":\"http:\\/\\/enjaz.hexacit.com\\/uploads\\/order\\/5bb1cf4737711.jpeg\"},{\"id\":222,\"attatchmentable_id\":\"4\",\"attatchmentable_type\":\"App\\\\Models\\\\Order\",\"image\":\"http:\\/\\/enjaz.hexacit.com\\/uploads\\/order\\/5bc5954317bdc.jpeg\"}]}', '2018-10-16 14:37:40', '2018-10-16 14:37:40'),
(144, '27', ' اضافة طلب جديد ', '{\"id\":7,\"technical_id\":\"26\",\"order_id\":\"4\",\"detection_price\":\"200\",\"price\":\"2000\",\"days\":\"2\",\"hours\":\"5\",\"lat\":\"31.50245476\",\"lan\":\"34.43464279\",\"status\":\"progress\",\"created_at\":\"2018-10-16 07:37:39\",\"distance\":\"2.1508472718856857\",\"status_now\":\"1\"}', '2018-10-16 14:37:57', '2018-10-16 14:37:57'),
(145, '27', ' اضافة طلب جديد ', '{\"id\":7,\"technical_id\":\"26\",\"order_id\":\"4\",\"detection_price\":\"200\",\"price\":\"2000\",\"days\":\"2\",\"hours\":\"5\",\"lat\":\"31.50245476\",\"lan\":\"34.43464279\",\"status\":\"progress\",\"created_at\":\"2018-10-16 07:37:39\",\"distance\":\"2.1508472718856857\",\"status_now\":\"1\"}', '2018-10-16 14:37:57', '2018-10-16 14:37:57'),
(146, '27', ' اضافة طلب جديد ', '{\"id\":7,\"technical_id\":\"26\",\"order_id\":\"4\",\"detection_price\":\"200\",\"price\":\"2000\",\"days\":\"2\",\"hours\":\"5\",\"lat\":\"31.50245476\",\"lan\":\"34.43464279\",\"status\":\"progress\",\"created_at\":\"2018-10-16 07:37:39\",\"distance\":\"2.1508472718856857\",\"status_now\":\"1\"}', '2018-10-16 14:37:57', '2018-10-16 14:37:57'),
(147, '26', ' اضافة طلب جديد ', '{\"id\":7,\"technical_id\":\"26\",\"order_id\":\"4\",\"detection_price\":\"200\",\"price\":\"2000\",\"days\":\"2\",\"hours\":\"5\",\"lat\":\"31.50245476\",\"lan\":\"34.43464279\",\"status\":\"inprogress\",\"created_at\":\"2018-10-16 07:37:39\",\"distance\":\"2.1508472718856857\",\"status_now\":\"3\"}', '2018-10-16 14:38:16', '2018-10-16 14:38:16'),
(148, '26', ' اضافة طلب جديد ', '{\"id\":7,\"technical_id\":\"26\",\"order_id\":\"4\",\"detection_price\":\"200\",\"price\":\"2000\",\"days\":\"2\",\"hours\":\"5\",\"lat\":\"31.50245476\",\"lan\":\"34.43464279\",\"status\":\"inprogress\",\"created_at\":\"2018-10-16 07:37:39\",\"distance\":\"2.1508472718856857\",\"status_now\":\"3\"}', '2018-10-16 14:38:16', '2018-10-16 14:38:16'),
(149, '27', ' اضافة طلب جديد ', '{\"id\":7,\"technical_id\":\"26\",\"order_id\":\"4\",\"detection_price\":\"\",\"price\":\"\",\"days\":\"\",\"hours\":\"\",\"lat\":\"31.50245476\",\"lan\":\"34.43464279\",\"status\":\"refuse\",\"created_at\":\"2018-10-16 07:37:39\",\"distance\":\"2.1508472718856857\",\"status_now\":\"2\"}', '2018-10-16 14:39:30', '2018-10-16 14:39:30'),
(150, '27', ' اضافة طلب جديد ', '{\"id\":7,\"technical_id\":\"26\",\"order_id\":\"4\",\"detection_price\":\"\",\"price\":\"\",\"days\":\"\",\"hours\":\"\",\"lat\":\"31.50245476\",\"lan\":\"34.43464279\",\"status\":\"refuse\",\"created_at\":\"2018-10-16 07:37:39\",\"distance\":\"2.1508472718856857\",\"status_now\":\"2\"}', '2018-10-16 14:39:30', '2018-10-16 14:39:30'),
(151, '27', ' اضافة طلب جديد ', '{\"id\":7,\"technical_id\":\"26\",\"order_id\":\"4\",\"detection_price\":\"\",\"price\":\"\",\"days\":\"\",\"hours\":\"\",\"lat\":\"31.50245476\",\"lan\":\"34.43464279\",\"status\":\"refuse\",\"created_at\":\"2018-10-16 07:37:39\",\"distance\":\"2.1508472718856857\",\"status_now\":\"2\"}', '2018-10-16 14:39:30', '2018-10-16 14:39:30'),
(152, '23', ' اضافة طلب جديد ', '{\"id\":5,\"user_id\":\"27\",\"technical_id\":null,\"order_technical_id\":null,\"category_id\":\"1\",\"vedio\":\"\",\"name\":\"Test customer\",\"mobile\":\"+964888888888\",\"email\":\"ttt@tyt.ttt\",\"address\":\"Unnamed Road\",\"description\":\"\\u0639\\u0627\\u0632\\u0627 \\u0627\\u0627\\u062a\\u0645\\u0646 \\u0641\\u0628\\u064a\\u0633\",\"status_time\":\"0\",\"time\":null,\"date\":null,\"add_work\":null,\"price\":null,\"location\":\"Unnamed Road\",\"lat\":\"31.505657166068364\",\"lan\":\"34.41822677850723\",\"status\":\"waiting\",\"response\":null,\"created_at\":\"2018-10-16 07:48:17\",\"status_now\":\"0\",\"additional_work\":[],\"images\":[{\"id\":32,\"attatchmentable_id\":\"5\",\"attatchmentable_type\":\"App\\\\Models\\\\Order\",\"image\":\"http:\\/\\/enjaz.hexacit.com\\/uploads\\/order\\/5bb1d1c340579.jpeg\"},{\"id\":223,\"attatchmentable_id\":\"5\",\"attatchmentable_type\":\"App\\\\Models\\\\Order\",\"image\":\"http:\\/\\/enjaz.hexacit.com\\/uploads\\/order\\/5bc597c1e7e72.jpeg\"}]}', '2018-10-16 14:48:19', '2018-10-16 14:48:19');
INSERT INTO `notification_firbase` (`id`, `user_id`, `message`, `object`, `created_at`, `updated_at`) VALUES
(153, '26', ' اضافة طلب جديد ', '{\"id\":5,\"user_id\":\"27\",\"technical_id\":null,\"order_technical_id\":null,\"category_id\":\"1\",\"vedio\":\"\",\"name\":\"Test customer\",\"mobile\":\"+964888888888\",\"email\":\"ttt@tyt.ttt\",\"address\":\"Unnamed Road\",\"description\":\"\\u0639\\u0627\\u0632\\u0627 \\u0627\\u0627\\u062a\\u0645\\u0646 \\u0641\\u0628\\u064a\\u0633\",\"status_time\":\"0\",\"time\":null,\"date\":null,\"add_work\":null,\"price\":null,\"location\":\"Unnamed Road\",\"lat\":\"31.505657166068364\",\"lan\":\"34.41822677850723\",\"status\":\"waiting\",\"response\":null,\"created_at\":\"2018-10-16 07:48:17\",\"status_now\":\"0\",\"additional_work\":[],\"images\":[{\"id\":32,\"attatchmentable_id\":\"5\",\"attatchmentable_type\":\"App\\\\Models\\\\Order\",\"image\":\"http:\\/\\/enjaz.hexacit.com\\/uploads\\/order\\/5bb1d1c340579.jpeg\"},{\"id\":223,\"attatchmentable_id\":\"5\",\"attatchmentable_type\":\"App\\\\Models\\\\Order\",\"image\":\"http:\\/\\/enjaz.hexacit.com\\/uploads\\/order\\/5bc597c1e7e72.jpeg\"}]}', '2018-10-16 14:48:19', '2018-10-16 14:48:19'),
(154, '26', ' اضافة طلب جديد ', '{\"id\":5,\"user_id\":\"27\",\"technical_id\":null,\"order_technical_id\":null,\"category_id\":\"1\",\"vedio\":\"\",\"name\":\"Test customer\",\"mobile\":\"+964888888888\",\"email\":\"ttt@tyt.ttt\",\"address\":\"Unnamed Road\",\"description\":\"\\u0639\\u0627\\u0632\\u0627 \\u0627\\u0627\\u062a\\u0645\\u0646 \\u0641\\u0628\\u064a\\u0633\",\"status_time\":\"0\",\"time\":null,\"date\":null,\"add_work\":null,\"price\":null,\"location\":\"Unnamed Road\",\"lat\":\"31.505657166068364\",\"lan\":\"34.41822677850723\",\"status\":\"waiting\",\"response\":null,\"created_at\":\"2018-10-16 07:48:17\",\"status_now\":\"0\",\"additional_work\":[],\"images\":[{\"id\":32,\"attatchmentable_id\":\"5\",\"attatchmentable_type\":\"App\\\\Models\\\\Order\",\"image\":\"http:\\/\\/enjaz.hexacit.com\\/uploads\\/order\\/5bb1d1c340579.jpeg\"},{\"id\":223,\"attatchmentable_id\":\"5\",\"attatchmentable_type\":\"App\\\\Models\\\\Order\",\"image\":\"http:\\/\\/enjaz.hexacit.com\\/uploads\\/order\\/5bc597c1e7e72.jpeg\"}]}', '2018-10-16 14:48:19', '2018-10-16 14:48:19'),
(155, '27', ' اضافة طلب جديد ', '{\"id\":10,\"technical_id\":\"26\",\"order_id\":\"5\",\"detection_price\":\"20\",\"price\":\"500\",\"days\":\"2\",\"hours\":\"5\",\"lat\":\"31.50245476\",\"lan\":\"34.43464279\",\"status\":\"progress\",\"created_at\":\"2018-10-16 07:48:18\",\"distance\":\"1.5965403540546346\",\"status_now\":\"1\"}', '2018-10-16 14:48:40', '2018-10-16 14:48:40'),
(156, '27', ' اضافة طلب جديد ', '{\"id\":10,\"technical_id\":\"26\",\"order_id\":\"5\",\"detection_price\":\"20\",\"price\":\"500\",\"days\":\"2\",\"hours\":\"5\",\"lat\":\"31.50245476\",\"lan\":\"34.43464279\",\"status\":\"progress\",\"created_at\":\"2018-10-16 07:48:18\",\"distance\":\"1.5965403540546346\",\"status_now\":\"1\"}', '2018-10-16 14:48:40', '2018-10-16 14:48:40'),
(157, '27', ' اضافة طلب جديد ', '{\"id\":10,\"technical_id\":\"26\",\"order_id\":\"5\",\"detection_price\":\"20\",\"price\":\"500\",\"days\":\"2\",\"hours\":\"5\",\"lat\":\"31.50245476\",\"lan\":\"34.43464279\",\"status\":\"progress\",\"created_at\":\"2018-10-16 07:48:18\",\"distance\":\"1.5965403540546346\",\"status_now\":\"1\"}', '2018-10-16 14:48:40', '2018-10-16 14:48:40'),
(158, '26', ' اضافة طلب جديد ', '{\"id\":10,\"technical_id\":\"26\",\"order_id\":\"5\",\"detection_price\":\"20\",\"price\":\"500\",\"days\":\"2\",\"hours\":\"5\",\"lat\":\"31.50245476\",\"lan\":\"34.43464279\",\"status\":\"inprogress\",\"created_at\":\"2018-10-16 07:48:18\",\"distance\":\"1.5965403540546346\",\"status_now\":\"3\"}', '2018-10-16 14:50:20', '2018-10-16 14:50:20'),
(159, '26', ' اضافة طلب جديد ', '{\"id\":10,\"technical_id\":\"26\",\"order_id\":\"5\",\"detection_price\":\"20\",\"price\":\"500\",\"days\":\"2\",\"hours\":\"5\",\"lat\":\"31.50245476\",\"lan\":\"34.43464279\",\"status\":\"inprogress\",\"created_at\":\"2018-10-16 07:48:18\",\"distance\":\"1.5965403540546346\",\"status_now\":\"3\"}', '2018-10-16 14:50:20', '2018-10-16 14:50:20'),
(160, '23', ' اضافة طلب جديد ', '{\"id\":6,\"user_id\":\"15\",\"technical_id\":null,\"order_technical_id\":null,\"category_id\":\"1\",\"vedio\":\"\",\"name\":\"test customer\",\"mobile\":\"+964666666666\",\"email\":\"qqabbb@bbb.bbb\",\"address\":\"Unnamed Road\",\"description\":\"Hhhbh tffd gffg\",\"status_time\":\"0\",\"time\":null,\"date\":null,\"add_work\":null,\"price\":null,\"location\":\"Unnamed Road\",\"lat\":\"31.50565173486892\",\"lan\":\"34.41801756620407\",\"status\":\"waiting\",\"response\":null,\"created_at\":\"2018-10-16 08:39:19\",\"status_now\":\"0\",\"additional_work\":[],\"images\":[{\"id\":33,\"attatchmentable_id\":\"6\",\"attatchmentable_type\":\"App\\\\Models\\\\Order\",\"image\":\"http:\\/\\/enjaz.hexacit.com\\/uploads\\/order\\/5bb1d5cc911b5.jpeg\"},{\"id\":34,\"attatchmentable_id\":\"6\",\"attatchmentable_type\":\"App\\\\Models\\\\Order\",\"image\":\"http:\\/\\/enjaz.hexacit.com\\/uploads\\/order\\/5bb1d5cc96c37.jpeg\"},{\"id\":35,\"attatchmentable_id\":\"6\",\"attatchmentable_type\":\"App\\\\Models\\\\Order\",\"image\":\"http:\\/\\/enjaz.hexacit.com\\/uploads\\/order\\/5bb1d5cc985d9.jpeg\"},{\"id\":224,\"attatchmentable_id\":\"6\",\"attatchmentable_type\":\"App\\\\Models\\\\Order\",\"image\":\"http:\\/\\/enjaz.hexacit.com\\/uploads\\/order\\/5bc5a3b7a6183.jpeg\"}]}', '2018-10-16 15:39:22', '2018-10-16 15:39:22'),
(161, '26', ' اضافة طلب جديد ', '{\"id\":6,\"user_id\":\"15\",\"technical_id\":null,\"order_technical_id\":null,\"category_id\":\"1\",\"vedio\":\"\",\"name\":\"test customer\",\"mobile\":\"+964666666666\",\"email\":\"qqabbb@bbb.bbb\",\"address\":\"Unnamed Road\",\"description\":\"Hhhbh tffd gffg\",\"status_time\":\"0\",\"time\":null,\"date\":null,\"add_work\":null,\"price\":null,\"location\":\"Unnamed Road\",\"lat\":\"31.50565173486892\",\"lan\":\"34.41801756620407\",\"status\":\"waiting\",\"response\":null,\"created_at\":\"2018-10-16 08:39:19\",\"status_now\":\"0\",\"additional_work\":[],\"images\":[{\"id\":33,\"attatchmentable_id\":\"6\",\"attatchmentable_type\":\"App\\\\Models\\\\Order\",\"image\":\"http:\\/\\/enjaz.hexacit.com\\/uploads\\/order\\/5bb1d5cc911b5.jpeg\"},{\"id\":34,\"attatchmentable_id\":\"6\",\"attatchmentable_type\":\"App\\\\Models\\\\Order\",\"image\":\"http:\\/\\/enjaz.hexacit.com\\/uploads\\/order\\/5bb1d5cc96c37.jpeg\"},{\"id\":35,\"attatchmentable_id\":\"6\",\"attatchmentable_type\":\"App\\\\Models\\\\Order\",\"image\":\"http:\\/\\/enjaz.hexacit.com\\/uploads\\/order\\/5bb1d5cc985d9.jpeg\"},{\"id\":224,\"attatchmentable_id\":\"6\",\"attatchmentable_type\":\"App\\\\Models\\\\Order\",\"image\":\"http:\\/\\/enjaz.hexacit.com\\/uploads\\/order\\/5bc5a3b7a6183.jpeg\"}]}', '2018-10-16 15:39:22', '2018-10-16 15:39:22'),
(162, '26', ' اضافة طلب جديد ', '{\"id\":6,\"user_id\":\"15\",\"technical_id\":null,\"order_technical_id\":null,\"category_id\":\"1\",\"vedio\":\"\",\"name\":\"test customer\",\"mobile\":\"+964666666666\",\"email\":\"qqabbb@bbb.bbb\",\"address\":\"Unnamed Road\",\"description\":\"Hhhbh tffd gffg\",\"status_time\":\"0\",\"time\":null,\"date\":null,\"add_work\":null,\"price\":null,\"location\":\"Unnamed Road\",\"lat\":\"31.50565173486892\",\"lan\":\"34.41801756620407\",\"status\":\"waiting\",\"response\":null,\"created_at\":\"2018-10-16 08:39:19\",\"status_now\":\"0\",\"additional_work\":[],\"images\":[{\"id\":33,\"attatchmentable_id\":\"6\",\"attatchmentable_type\":\"App\\\\Models\\\\Order\",\"image\":\"http:\\/\\/enjaz.hexacit.com\\/uploads\\/order\\/5bb1d5cc911b5.jpeg\"},{\"id\":34,\"attatchmentable_id\":\"6\",\"attatchmentable_type\":\"App\\\\Models\\\\Order\",\"image\":\"http:\\/\\/enjaz.hexacit.com\\/uploads\\/order\\/5bb1d5cc96c37.jpeg\"},{\"id\":35,\"attatchmentable_id\":\"6\",\"attatchmentable_type\":\"App\\\\Models\\\\Order\",\"image\":\"http:\\/\\/enjaz.hexacit.com\\/uploads\\/order\\/5bb1d5cc985d9.jpeg\"},{\"id\":224,\"attatchmentable_id\":\"6\",\"attatchmentable_type\":\"App\\\\Models\\\\Order\",\"image\":\"http:\\/\\/enjaz.hexacit.com\\/uploads\\/order\\/5bc5a3b7a6183.jpeg\"}]}', '2018-10-16 15:39:22', '2018-10-16 15:39:22'),
(163, '26', ' اضافة طلب جديد ', '{\"id\":6,\"user_id\":\"15\",\"technical_id\":null,\"order_technical_id\":null,\"category_id\":\"1\",\"vedio\":\"\",\"name\":\"test customer\",\"mobile\":\"+964666666666\",\"email\":\"qqabbb@bbb.bbb\",\"address\":\"Unnamed Road\",\"description\":\"Hhhbh tffd gffg\",\"status_time\":\"0\",\"time\":null,\"date\":null,\"add_work\":null,\"price\":null,\"location\":\"Unnamed Road\",\"lat\":\"31.50565173486892\",\"lan\":\"34.41801756620407\",\"status\":\"waiting\",\"response\":null,\"created_at\":\"2018-10-16 08:39:19\",\"status_now\":\"0\",\"additional_work\":[],\"images\":[{\"id\":33,\"attatchmentable_id\":\"6\",\"attatchmentable_type\":\"App\\\\Models\\\\Order\",\"image\":\"http:\\/\\/enjaz.hexacit.com\\/uploads\\/order\\/5bb1d5cc911b5.jpeg\"},{\"id\":34,\"attatchmentable_id\":\"6\",\"attatchmentable_type\":\"App\\\\Models\\\\Order\",\"image\":\"http:\\/\\/enjaz.hexacit.com\\/uploads\\/order\\/5bb1d5cc96c37.jpeg\"},{\"id\":35,\"attatchmentable_id\":\"6\",\"attatchmentable_type\":\"App\\\\Models\\\\Order\",\"image\":\"http:\\/\\/enjaz.hexacit.com\\/uploads\\/order\\/5bb1d5cc985d9.jpeg\"},{\"id\":224,\"attatchmentable_id\":\"6\",\"attatchmentable_type\":\"App\\\\Models\\\\Order\",\"image\":\"http:\\/\\/enjaz.hexacit.com\\/uploads\\/order\\/5bc5a3b7a6183.jpeg\"}]}', '2018-10-16 15:39:22', '2018-10-16 15:39:22'),
(164, '23', ' اضافة طلب جديد ', '{\"id\":7,\"user_id\":\"28\",\"technical_id\":null,\"order_technical_id\":null,\"category_id\":\"1\",\"vedio\":\"\",\"name\":\"iCustomer\",\"mobile\":\"+964999999999\",\"email\":\"mmm@mmm.mmm\",\"address\":\"Unnamed Road\",\"description\":\"\\u0639\\u0627 \\u0639\\u0644\\u0644\\u0645 \\u0646\\u0645\\u0646\\u0644 \\u0639\\u063a\\u064a\\u062f\\u0646 \\u0644\\u0637\\u062b\",\"status_time\":\"1\",\"time\":\"12:14:55\",\"date\":\"2018-10-17\",\"add_work\":null,\"price\":null,\"location\":\"Unnamed Road\",\"lat\":\"31.50868629692289\",\"lan\":\"34.4392204284668\",\"status\":\"waiting\",\"response\":null,\"created_at\":\"2018-10-16 09:15:15\",\"status_now\":\"0\",\"additional_work\":[],\"images\":[{\"id\":36,\"attatchmentable_id\":\"7\",\"attatchmentable_type\":\"App\\\\Models\\\\Order\",\"image\":\"http:\\/\\/enjaz.hexacit.com\\/uploads\\/order\\/5bb1d6a95a690.jpeg\"},{\"id\":225,\"attatchmentable_id\":\"7\",\"attatchmentable_type\":\"App\\\\Models\\\\Order\",\"image\":\"http:\\/\\/enjaz.hexacit.com\\/uploads\\/order\\/5bc5ac23b004f.jpeg\"}]}', '2018-10-16 16:15:18', '2018-10-16 16:15:18'),
(165, '26', ' اضافة طلب جديد ', '{\"id\":7,\"user_id\":\"28\",\"technical_id\":null,\"order_technical_id\":null,\"category_id\":\"1\",\"vedio\":\"\",\"name\":\"iCustomer\",\"mobile\":\"+964999999999\",\"email\":\"mmm@mmm.mmm\",\"address\":\"Unnamed Road\",\"description\":\"\\u0639\\u0627 \\u0639\\u0644\\u0644\\u0645 \\u0646\\u0645\\u0646\\u0644 \\u0639\\u063a\\u064a\\u062f\\u0646 \\u0644\\u0637\\u062b\",\"status_time\":\"1\",\"time\":\"12:14:55\",\"date\":\"2018-10-17\",\"add_work\":null,\"price\":null,\"location\":\"Unnamed Road\",\"lat\":\"31.50868629692289\",\"lan\":\"34.4392204284668\",\"status\":\"waiting\",\"response\":null,\"created_at\":\"2018-10-16 09:15:15\",\"status_now\":\"0\",\"additional_work\":[],\"images\":[{\"id\":36,\"attatchmentable_id\":\"7\",\"attatchmentable_type\":\"App\\\\Models\\\\Order\",\"image\":\"http:\\/\\/enjaz.hexacit.com\\/uploads\\/order\\/5bb1d6a95a690.jpeg\"},{\"id\":225,\"attatchmentable_id\":\"7\",\"attatchmentable_type\":\"App\\\\Models\\\\Order\",\"image\":\"http:\\/\\/enjaz.hexacit.com\\/uploads\\/order\\/5bc5ac23b004f.jpeg\"}]}', '2018-10-16 16:15:18', '2018-10-16 16:15:18'),
(166, '26', ' اضافة طلب جديد ', '{\"id\":7,\"user_id\":\"28\",\"technical_id\":null,\"order_technical_id\":null,\"category_id\":\"1\",\"vedio\":\"\",\"name\":\"iCustomer\",\"mobile\":\"+964999999999\",\"email\":\"mmm@mmm.mmm\",\"address\":\"Unnamed Road\",\"description\":\"\\u0639\\u0627 \\u0639\\u0644\\u0644\\u0645 \\u0646\\u0645\\u0646\\u0644 \\u0639\\u063a\\u064a\\u062f\\u0646 \\u0644\\u0637\\u062b\",\"status_time\":\"1\",\"time\":\"12:14:55\",\"date\":\"2018-10-17\",\"add_work\":null,\"price\":null,\"location\":\"Unnamed Road\",\"lat\":\"31.50868629692289\",\"lan\":\"34.4392204284668\",\"status\":\"waiting\",\"response\":null,\"created_at\":\"2018-10-16 09:15:15\",\"status_now\":\"0\",\"additional_work\":[],\"images\":[{\"id\":36,\"attatchmentable_id\":\"7\",\"attatchmentable_type\":\"App\\\\Models\\\\Order\",\"image\":\"http:\\/\\/enjaz.hexacit.com\\/uploads\\/order\\/5bb1d6a95a690.jpeg\"},{\"id\":225,\"attatchmentable_id\":\"7\",\"attatchmentable_type\":\"App\\\\Models\\\\Order\",\"image\":\"http:\\/\\/enjaz.hexacit.com\\/uploads\\/order\\/5bc5ac23b004f.jpeg\"}]}', '2018-10-16 16:15:18', '2018-10-16 16:15:18'),
(167, '26', ' اضافة طلب جديد ', '{\"id\":7,\"user_id\":\"28\",\"technical_id\":null,\"order_technical_id\":null,\"category_id\":\"1\",\"vedio\":\"\",\"name\":\"iCustomer\",\"mobile\":\"+964999999999\",\"email\":\"mmm@mmm.mmm\",\"address\":\"Unnamed Road\",\"description\":\"\\u0639\\u0627 \\u0639\\u0644\\u0644\\u0645 \\u0646\\u0645\\u0646\\u0644 \\u0639\\u063a\\u064a\\u062f\\u0646 \\u0644\\u0637\\u062b\",\"status_time\":\"1\",\"time\":\"12:14:55\",\"date\":\"2018-10-17\",\"add_work\":null,\"price\":null,\"location\":\"Unnamed Road\",\"lat\":\"31.50868629692289\",\"lan\":\"34.4392204284668\",\"status\":\"waiting\",\"response\":null,\"created_at\":\"2018-10-16 09:15:15\",\"status_now\":\"0\",\"additional_work\":[],\"images\":[{\"id\":36,\"attatchmentable_id\":\"7\",\"attatchmentable_type\":\"App\\\\Models\\\\Order\",\"image\":\"http:\\/\\/enjaz.hexacit.com\\/uploads\\/order\\/5bb1d6a95a690.jpeg\"},{\"id\":225,\"attatchmentable_id\":\"7\",\"attatchmentable_type\":\"App\\\\Models\\\\Order\",\"image\":\"http:\\/\\/enjaz.hexacit.com\\/uploads\\/order\\/5bc5ac23b004f.jpeg\"}]}', '2018-10-16 16:15:18', '2018-10-16 16:15:18'),
(168, '29', ' اضافة طلب جديد ', '{\"id\":7,\"user_id\":\"28\",\"technical_id\":null,\"order_technical_id\":null,\"category_id\":\"1\",\"vedio\":\"\",\"name\":\"iCustomer\",\"mobile\":\"+964999999999\",\"email\":\"mmm@mmm.mmm\",\"address\":\"Unnamed Road\",\"description\":\"\\u0639\\u0627 \\u0639\\u0644\\u0644\\u0645 \\u0646\\u0645\\u0646\\u0644 \\u0639\\u063a\\u064a\\u062f\\u0646 \\u0644\\u0637\\u062b\",\"status_time\":\"1\",\"time\":\"12:14:55\",\"date\":\"2018-10-17\",\"add_work\":null,\"price\":null,\"location\":\"Unnamed Road\",\"lat\":\"31.50868629692289\",\"lan\":\"34.4392204284668\",\"status\":\"waiting\",\"response\":null,\"created_at\":\"2018-10-16 09:15:15\",\"status_now\":\"0\",\"additional_work\":[],\"images\":[{\"id\":36,\"attatchmentable_id\":\"7\",\"attatchmentable_type\":\"App\\\\Models\\\\Order\",\"image\":\"http:\\/\\/enjaz.hexacit.com\\/uploads\\/order\\/5bb1d6a95a690.jpeg\"},{\"id\":225,\"attatchmentable_id\":\"7\",\"attatchmentable_type\":\"App\\\\Models\\\\Order\",\"image\":\"http:\\/\\/enjaz.hexacit.com\\/uploads\\/order\\/5bc5ac23b004f.jpeg\"}]}', '2018-10-16 16:15:18', '2018-10-16 16:15:18'),
(169, '28', ' اضافة طلب جديد ', '{\"id\":14,\"technical_id\":\"29\",\"order_id\":\"7\",\"detection_price\":\"200\",\"price\":\"100\",\"days\":\"3\",\"hours\":\"2\",\"lat\":\"31.50399208\",\"lan\":\"34.43450928\",\"status\":\"progress\",\"created_at\":\"2018-10-16 09:15:15\",\"distance\":\"0.6869749791349445\",\"status_now\":\"1\"}', '2018-10-16 16:15:38', '2018-10-16 16:15:38'),
(170, '28', ' اضافة طلب جديد ', '{\"id\":15,\"technical_id\":\"26\",\"order_id\":\"7\",\"detection_price\":\"232\",\"price\":\"532\",\"days\":\"4\",\"hours\":\"3\",\"lat\":\"31.50245476\",\"lan\":\"34.43464279\",\"status\":\"progress\",\"created_at\":\"2018-10-16 09:15:15\",\"distance\":\"0.8175986494599268\",\"status_now\":\"1\"}', '2018-10-16 16:23:54', '2018-10-16 16:23:54'),
(171, '29', ' اضافة طلب جديد ', '{\"id\":14,\"technical_id\":\"29\",\"order_id\":\"7\",\"detection_price\":\"200\",\"price\":\"100\",\"days\":\"3\",\"hours\":\"2\",\"lat\":\"31.50399208\",\"lan\":\"34.43450928\",\"status\":\"inprogress\",\"created_at\":\"2018-10-16 09:15:15\",\"distance\":\"0.8175986494599268\",\"status_now\":\"3\"}', '2018-10-16 16:25:54', '2018-10-16 16:25:54'),
(172, '28', ' اضافة طلب جديد ', '{\"id\":14,\"technical_id\":\"29\",\"order_id\":\"7\",\"detection_price\":\"200\",\"price\":\"100\",\"days\":\"3\",\"hours\":\"2\",\"lat\":\"31.50399208\",\"lan\":\"34.43450928\",\"status\":\"inprogress\",\"created_at\":\"2018-10-16 09:15:15\",\"distance\":\"0.6869749791349445\",\"status_now\":\"3\"}', '2018-10-16 17:10:05', '2018-10-16 17:10:05'),
(173, '29', ' اضافة طلب جديد ', '{\"id\":14,\"technical_id\":\"29\",\"order_id\":\"7\",\"detection_price\":\"200\",\"price\":\"100\",\"days\":\"3\",\"hours\":\"2\",\"lat\":\"31.50399208\",\"lan\":\"34.43450928\",\"status\":\"inprogress\",\"created_at\":\"2018-10-16 09:15:15\",\"distance\":\"0.8175986494599268\",\"status_now\":\"3\"}', '2018-10-16 17:18:25', '2018-10-16 17:18:25'),
(174, '23', ' اضافة طلب جديد ', '{\"id\":8,\"user_id\":\"28\",\"technical_id\":null,\"order_technical_id\":null,\"category_id\":\"3\",\"vedio\":\"\",\"name\":\"iCustomer\",\"mobile\":\"+964999999999\",\"email\":\"mmm@mmm.mmm\",\"address\":\"Unnamed Road\",\"description\":\"\\u062d\\u0627\\u0630\\u0643\\u0627\\u0628\\u062d\\u0627\\u0630\\u0643\\u0627\\u0630\\u0645\\u0627\\u064a\\u062e\\u0627\\u064a\",\"status_time\":\"0\",\"time\":null,\"date\":null,\"add_work\":null,\"price\":null,\"location\":\"Unnamed Road\",\"lat\":\"31.500047426458703\",\"lan\":\"34.43784981966019\",\"status\":\"waiting\",\"response\":null,\"created_at\":\"2018-10-16 10:21:54\",\"status_now\":\"0\",\"additional_work\":[],\"images\":[{\"id\":37,\"attatchmentable_id\":\"8\",\"attatchmentable_type\":\"App\\\\Models\\\\Order\",\"image\":\"http:\\/\\/enjaz.hexacit.com\\/uploads\\/order\\/5bb1d8307063a.jpeg\"},{\"id\":226,\"attatchmentable_id\":\"8\",\"attatchmentable_type\":\"App\\\\Models\\\\Order\",\"image\":\"http:\\/\\/enjaz.hexacit.com\\/uploads\\/order\\/5bc5bbc230066.jpeg\"}]}', '2018-10-16 17:21:56', '2018-10-16 17:21:56'),
(175, '26', ' اضافة طلب جديد ', '{\"id\":8,\"user_id\":\"28\",\"technical_id\":null,\"order_technical_id\":null,\"category_id\":\"3\",\"vedio\":\"\",\"name\":\"iCustomer\",\"mobile\":\"+964999999999\",\"email\":\"mmm@mmm.mmm\",\"address\":\"Unnamed Road\",\"description\":\"\\u062d\\u0627\\u0630\\u0643\\u0627\\u0628\\u062d\\u0627\\u0630\\u0643\\u0627\\u0630\\u0645\\u0627\\u064a\\u062e\\u0627\\u064a\",\"status_time\":\"0\",\"time\":null,\"date\":null,\"add_work\":null,\"price\":null,\"location\":\"Unnamed Road\",\"lat\":\"31.500047426458703\",\"lan\":\"34.43784981966019\",\"status\":\"waiting\",\"response\":null,\"created_at\":\"2018-10-16 10:21:54\",\"status_now\":\"0\",\"additional_work\":[],\"images\":[{\"id\":37,\"attatchmentable_id\":\"8\",\"attatchmentable_type\":\"App\\\\Models\\\\Order\",\"image\":\"http:\\/\\/enjaz.hexacit.com\\/uploads\\/order\\/5bb1d8307063a.jpeg\"},{\"id\":226,\"attatchmentable_id\":\"8\",\"attatchmentable_type\":\"App\\\\Models\\\\Order\",\"image\":\"http:\\/\\/enjaz.hexacit.com\\/uploads\\/order\\/5bc5bbc230066.jpeg\"}]}', '2018-10-16 17:21:56', '2018-10-16 17:21:56'),
(176, '26', ' اضافة طلب جديد ', '{\"id\":8,\"user_id\":\"28\",\"technical_id\":null,\"order_technical_id\":null,\"category_id\":\"3\",\"vedio\":\"\",\"name\":\"iCustomer\",\"mobile\":\"+964999999999\",\"email\":\"mmm@mmm.mmm\",\"address\":\"Unnamed Road\",\"description\":\"\\u062d\\u0627\\u0630\\u0643\\u0627\\u0628\\u062d\\u0627\\u0630\\u0643\\u0627\\u0630\\u0645\\u0627\\u064a\\u062e\\u0627\\u064a\",\"status_time\":\"0\",\"time\":null,\"date\":null,\"add_work\":null,\"price\":null,\"location\":\"Unnamed Road\",\"lat\":\"31.500047426458703\",\"lan\":\"34.43784981966019\",\"status\":\"waiting\",\"response\":null,\"created_at\":\"2018-10-16 10:21:54\",\"status_now\":\"0\",\"additional_work\":[],\"images\":[{\"id\":37,\"attatchmentable_id\":\"8\",\"attatchmentable_type\":\"App\\\\Models\\\\Order\",\"image\":\"http:\\/\\/enjaz.hexacit.com\\/uploads\\/order\\/5bb1d8307063a.jpeg\"},{\"id\":226,\"attatchmentable_id\":\"8\",\"attatchmentable_type\":\"App\\\\Models\\\\Order\",\"image\":\"http:\\/\\/enjaz.hexacit.com\\/uploads\\/order\\/5bc5bbc230066.jpeg\"}]}', '2018-10-16 17:21:56', '2018-10-16 17:21:56'),
(177, '26', ' اضافة طلب جديد ', '{\"id\":8,\"user_id\":\"28\",\"technical_id\":null,\"order_technical_id\":null,\"category_id\":\"3\",\"vedio\":\"\",\"name\":\"iCustomer\",\"mobile\":\"+964999999999\",\"email\":\"mmm@mmm.mmm\",\"address\":\"Unnamed Road\",\"description\":\"\\u062d\\u0627\\u0630\\u0643\\u0627\\u0628\\u062d\\u0627\\u0630\\u0643\\u0627\\u0630\\u0645\\u0627\\u064a\\u062e\\u0627\\u064a\",\"status_time\":\"0\",\"time\":null,\"date\":null,\"add_work\":null,\"price\":null,\"location\":\"Unnamed Road\",\"lat\":\"31.500047426458703\",\"lan\":\"34.43784981966019\",\"status\":\"waiting\",\"response\":null,\"created_at\":\"2018-10-16 10:21:54\",\"status_now\":\"0\",\"additional_work\":[],\"images\":[{\"id\":37,\"attatchmentable_id\":\"8\",\"attatchmentable_type\":\"App\\\\Models\\\\Order\",\"image\":\"http:\\/\\/enjaz.hexacit.com\\/uploads\\/order\\/5bb1d8307063a.jpeg\"},{\"id\":226,\"attatchmentable_id\":\"8\",\"attatchmentable_type\":\"App\\\\Models\\\\Order\",\"image\":\"http:\\/\\/enjaz.hexacit.com\\/uploads\\/order\\/5bc5bbc230066.jpeg\"}]}', '2018-10-16 17:21:56', '2018-10-16 17:21:56'),
(178, '29', ' اضافة طلب جديد ', '{\"id\":8,\"user_id\":\"28\",\"technical_id\":null,\"order_technical_id\":null,\"category_id\":\"3\",\"vedio\":\"\",\"name\":\"iCustomer\",\"mobile\":\"+964999999999\",\"email\":\"mmm@mmm.mmm\",\"address\":\"Unnamed Road\",\"description\":\"\\u062d\\u0627\\u0630\\u0643\\u0627\\u0628\\u062d\\u0627\\u0630\\u0643\\u0627\\u0630\\u0645\\u0627\\u064a\\u062e\\u0627\\u064a\",\"status_time\":\"0\",\"time\":null,\"date\":null,\"add_work\":null,\"price\":null,\"location\":\"Unnamed Road\",\"lat\":\"31.500047426458703\",\"lan\":\"34.43784981966019\",\"status\":\"waiting\",\"response\":null,\"created_at\":\"2018-10-16 10:21:54\",\"status_now\":\"0\",\"additional_work\":[],\"images\":[{\"id\":37,\"attatchmentable_id\":\"8\",\"attatchmentable_type\":\"App\\\\Models\\\\Order\",\"image\":\"http:\\/\\/enjaz.hexacit.com\\/uploads\\/order\\/5bb1d8307063a.jpeg\"},{\"id\":226,\"attatchmentable_id\":\"8\",\"attatchmentable_type\":\"App\\\\Models\\\\Order\",\"image\":\"http:\\/\\/enjaz.hexacit.com\\/uploads\\/order\\/5bc5bbc230066.jpeg\"}]}', '2018-10-16 17:21:56', '2018-10-16 17:21:56'),
(179, '28', ' اضافة طلب جديد ', '{\"id\":18,\"technical_id\":\"29\",\"order_id\":\"8\",\"detection_price\":\"300\",\"price\":\"2680\",\"days\":\"5\",\"hours\":\"2\",\"lat\":\"31.50399208\",\"lan\":\"34.43450928\",\"status\":\"progress\",\"created_at\":\"2018-10-16 10:21:54\",\"distance\":\"0.5410138741357763\",\"status_now\":\"1\"}', '2018-10-16 17:22:25', '2018-10-16 17:22:25'),
(180, '29', ' اضافة طلب جديد ', '{\"id\":18,\"technical_id\":\"29\",\"order_id\":\"8\",\"detection_price\":\"300\",\"price\":\"2680\",\"days\":\"5\",\"hours\":\"2\",\"lat\":\"31.50399208\",\"lan\":\"34.43450928\",\"status\":\"inprogress\",\"created_at\":\"2018-10-16 10:21:54\",\"distance\":\"0.40509473448827343\",\"status_now\":\"3\"}', '2018-10-16 17:22:53', '2018-10-16 17:22:53'),
(181, '28', ' اضافة طلب جديد ', '{\"id\":18,\"technical_id\":\"29\",\"order_id\":\"8\",\"detection_price\":\"300\",\"price\":\"2680\",\"days\":\"5\",\"hours\":\"2\",\"lat\":\"31.50399208\",\"lan\":\"34.43450928\",\"status\":\"inprogress\",\"created_at\":\"2018-10-16 10:21:54\",\"distance\":\"0.5410138741357763\",\"status_now\":\"3\"}', '2018-10-16 17:24:11', '2018-10-16 17:24:11'),
(182, '29', ' اضافة طلب جديد ', '{\"id\":18,\"technical_id\":\"29\",\"order_id\":\"8\",\"detection_price\":\"300\",\"price\":\"2680\",\"days\":\"5\",\"hours\":\"2\",\"lat\":\"31.50399208\",\"lan\":\"34.43450928\",\"status\":\"completed\",\"created_at\":\"2018-10-16 10:21:54\",\"distance\":\"0.40509473448827343\",\"status_now\":\"4\"}', '2018-10-16 17:38:19', '2018-10-16 17:38:19'),
(183, '23', ' اضافة طلب جديد ', '{\"id\":9,\"user_id\":\"27\",\"technical_id\":null,\"order_technical_id\":null,\"category_id\":\"2\",\"vedio\":\"http:\\/\\/enjaz.hexacit.com\\/uploads\\/order\\/5bc5c227559d6.mp4\",\"name\":\"Test customer\",\"mobile\":\"+964888888888\",\"email\":\"ttt@tyt.ttt\",\"address\":\"Gaza\",\"description\":\"b hchc\",\"status_time\":\"0\",\"time\":null,\"date\":null,\"add_work\":null,\"price\":null,\"location\":\"Gaza\",\"lat\":\"31.501695100000003\",\"lan\":\"34.4668445\",\"status\":\"waiting\",\"response\":null,\"created_at\":\"2018-10-16 10:49:21\",\"status_now\":\"0\",\"additional_work\":[],\"images\":[{\"id\":227,\"attatchmentable_id\":\"9\",\"attatchmentable_type\":\"App\\\\Models\\\\Order\",\"image\":\"http:\\/\\/enjaz.hexacit.com\\/uploads\\/order\\/5bc5c23172ef0.png\"}]}', '2018-10-16 17:49:23', '2018-10-16 17:49:23'),
(184, '29', ' اضافة طلب جديد ', '{\"id\":9,\"user_id\":\"27\",\"technical_id\":null,\"order_technical_id\":null,\"category_id\":\"2\",\"vedio\":\"http:\\/\\/enjaz.hexacit.com\\/uploads\\/order\\/5bc5c227559d6.mp4\",\"name\":\"Test customer\",\"mobile\":\"+964888888888\",\"email\":\"ttt@tyt.ttt\",\"address\":\"Gaza\",\"description\":\"b hchc\",\"status_time\":\"0\",\"time\":null,\"date\":null,\"add_work\":null,\"price\":null,\"location\":\"Gaza\",\"lat\":\"31.501695100000003\",\"lan\":\"34.4668445\",\"status\":\"waiting\",\"response\":null,\"created_at\":\"2018-10-16 10:49:21\",\"status_now\":\"0\",\"additional_work\":[],\"images\":[{\"id\":227,\"attatchmentable_id\":\"9\",\"attatchmentable_type\":\"App\\\\Models\\\\Order\",\"image\":\"http:\\/\\/enjaz.hexacit.com\\/uploads\\/order\\/5bc5c23172ef0.png\"}]}', '2018-10-16 17:49:23', '2018-10-16 17:49:23'),
(185, '27', ' اضافة طلب جديد ', '{\"id\":21,\"technical_id\":\"29\",\"order_id\":\"9\",\"detection_price\":\"200\",\"price\":\"568\",\"days\":\"3\",\"hours\":\"2\",\"lat\":\"31.50399208\",\"lan\":\"34.43450928\",\"status\":\"progress\",\"created_at\":\"2018-10-16 10:49:21\",\"distance\":\"3.0762068876907933\",\"status_now\":\"1\"}', '2018-10-16 17:51:14', '2018-10-16 17:51:14'),
(186, '27', ' اضافة طلب جديد ', '{\"id\":21,\"technical_id\":\"29\",\"order_id\":\"9\",\"detection_price\":\"200\",\"price\":\"568\",\"days\":\"3\",\"hours\":\"2\",\"lat\":\"31.50399208\",\"lan\":\"34.43450928\",\"status\":\"progress\",\"created_at\":\"2018-10-16 10:49:21\",\"distance\":\"3.0762068876907933\",\"status_now\":\"1\"}', '2018-10-16 17:51:14', '2018-10-16 17:51:14'),
(187, '23', ' اضافة طلب جديد ', '{\"id\":10,\"user_id\":\"28\",\"technical_id\":null,\"order_technical_id\":null,\"category_id\":\"1\",\"vedio\":\"\",\"name\":\"iCustomer\",\"mobile\":\"+964999999999\",\"email\":\"mmm@mmm.mmm\",\"address\":\"Unnamed Road\",\"description\":\"\\u0648\\u0627\\u0644\\u0630\\u0631 \\u0627\\u0639\\u062d\\u0632\\u0628 \\u0627\\u064a\\u0642\\u0639\\u062d\\u0632\\u0632 \\u062a\\u0644\\u064a\\u063a\\u062a\\u0645\",\"status_time\":\"0\",\"time\":null,\"date\":null,\"add_work\":null,\"price\":null,\"location\":\"Unnamed Road\",\"lat\":\"31.512134933077714\",\"lan\":\"34.42921679466963\",\"status\":\"waiting\",\"response\":null,\"created_at\":\"2018-10-16 10:55:12\",\"status_now\":\"0\",\"additional_work\":[],\"images\":[{\"id\":38,\"attatchmentable_id\":\"10\",\"attatchmentable_type\":\"App\\\\Models\\\\Order\",\"image\":\"http:\\/\\/enjaz.hexacit.com\\/uploads\\/order\\/5bb1d989229a8.jpeg\"},{\"id\":228,\"attatchmentable_id\":\"10\",\"attatchmentable_type\":\"App\\\\Models\\\\Order\",\"image\":\"http:\\/\\/enjaz.hexacit.com\\/uploads\\/order\\/5bc5c390c4374.jpeg\"}]}', '2018-10-16 17:55:14', '2018-10-16 17:55:14'),
(188, '29', ' اضافة طلب جديد ', '{\"id\":10,\"user_id\":\"28\",\"technical_id\":null,\"order_technical_id\":null,\"category_id\":\"1\",\"vedio\":\"\",\"name\":\"iCustomer\",\"mobile\":\"+964999999999\",\"email\":\"mmm@mmm.mmm\",\"address\":\"Unnamed Road\",\"description\":\"\\u0648\\u0627\\u0644\\u0630\\u0631 \\u0627\\u0639\\u062d\\u0632\\u0628 \\u0627\\u064a\\u0642\\u0639\\u062d\\u0632\\u0632 \\u062a\\u0644\\u064a\\u063a\\u062a\\u0645\",\"status_time\":\"0\",\"time\":null,\"date\":null,\"add_work\":null,\"price\":null,\"location\":\"Unnamed Road\",\"lat\":\"31.512134933077714\",\"lan\":\"34.42921679466963\",\"status\":\"waiting\",\"response\":null,\"created_at\":\"2018-10-16 10:55:12\",\"status_now\":\"0\",\"additional_work\":[],\"images\":[{\"id\":38,\"attatchmentable_id\":\"10\",\"attatchmentable_type\":\"App\\\\Models\\\\Order\",\"image\":\"http:\\/\\/enjaz.hexacit.com\\/uploads\\/order\\/5bb1d989229a8.jpeg\"},{\"id\":228,\"attatchmentable_id\":\"10\",\"attatchmentable_type\":\"App\\\\Models\\\\Order\",\"image\":\"http:\\/\\/enjaz.hexacit.com\\/uploads\\/order\\/5bc5c390c4374.jpeg\"}]}', '2018-10-16 17:55:14', '2018-10-16 17:55:14'),
(189, '28', ' اضافة طلب جديد ', '{\"id\":23,\"technical_id\":\"29\",\"order_id\":\"10\",\"detection_price\":\"20\",\"price\":\"200\",\"days\":\"3\",\"hours\":\"2\",\"lat\":\"31.50399208\",\"lan\":\"34.43450928\",\"status\":\"progress\",\"created_at\":\"2018-10-16 10:55:12\",\"distance\":\"1.035164094588177\",\"status_now\":\"1\"}', '2018-10-16 17:55:50', '2018-10-16 17:55:50'),
(190, '29', ' اضافة طلب جديد ', '{\"id\":23,\"technical_id\":\"29\",\"order_id\":\"10\",\"detection_price\":\"20\",\"price\":\"200\",\"days\":\"3\",\"hours\":\"2\",\"lat\":\"31.50399208\",\"lan\":\"34.43450928\",\"status\":\"inprogress\",\"created_at\":\"2018-10-16 10:55:12\",\"distance\":\"1.1929834432875233\",\"status_now\":\"3\"}', '2018-10-16 18:20:13', '2018-10-16 18:20:13'),
(191, '29', ' اضافة طلب جديد ', '{\"id\":23,\"technical_id\":\"29\",\"order_id\":\"10\",\"detection_price\":\"20\",\"price\":\"200\",\"days\":\"3\",\"hours\":\"2\",\"lat\":\"31.50399208\",\"lan\":\"34.43450928\",\"status\":\"completed\",\"created_at\":\"2018-10-16 10:55:12\",\"distance\":null,\"status_now\":\"4\"}', '2018-10-16 19:14:16', '2018-10-16 19:14:16'),
(192, '29', ' اضافة طلب جديد ', '{\"id\":23,\"technical_id\":\"29\",\"order_id\":\"10\",\"detection_price\":\"20\",\"price\":\"200\",\"days\":\"3\",\"hours\":\"2\",\"lat\":\"31.50399208\",\"lan\":\"34.43450928\",\"status\":\"inprogress\",\"created_at\":\"2018-10-16 10:55:12\",\"distance\":null,\"status_now\":\"3\"}', '2018-10-16 19:14:57', '2018-10-16 19:14:57'),
(193, '29', ' اضافة طلب جديد ', '{\"id\":23,\"technical_id\":\"29\",\"order_id\":\"10\",\"detection_price\":\"20\",\"price\":\"200\",\"days\":\"3\",\"hours\":\"2\",\"lat\":\"31.50399208\",\"lan\":\"34.43450928\",\"status\":\"completed\",\"created_at\":\"2018-10-16 10:55:12\",\"distance\":null,\"status_now\":\"4\"}', '2018-10-16 19:15:08', '2018-10-16 19:15:08'),
(194, '23', ' اضافة طلب جديد ', '{\"id\":1,\"technical_id\":\"23\",\"order_id\":\"1\",\"detection_price\":\"\",\"price\":\"\",\"days\":\"\",\"hours\":\"\",\"lat\":\"31.50245476\",\"lan\":\"34.43464279\",\"status\":\"inprogress\",\"created_at\":\"2018-10-16 07:05:31\",\"distance\":null,\"status_now\":\"3\"}', '2018-10-16 19:15:40', '2018-10-16 19:15:40'),
(195, '23', ' اضافة طلب جديد ', '{\"id\":1,\"technical_id\":\"23\",\"order_id\":\"1\",\"detection_price\":\"\",\"price\":\"\",\"days\":\"\",\"hours\":\"\",\"lat\":\"31.50245476\",\"lan\":\"34.43464279\",\"status\":\"progress\",\"created_at\":\"2018-10-16 07:05:31\",\"distance\":null,\"status_now\":\"1\"}', '2018-10-16 19:21:30', '2018-10-16 19:21:30'),
(196, '23', ' اضافة طلب جديد ', '{\"id\":1,\"technical_id\":\"23\",\"order_id\":\"1\",\"detection_price\":\"\",\"price\":\"\",\"days\":\"\",\"hours\":\"\",\"lat\":\"31.50245476\",\"lan\":\"34.43464279\",\"status\":\"completed\",\"created_at\":\"2018-10-16 07:05:31\",\"distance\":null,\"status_now\":\"4\"}', '2018-10-16 19:21:39', '2018-10-16 19:21:39'),
(197, '29', ' اضافة طلب جديد ', '{\"id\":21,\"technical_id\":\"29\",\"order_id\":\"9\",\"detection_price\":\"200\",\"price\":\"568\",\"days\":\"3\",\"hours\":\"2\",\"lat\":\"31.50399208\",\"lan\":\"34.43450928\",\"status\":\"inprogress\",\"created_at\":\"2018-10-16 10:49:21\",\"distance\":\"3.054120730086058\",\"status_now\":\"3\"}', '2018-10-16 19:37:24', '2018-10-16 19:37:24'),
(198, '29', ' اضافة طلب جديد ', '{\"id\":21,\"technical_id\":\"29\",\"order_id\":\"9\",\"detection_price\":\"200\",\"price\":\"568\",\"days\":\"3\",\"hours\":\"2\",\"lat\":\"31.50399208\",\"lan\":\"34.43450928\",\"status\":\"completed\",\"created_at\":\"2018-10-16 10:49:21\",\"distance\":\"3.054120730086058\",\"status_now\":\"4\"}', '2018-10-16 19:38:14', '2018-10-16 19:38:14'),
(199, '23', ' اضافة طلب جديد ', '{\"id\":11,\"user_id\":\"28\",\"technical_id\":null,\"order_technical_id\":null,\"category_id\":\"1\",\"vedio\":\"\",\"name\":\"iCustomer\",\"mobile\":\"+964999999999\",\"email\":\"mmm@mmm.mmm\",\"address\":\"Unnamed Road\",\"description\":\"Yyy hhh\",\"status_time\":\"0\",\"time\":null,\"date\":null,\"add_work\":null,\"price\":null,\"location\":\"Unnamed Road\",\"lat\":\"31.50818492637672\",\"lan\":\"34.43874031305313\",\"status\":\"waiting\",\"response\":null,\"created_at\":\"2018-10-16 12:42:28\",\"status_now\":\"0\",\"additional_work\":[],\"images\":[{\"id\":39,\"attatchmentable_id\":\"11\",\"attatchmentable_type\":\"App\\\\Models\\\\Order\",\"image\":\"http:\\/\\/enjaz.hexacit.com\\/uploads\\/order\\/5bb1dc5e1c33f.jpeg\"},{\"id\":40,\"attatchmentable_id\":\"11\",\"attatchmentable_type\":\"App\\\\Models\\\\Order\",\"image\":\"http:\\/\\/enjaz.hexacit.com\\/uploads\\/order\\/5bb1dc5e1e5fe.jpeg\"},{\"id\":41,\"attatchmentable_id\":\"11\",\"attatchmentable_type\":\"App\\\\Models\\\\Order\",\"image\":\"http:\\/\\/enjaz.hexacit.com\\/uploads\\/order\\/5bb1dc5e1f85d.jpeg\"},{\"id\":42,\"attatchmentable_id\":\"11\",\"attatchmentable_type\":\"App\\\\Models\\\\Order\",\"image\":\"http:\\/\\/enjaz.hexacit.com\\/uploads\\/order\\/5bb1dc5e2164c.jpeg\"},{\"id\":43,\"attatchmentable_id\":\"11\",\"attatchmentable_type\":\"App\\\\Models\\\\Order\",\"image\":\"http:\\/\\/enjaz.hexacit.com\\/uploads\\/order\\/5bb1dc5e2221b.jpeg\"},{\"id\":229,\"attatchmentable_id\":\"11\",\"attatchmentable_type\":\"App\\\\Models\\\\Order\",\"image\":\"http:\\/\\/enjaz.hexacit.com\\/uploads\\/order\\/5bc5dcb4e0086.jpeg\"}]}', '2018-10-16 19:42:30', '2018-10-16 19:42:30'),
(200, '29', ' اضافة طلب جديد ', '{\"id\":11,\"user_id\":\"28\",\"technical_id\":null,\"order_technical_id\":null,\"category_id\":\"1\",\"vedio\":\"\",\"name\":\"iCustomer\",\"mobile\":\"+964999999999\",\"email\":\"mmm@mmm.mmm\",\"address\":\"Unnamed Road\",\"description\":\"Yyy hhh\",\"status_time\":\"0\",\"time\":null,\"date\":null,\"add_work\":null,\"price\":null,\"location\":\"Unnamed Road\",\"lat\":\"31.50818492637672\",\"lan\":\"34.43874031305313\",\"status\":\"waiting\",\"response\":null,\"created_at\":\"2018-10-16 12:42:28\",\"status_now\":\"0\",\"additional_work\":[],\"images\":[{\"id\":39,\"attatchmentable_id\":\"11\",\"attatchmentable_type\":\"App\\\\Models\\\\Order\",\"image\":\"http:\\/\\/enjaz.hexacit.com\\/uploads\\/order\\/5bb1dc5e1c33f.jpeg\"},{\"id\":40,\"attatchmentable_id\":\"11\",\"attatchmentable_type\":\"App\\\\Models\\\\Order\",\"image\":\"http:\\/\\/enjaz.hexacit.com\\/uploads\\/order\\/5bb1dc5e1e5fe.jpeg\"},{\"id\":41,\"attatchmentable_id\":\"11\",\"attatchmentable_type\":\"App\\\\Models\\\\Order\",\"image\":\"http:\\/\\/enjaz.hexacit.com\\/uploads\\/order\\/5bb1dc5e1f85d.jpeg\"},{\"id\":42,\"attatchmentable_id\":\"11\",\"attatchmentable_type\":\"App\\\\Models\\\\Order\",\"image\":\"http:\\/\\/enjaz.hexacit.com\\/uploads\\/order\\/5bb1dc5e2164c.jpeg\"},{\"id\":43,\"attatchmentable_id\":\"11\",\"attatchmentable_type\":\"App\\\\Models\\\\Order\",\"image\":\"http:\\/\\/enjaz.hexacit.com\\/uploads\\/order\\/5bb1dc5e2221b.jpeg\"},{\"id\":229,\"attatchmentable_id\":\"11\",\"attatchmentable_type\":\"App\\\\Models\\\\Order\",\"image\":\"http:\\/\\/enjaz.hexacit.com\\/uploads\\/order\\/5bc5dcb4e0086.jpeg\"}]}', '2018-10-16 19:42:30', '2018-10-16 19:42:30'),
(201, '28', ' اضافة طلب جديد ', '{\"id\":26,\"technical_id\":\"29\",\"order_id\":\"11\",\"detection_price\":\"100\",\"price\":\"300\",\"days\":\"3\",\"hours\":\"2\",\"lat\":\"31.50399208\",\"lan\":\"34.43450928\",\"status\":\"progress\",\"created_at\":\"2018-10-16 12:42:28\",\"distance\":\"0.6150264125428471\",\"status_now\":\"1\"}', '2018-10-16 19:42:57', '2018-10-16 19:42:57'),
(202, '29', ' اضافة طلب جديد ', '{\"id\":26,\"technical_id\":\"29\",\"order_id\":\"11\",\"detection_price\":\"100\",\"price\":\"300\",\"days\":\"3\",\"hours\":\"2\",\"lat\":\"31.50399208\",\"lan\":\"34.43450928\",\"status\":\"inprogress\",\"created_at\":\"2018-10-16 12:42:28\",\"distance\":\"0.7462452432078419\",\"status_now\":\"3\"}', '2018-10-16 19:43:12', '2018-10-16 19:43:12'),
(203, '29', ' اضافة طلب جديد ', '{\"id\":26,\"technical_id\":\"29\",\"order_id\":\"11\",\"detection_price\":\"100\",\"price\":\"300\",\"days\":\"3\",\"hours\":\"2\",\"lat\":\"31.50399208\",\"lan\":\"34.43450928\",\"status\":\"progress\",\"created_at\":\"2018-10-16 12:42:28\",\"distance\":\"0.7462452432078419\",\"status_now\":\"1\"}', '2018-10-16 19:43:29', '2018-10-16 19:43:29'),
(204, '23', ' اضافة طلب جديد ', '{\"id\":12,\"user_id\":\"27\",\"technical_id\":null,\"order_technical_id\":null,\"category_id\":\"1\",\"vedio\":\"\",\"name\":\"Test customer\",\"mobile\":\"+964888888888\",\"email\":\"ttt@tyt.ttt\",\"address\":\"Gaza\",\"description\":\"\\u0629\\u0639\\u0629\\u0627\\u0629\",\"status_time\":\"0\",\"time\":null,\"date\":null,\"add_work\":null,\"price\":null,\"location\":\"Gaza\",\"lat\":\"31.501695100000003\",\"lan\":\"34.4668445\",\"status\":\"waiting\",\"response\":null,\"created_at\":\"2018-10-17 06:41:41\",\"status_now\":\"0\",\"additional_work\":[],\"images\":[{\"id\":44,\"attatchmentable_id\":\"12\",\"attatchmentable_type\":\"App\\\\Models\\\\Order\",\"image\":\"http:\\/\\/enjaz.hexacit.com\\/uploads\\/order\\/5bb1f61e6f482.jpeg\"},{\"id\":45,\"attatchmentable_id\":\"12\",\"attatchmentable_type\":\"App\\\\Models\\\\Order\",\"image\":\"http:\\/\\/enjaz.hexacit.com\\/uploads\\/order\\/5bb1f61e73801.jpeg\"},{\"id\":46,\"attatchmentable_id\":\"12\",\"attatchmentable_type\":\"App\\\\Models\\\\Order\",\"image\":\"http:\\/\\/enjaz.hexacit.com\\/uploads\\/order\\/5bb1f61e74725.jpeg\"},{\"id\":230,\"attatchmentable_id\":\"12\",\"attatchmentable_type\":\"App\\\\Models\\\\Order\",\"image\":\"http:\\/\\/enjaz.hexacit.com\\/uploads\\/order\\/5bc6d9a514177.png\"}]}', '2018-10-17 13:41:43', '2018-10-17 13:41:43'),
(205, '29', ' اضافة طلب جديد ', '{\"id\":12,\"user_id\":\"27\",\"technical_id\":null,\"order_technical_id\":null,\"category_id\":\"1\",\"vedio\":\"\",\"name\":\"Test customer\",\"mobile\":\"+964888888888\",\"email\":\"ttt@tyt.ttt\",\"address\":\"Gaza\",\"description\":\"\\u0629\\u0639\\u0629\\u0627\\u0629\",\"status_time\":\"0\",\"time\":null,\"date\":null,\"add_work\":null,\"price\":null,\"location\":\"Gaza\",\"lat\":\"31.501695100000003\",\"lan\":\"34.4668445\",\"status\":\"waiting\",\"response\":null,\"created_at\":\"2018-10-17 06:41:41\",\"status_now\":\"0\",\"additional_work\":[],\"images\":[{\"id\":44,\"attatchmentable_id\":\"12\",\"attatchmentable_type\":\"App\\\\Models\\\\Order\",\"image\":\"http:\\/\\/enjaz.hexacit.com\\/uploads\\/order\\/5bb1f61e6f482.jpeg\"},{\"id\":45,\"attatchmentable_id\":\"12\",\"attatchmentable_type\":\"App\\\\Models\\\\Order\",\"image\":\"http:\\/\\/enjaz.hexacit.com\\/uploads\\/order\\/5bb1f61e73801.jpeg\"},{\"id\":46,\"attatchmentable_id\":\"12\",\"attatchmentable_type\":\"App\\\\Models\\\\Order\",\"image\":\"http:\\/\\/enjaz.hexacit.com\\/uploads\\/order\\/5bb1f61e74725.jpeg\"},{\"id\":230,\"attatchmentable_id\":\"12\",\"attatchmentable_type\":\"App\\\\Models\\\\Order\",\"image\":\"http:\\/\\/enjaz.hexacit.com\\/uploads\\/order\\/5bc6d9a514177.png\"}]}', '2018-10-17 13:41:43', '2018-10-17 13:41:43'),
(206, '23', ' اضافة طلب جديد ', '{\"id\":13,\"user_id\":\"27\",\"technical_id\":null,\"order_technical_id\":null,\"category_id\":\"4\",\"vedio\":\"\",\"name\":\"Test customer\",\"mobile\":\"+964888888888\",\"email\":\"ttt@tyt.ttt\",\"address\":\"Gaza Strip\",\"description\":\"jchch\",\"status_time\":\"0\",\"time\":null,\"date\":null,\"add_work\":null,\"price\":null,\"location\":\"Gaza Strip\",\"lat\":\"31.3546763\",\"lan\":\"34.3088255\",\"status\":\"waiting\",\"response\":null,\"created_at\":\"2018-10-17 06:43:52\",\"status_now\":\"0\",\"additional_work\":[],\"images\":[{\"id\":47,\"attatchmentable_id\":\"13\",\"attatchmentable_type\":\"App\\\\Models\\\\Order\",\"image\":\"http:\\/\\/enjaz.hexacit.com\\/uploads\\/order\\/5bb46791d9679.jpeg\"},{\"id\":231,\"attatchmentable_id\":\"13\",\"attatchmentable_type\":\"App\\\\Models\\\\Order\",\"image\":\"http:\\/\\/enjaz.hexacit.com\\/uploads\\/order\\/5bc6da285eca3.png\"},{\"id\":232,\"attatchmentable_id\":\"13\",\"attatchmentable_type\":\"App\\\\Models\\\\Order\",\"image\":\"http:\\/\\/enjaz.hexacit.com\\/uploads\\/order\\/5bc6da285f47c.png\"}]}', '2018-10-17 13:43:53', '2018-10-17 13:43:53'),
(207, '29', ' اضافة طلب جديد ', '{\"id\":13,\"user_id\":\"27\",\"technical_id\":null,\"order_technical_id\":null,\"category_id\":\"4\",\"vedio\":\"\",\"name\":\"Test customer\",\"mobile\":\"+964888888888\",\"email\":\"ttt@tyt.ttt\",\"address\":\"Gaza Strip\",\"description\":\"jchch\",\"status_time\":\"0\",\"time\":null,\"date\":null,\"add_work\":null,\"price\":null,\"location\":\"Gaza Strip\",\"lat\":\"31.3546763\",\"lan\":\"34.3088255\",\"status\":\"waiting\",\"response\":null,\"created_at\":\"2018-10-17 06:43:52\",\"status_now\":\"0\",\"additional_work\":[],\"images\":[{\"id\":47,\"attatchmentable_id\":\"13\",\"attatchmentable_type\":\"App\\\\Models\\\\Order\",\"image\":\"http:\\/\\/enjaz.hexacit.com\\/uploads\\/order\\/5bb46791d9679.jpeg\"},{\"id\":231,\"attatchmentable_id\":\"13\",\"attatchmentable_type\":\"App\\\\Models\\\\Order\",\"image\":\"http:\\/\\/enjaz.hexacit.com\\/uploads\\/order\\/5bc6da285eca3.png\"},{\"id\":232,\"attatchmentable_id\":\"13\",\"attatchmentable_type\":\"App\\\\Models\\\\Order\",\"image\":\"http:\\/\\/enjaz.hexacit.com\\/uploads\\/order\\/5bc6da285f47c.png\"}]}', '2018-10-17 13:43:53', '2018-10-17 13:43:53'),
(208, '23', ' اضافة طلب جديد ', '{\"id\":14,\"user_id\":\"27\",\"technical_id\":null,\"order_technical_id\":null,\"category_id\":\"10\",\"vedio\":\"\",\"name\":\"Test customer\",\"mobile\":\"+964888888888\",\"email\":\"ttt@tyt.ttt\",\"address\":\"Gaza\",\"description\":\"hchc\",\"status_time\":\"0\",\"time\":null,\"date\":null,\"add_work\":null,\"price\":null,\"location\":\"Gaza\",\"lat\":\"31.501695100000003\",\"lan\":\"34.4668445\",\"status\":\"waiting\",\"response\":null,\"created_at\":\"2018-10-17 06:44:57\",\"status_now\":\"0\",\"additional_work\":[],\"images\":[{\"id\":48,\"attatchmentable_id\":\"14\",\"attatchmentable_type\":\"App\\\\Models\\\\Order\",\"image\":\"http:\\/\\/enjaz.hexacit.com\\/uploads\\/order\\/5bb9a6dac71c8.jpeg\"},{\"id\":49,\"attatchmentable_id\":\"14\",\"attatchmentable_type\":\"App\\\\Models\\\\Order\",\"image\":\"http:\\/\\/enjaz.hexacit.com\\/uploads\\/order\\/5bb9a6dace4fd.jpeg\"},{\"id\":233,\"attatchmentable_id\":\"14\",\"attatchmentable_type\":\"App\\\\Models\\\\Order\",\"image\":\"http:\\/\\/enjaz.hexacit.com\\/uploads\\/order\\/5bc6da695d975.png\"}]}', '2018-10-17 13:44:58', '2018-10-17 13:44:58'),
(209, '29', ' اضافة طلب جديد ', '{\"id\":14,\"user_id\":\"27\",\"technical_id\":null,\"order_technical_id\":null,\"category_id\":\"10\",\"vedio\":\"\",\"name\":\"Test customer\",\"mobile\":\"+964888888888\",\"email\":\"ttt@tyt.ttt\",\"address\":\"Gaza\",\"description\":\"hchc\",\"status_time\":\"0\",\"time\":null,\"date\":null,\"add_work\":null,\"price\":null,\"location\":\"Gaza\",\"lat\":\"31.501695100000003\",\"lan\":\"34.4668445\",\"status\":\"waiting\",\"response\":null,\"created_at\":\"2018-10-17 06:44:57\",\"status_now\":\"0\",\"additional_work\":[],\"images\":[{\"id\":48,\"attatchmentable_id\":\"14\",\"attatchmentable_type\":\"App\\\\Models\\\\Order\",\"image\":\"http:\\/\\/enjaz.hexacit.com\\/uploads\\/order\\/5bb9a6dac71c8.jpeg\"},{\"id\":49,\"attatchmentable_id\":\"14\",\"attatchmentable_type\":\"App\\\\Models\\\\Order\",\"image\":\"http:\\/\\/enjaz.hexacit.com\\/uploads\\/order\\/5bb9a6dace4fd.jpeg\"},{\"id\":233,\"attatchmentable_id\":\"14\",\"attatchmentable_type\":\"App\\\\Models\\\\Order\",\"image\":\"http:\\/\\/enjaz.hexacit.com\\/uploads\\/order\\/5bc6da695d975.png\"}]}', '2018-10-17 13:44:58', '2018-10-17 13:44:58'),
(210, '23', ' اضافة طلب جديد ', '{\"id\":15,\"user_id\":\"27\",\"technical_id\":null,\"order_technical_id\":null,\"category_id\":\"9\",\"vedio\":\"\",\"name\":\"Test customer\",\"mobile\":\"+964888888888\",\"email\":\"ttt@tyt.ttt\",\"address\":\"Gaza\",\"description\":\"dudhdgd\",\"status_time\":\"0\",\"time\":null,\"date\":null,\"add_work\":null,\"price\":null,\"location\":\"Gaza\",\"lat\":\"31.501695100000003\",\"lan\":\"34.4668445\",\"status\":\"waiting\",\"response\":null,\"created_at\":\"2018-10-17 06:46:20\",\"status_now\":\"0\",\"additional_work\":[],\"images\":[{\"id\":234,\"attatchmentable_id\":\"15\",\"attatchmentable_type\":\"App\\\\Models\\\\Order\",\"image\":\"http:\\/\\/enjaz.hexacit.com\\/uploads\\/order\\/5bc6dabc99e58.jpg\"}]}', '2018-10-17 13:46:21', '2018-10-17 13:46:21'),
(211, '29', ' اضافة طلب جديد ', '{\"id\":15,\"user_id\":\"27\",\"technical_id\":null,\"order_technical_id\":null,\"category_id\":\"9\",\"vedio\":\"\",\"name\":\"Test customer\",\"mobile\":\"+964888888888\",\"email\":\"ttt@tyt.ttt\",\"address\":\"Gaza\",\"description\":\"dudhdgd\",\"status_time\":\"0\",\"time\":null,\"date\":null,\"add_work\":null,\"price\":null,\"location\":\"Gaza\",\"lat\":\"31.501695100000003\",\"lan\":\"34.4668445\",\"status\":\"waiting\",\"response\":null,\"created_at\":\"2018-10-17 06:46:20\",\"status_now\":\"0\",\"additional_work\":[],\"images\":[{\"id\":234,\"attatchmentable_id\":\"15\",\"attatchmentable_type\":\"App\\\\Models\\\\Order\",\"image\":\"http:\\/\\/enjaz.hexacit.com\\/uploads\\/order\\/5bc6dabc99e58.jpg\"}]}', '2018-10-17 13:46:21', '2018-10-17 13:46:21'),
(212, '27', ' اضافة طلب جديد ', '{\"id\":17,\"technical_id\":\"26\",\"order_id\":\"6\",\"detection_price\":\"5555\",\"price\":\"5288\",\"days\":\"5\",\"hours\":\"5\",\"lat\":\"31.50245476\",\"lan\":\"34.43464279\",\"status\":\"progress\",\"created_at\":\"2018-10-18 08:07:03\",\"distance\":\"3.054120730086058\",\"status_now\":\"1\"}', '2018-10-18 16:07:33', '2018-10-18 16:07:33'),
(213, '31', ' اضافة طلب جديد ', '{\"id\":10,\"user_id\":\"36\",\"technical_id\":null,\"order_technical_id\":null,\"category_id\":\"2\",\"vedio\":\"\",\"name\":\"zina\",\"mobile\":\"+9647740455092\",\"email\":\"zezoorose45@gmail.com\",\"address\":\"\\u0628\\u063a\\u062f\\u0627\\u062f \\u0645\\u0648\\u0644\\u060c Haifa Street, \\u0628\\u063a\\u062f\\u0627\\u062f\\u060c \\u0627\\u0644\\u0639\\u0631\\u0627\\u0642\",\"description\":\"\\u0645\\u0634\\u0643\\u0644\\u0629 \\u0641\\u064a \\u0627\\u0644\\u0643\\u0648\\u0645\\u0628\\u064a\\u0648\\u062a\\u0631\",\"status_time\":\"0\",\"time\":null,\"date\":null,\"add_work\":null,\"price\":null,\"location\":\"\\u0628\\u063a\\u062f\\u0627\\u062f \\u0645\\u0648\\u0644\\u060c Haifa Street, \\u0628\\u063a\\u062f\\u0627\\u062f\\u060c \\u0627\\u0644\\u0639\\u0631\\u0627\\u0642\",\"lat\":\"33.353547127948474\",\"lan\":\"44.357907325070684\",\"status\":\"waiting\",\"response\":null,\"created_at\":\"2018-10-18 11:07:23\",\"status_now\":\"0\",\"additional_work\":[],\"images\":[]}', '2018-10-18 18:07:24', '2018-10-18 18:07:24'),
(214, '36', ' اضافة طلب جديد ', '{\"id\":24,\"technical_id\":\"31\",\"order_id\":\"10\",\"detection_price\":\"10000\",\"price\":\"5500\",\"days\":\"1\",\"hours\":\"1\",\"lat\":\"33.35387039\",\"lan\":\"44.35732269\",\"status\":\"progress\",\"created_at\":\"2018-10-18 11:07:23\",\"distance\":\"0.06512021698506061\",\"status_now\":\"1\"}', '2018-10-18 18:09:03', '2018-10-18 18:09:03'),
(215, '31', ' اضافة طلب جديد ', '{\"id\":24,\"technical_id\":\"31\",\"order_id\":\"10\",\"detection_price\":\"10000\",\"price\":\"5500\",\"days\":\"1\",\"hours\":\"1\",\"lat\":\"33.35387039\",\"lan\":\"44.35732269\",\"status\":\"inprogress\",\"created_at\":\"2018-10-18 11:07:23\",\"distance\":\"0.007976825073126458\",\"status_now\":\"3\"}', '2018-10-18 18:09:30', '2018-10-18 18:09:30'),
(216, '31', ' اضافة طلب جديد ', '{\"id\":24,\"technical_id\":\"31\",\"order_id\":\"10\",\"detection_price\":\"10000\",\"price\":\"5500\",\"days\":\"1\",\"hours\":\"1\",\"lat\":\"33.35387039\",\"lan\":\"44.35732269\",\"status\":\"completed\",\"created_at\":\"2018-10-18 11:07:23\",\"distance\":\"0.007976825073126458\",\"status_now\":\"4\"}', '2018-10-18 18:12:51', '2018-10-18 18:12:51'),
(217, '31', ' اضافة طلب جديد ', '{\"id\":24,\"technical_id\":\"31\",\"order_id\":\"10\",\"detection_price\":\"10000\",\"price\":\"5500\",\"days\":\"1\",\"hours\":\"1\",\"lat\":\"33.35387039\",\"lan\":\"44.35732269\",\"status\":\"completed\",\"created_at\":\"2018-10-18 11:07:23\",\"distance\":\"0.007976825073126458\",\"status_now\":\"4\"}', '2018-10-18 18:13:35', '2018-10-18 18:13:35'),
(218, '36', ' اضافة طلب جديد ', '{\"id\":24,\"technical_id\":\"31\",\"order_id\":\"10\",\"detection_price\":\"\",\"price\":\"\",\"days\":\"\",\"hours\":\"\",\"lat\":\"33.35387039\",\"lan\":\"44.35732269\",\"status\":\"refuse\",\"created_at\":\"2018-10-18 11:07:23\",\"distance\":\"0.06512021698506061\",\"status_now\":\"2\"}', '2018-10-18 18:14:15', '2018-10-18 18:14:15');
INSERT INTO `notification_firbase` (`id`, `user_id`, `message`, `object`, `created_at`, `updated_at`) VALUES
(219, '31', ' اضافة طلب جديد ', '{\"id\":11,\"user_id\":\"36\",\"technical_id\":null,\"order_technical_id\":null,\"category_id\":\"2\",\"vedio\":\"\",\"name\":\"zina\",\"mobile\":\"+9647740455092\",\"email\":\"zezoorose45@gmail.com\",\"address\":\"\\u0634\\u0627\\u0631\\u0639 \\u0627\\u0644\\u0627\\u0645\\u0627\\u0645 \\u0645\\u0648\\u0633\\u0649 \\u0627\\u0644\\u0643\\u0627\\u0638\\u0645\\u060c \\u0628\\u063a\\u062f\\u0627\\u062f\\u060c \\u0627\\u0644\\u0639\\u0631\\u0627\\u0642\",\"description\":\"\\u0641\\u0631\\u0645\\u062a \\u0627\\u0644\\u0643\\u0648\\u0645\\u0628\\u064a\\u0648\\u062a\\u0631\",\"status_time\":\"0\",\"time\":null,\"date\":null,\"add_work\":null,\"price\":null,\"location\":\"\\u0634\\u0627\\u0631\\u0639 \\u0627\\u0644\\u0627\\u0645\\u0627\\u0645 \\u0645\\u0648\\u0633\\u0649 \\u0627\\u0644\\u0643\\u0627\\u0638\\u0645\\u060c \\u0628\\u063a\\u062f\\u0627\\u062f\\u060c \\u0627\\u0644\\u0639\\u0631\\u0627\\u0642\",\"lat\":\"33.35329114224247\",\"lan\":\"44.35779731243983\",\"status\":\"waiting\",\"response\":null,\"created_at\":\"2018-10-18 11:16:48\",\"status_now\":\"0\",\"additional_work\":[],\"images\":[]}', '2018-10-18 18:16:49', '2018-10-18 18:16:49'),
(220, '36', ' اضافة طلب جديد ', '{\"id\":26,\"technical_id\":\"31\",\"order_id\":\"11\",\"detection_price\":\"0\",\"price\":\"3000\",\"days\":\"1\",\"hours\":\"1\",\"lat\":\"33.35387039\",\"lan\":\"44.35732269\",\"status\":\"progress\",\"created_at\":\"2018-10-18 11:16:48\",\"distance\":\"0.07805061512936874\",\"status_now\":\"1\"}', '2018-10-18 18:18:34', '2018-10-18 18:18:34'),
(221, '31', ' اضافة طلب جديد ', '{\"id\":26,\"technical_id\":\"31\",\"order_id\":\"11\",\"detection_price\":\"0\",\"price\":\"3000\",\"days\":\"1\",\"hours\":\"1\",\"lat\":\"33.35387039\",\"lan\":\"44.35732269\",\"status\":\"inprogress\",\"created_at\":\"2018-10-18 11:16:48\",\"distance\":\"0.03616985017364194\",\"status_now\":\"3\"}', '2018-10-18 18:20:43', '2018-10-18 18:20:43'),
(222, '31', ' اضافة طلب جديد ', '{\"id\":26,\"technical_id\":\"31\",\"order_id\":\"11\",\"detection_price\":\"0\",\"price\":\"3000\",\"days\":\"1\",\"hours\":\"1\",\"lat\":\"33.35387039\",\"lan\":\"44.35732269\",\"status\":\"completed\",\"created_at\":\"2018-10-18 11:16:48\",\"distance\":\"0.03616985017364194\",\"status_now\":\"4\"}', '2018-10-18 18:24:35', '2018-10-18 18:24:35'),
(223, '31', ' اضافة طلب جديد ', '{\"id\":26,\"technical_id\":\"31\",\"order_id\":\"11\",\"detection_price\":\"0\",\"price\":\"3000\",\"days\":\"1\",\"hours\":\"1\",\"lat\":\"33.35387039\",\"lan\":\"44.35732269\",\"status\":\"completed\",\"created_at\":\"2018-10-18 11:16:48\",\"distance\":\"0.03616985017364194\",\"status_now\":\"4\"}', '2018-10-18 18:27:54', '2018-10-18 18:27:54'),
(224, '31', ' اضافة طلب جديد ', '{\"id\":26,\"technical_id\":\"31\",\"order_id\":\"11\",\"detection_price\":\"0\",\"price\":\"3000\",\"days\":\"1\",\"hours\":\"1\",\"lat\":\"33.35387039\",\"lan\":\"44.35732269\",\"status\":\"completed\",\"created_at\":\"2018-10-18 11:16:48\",\"distance\":\"0.03616985017364194\",\"status_now\":\"4\"}', '2018-10-18 18:28:05', '2018-10-18 18:28:05'),
(225, '31', ' اضافة طلب جديد ', '{\"id\":12,\"user_id\":\"36\",\"technical_id\":null,\"order_technical_id\":null,\"category_id\":\"2\",\"vedio\":\"\",\"name\":\"zina\",\"mobile\":\"+9647740455092\",\"email\":\"zezoorose45@gmail.com\",\"address\":\"Al Kadhim Street, Baghdad, \\u0627\\u0644\\u0639\\u0631\\u0627\\u0642\",\"description\":\"\\u0627\\u0644\\u062d\\u0627\\u0633\\u0628\\u0629 \\u0644\\u0627\\u062a\\u0639\\u0645\\u0644\",\"status_time\":\"0\",\"time\":null,\"date\":null,\"add_work\":null,\"price\":null,\"location\":\"Al Kadhim Street, Baghdad, \\u0627\\u0644\\u0639\\u0631\\u0627\\u0642\",\"lat\":\"33.35848223120624\",\"lan\":\"44.34663165360689\",\"status\":\"waiting\",\"response\":null,\"created_at\":\"2018-10-18 11:34:58\",\"status_now\":\"0\",\"additional_work\":[],\"images\":[{\"id\":6,\"attatchmentable_id\":\"12\",\"attatchmentable_type\":\"App\\\\Models\\\\Order\",\"image\":\"http:\\/\\/enjaz.hexacit.com\\/uploads\\/order\\/5bc86fe261136.jpeg\"}]}', '2018-10-18 18:34:59', '2018-10-18 18:34:59'),
(226, '36', ' اضافة طلب جديد ', '{\"id\":28,\"technical_id\":\"31\",\"order_id\":\"12\",\"detection_price\":\"1000\",\"price\":\"5000\",\"days\":\"1\",\"hours\":\"1\",\"lat\":\"33.35387039\",\"lan\":\"44.35732269\",\"status\":\"progress\",\"created_at\":\"2018-10-18 11:34:58\",\"distance\":\"1.117561558834323\",\"status_now\":\"1\"}', '2018-10-18 18:35:56', '2018-10-18 18:35:56'),
(227, '31', ' اضافة طلب جديد ', '{\"id\":28,\"technical_id\":\"31\",\"order_id\":\"12\",\"detection_price\":\"1000\",\"price\":\"5000\",\"days\":\"1\",\"hours\":\"1\",\"lat\":\"33.35387039\",\"lan\":\"44.35732269\",\"status\":\"inprogress\",\"created_at\":\"2018-10-18 11:34:58\",\"distance\":\"1.1758168872311878\",\"status_now\":\"3\"}', '2018-10-18 18:38:41', '2018-10-18 18:38:41'),
(228, '31', ' اضافة طلب جديد ', '{\"id\":28,\"technical_id\":\"31\",\"order_id\":\"12\",\"detection_price\":\"1000\",\"price\":\"5000\",\"days\":\"1\",\"hours\":\"1\",\"lat\":\"33.35387039\",\"lan\":\"44.35732269\",\"status\":\"completed\",\"created_at\":\"2018-10-18 11:34:58\",\"distance\":\"1.1758168872311878\",\"status_now\":\"4\"}', '2018-10-18 18:47:06', '2018-10-18 18:47:06'),
(229, '31', ' اضافة طلب جديد ', '{\"id\":26,\"technical_id\":\"31\",\"order_id\":\"11\",\"detection_price\":\"0\",\"price\":\"3000\",\"days\":\"1\",\"hours\":\"1\",\"lat\":\"33.35387039\",\"lan\":\"44.35732269\",\"status\":\"completed\",\"created_at\":\"2018-10-18 11:16:48\",\"distance\":\"0.03616985017364194\",\"status_now\":\"4\"}', '2018-10-18 18:48:58', '2018-10-18 18:48:58'),
(230, '31', ' اضافة طلب جديد ', '{\"id\":28,\"technical_id\":\"31\",\"order_id\":\"12\",\"detection_price\":\"1000\",\"price\":\"5000\",\"days\":\"1\",\"hours\":\"1\",\"lat\":\"33.35387039\",\"lan\":\"44.35732269\",\"status\":\"completed\",\"created_at\":\"2018-10-18 11:34:58\",\"distance\":\"1.1758168872311878\",\"status_now\":\"4\"}', '2018-10-18 18:50:05', '2018-10-18 18:50:05'),
(231, '31', ' اضافة طلب جديد ', '{\"id\":17,\"user_id\":\"37\",\"technical_id\":null,\"order_technical_id\":null,\"category_id\":\"2\",\"vedio\":\"\",\"name\":\"\\u0645\\u0642\\u062f\\u0627\\u062f \\u062d\\u064a\\u0627\\u0648\\u064a\",\"mobile\":\"+9647740458197\",\"email\":\"mokdad_rahman@yahoo.com\",\"address\":\"Jamia St, Baghdad, \\u0627\\u0644\\u0639\\u0631\\u0627\\u0642\",\"description\":\"\\u062a\\u062a\\u062a\\u0627\\u0627\\u0627\\u0629\\u0629\\u0649\\u0649\",\"status_time\":\"0\",\"time\":null,\"date\":null,\"add_work\":null,\"price\":null,\"location\":\"Jamia St, Baghdad, \\u0627\\u0644\\u0639\\u0631\\u0627\\u0642\",\"lat\":\"33.2825837\",\"lan\":\"44.3930712\",\"status\":\"waiting\",\"response\":null,\"created_at\":\"2018-10-18 18:16:29\",\"status_now\":\"0\",\"additional_work\":[],\"images\":[]}', '2018-10-19 01:16:30', '2018-10-19 01:16:30'),
(232, '37', ' اضافة طلب جديد ', '{\"id\":34,\"technical_id\":\"31\",\"order_id\":\"17\",\"detection_price\":\"1000\",\"price\":\"20000\",\"days\":\"1\",\"hours\":\"1\",\"lat\":\"33.35387039\",\"lan\":\"44.35732269\",\"status\":\"progress\",\"created_at\":\"2018-10-18 18:16:29\",\"distance\":\"8.594559074698394\",\"status_now\":\"1\"}', '2018-10-19 01:17:32', '2018-10-19 01:17:32'),
(233, '26', ' اضافة طلب جديد ', '{\"id\":19,\"user_id\":\"27\",\"technical_id\":null,\"order_technical_id\":null,\"category_id\":\"1\",\"vedio\":\"\",\"name\":\"Test customer\",\"mobile\":\"+964888888888\",\"email\":\"ttt@tyt.ttt\",\"address\":\"Unnamed Road\",\"description\":\"\\u062a\\u0628\\u062a\\u064a\\u0627\\u0628\\u0627\\u0628\\u0627\",\"status_time\":\"0\",\"time\":null,\"date\":null,\"add_work\":null,\"price\":null,\"location\":\"Unnamed Road\",\"lat\":\"31.323463512405148\",\"lan\":\"34.334323128086574\",\"status\":\"waiting\",\"response\":null,\"created_at\":\"2018-10-18 19:43:28\",\"status_now\":\"0\",\"additional_work\":[],\"images\":[{\"id\":7,\"attatchmentable_id\":\"19\",\"attatchmentable_type\":\"App\\\\Models\\\\Order\",\"image\":\"http:\\/\\/enjaz.hexacit.com\\/uploads\\/order\\/5bc8e26089263.jpeg\"}]}', '2018-10-19 02:43:29', '2018-10-19 02:43:29'),
(234, '31', ' اضافة طلب جديد ', '{\"id\":34,\"technical_id\":\"31\",\"order_id\":\"17\",\"detection_price\":\"1000\",\"price\":\"20000\",\"days\":\"1\",\"hours\":\"1\",\"lat\":\"33.35387039\",\"lan\":\"44.35732269\",\"status\":\"inprogress\",\"created_at\":\"2018-10-18 18:16:29\",\"distance\":\"8.476921284526204\",\"status_now\":\"3\"}', '2018-10-19 04:07:34', '2018-10-19 04:07:34'),
(235, '31', ' اضافة طلب جديد ', '{\"id\":20,\"user_id\":\"37\",\"technical_id\":null,\"order_technical_id\":null,\"category_id\":\"2\",\"vedio\":\"\",\"name\":\"\\u0645\\u0642\\u062f\\u0627\\u062f \\u062d\\u064a\\u0627\\u0648\\u064a\",\"mobile\":\"+9647740458197\",\"email\":\"mokdad_rahman@yahoo.com\",\"address\":\"Unnamed Road, Baghdad, \\u0627\\u0644\\u0639\\u0631\\u0627\\u0642\",\"description\":\"\\u0627\\u0646 \\u0627\\u0644\\u0627\\u0628\\u062a\\u0648\\u0628 \\u0644\\u0627\\u062a\\u0639\\u0645\\u0644 \\u0628\\u0634\\u0643\\u0644 \\u0635\\u062d\\u064a\\u062d \\u0648\\u062a\\u062d\\u062a\\u0627\\u062c \\u0627\\u0644\\u0649 \\u0628\\u0631\\u0646\\u0627\\u0645\\u062c \\u0648\\u064a\\u0646\\u062f\\u0648 \\u062c\\u062f\\u064a\\u062f \\u0648\\u0628\\u0631\\u0646\\u0627\\u0645\\u062c \\u0627\\u0644\\u0644\\u0627\\u0648\\u0641\\u0633\",\"status_time\":\"0\",\"time\":null,\"date\":null,\"add_work\":null,\"price\":null,\"location\":\"Unnamed Road, Baghdad, \\u0627\\u0644\\u0639\\u0631\\u0627\\u0642\",\"lat\":\"33.3782061\",\"lan\":\"44.4040181\",\"status\":\"waiting\",\"response\":null,\"created_at\":\"2018-10-18 21:17:40\",\"status_now\":\"0\",\"additional_work\":[],\"images\":[{\"id\":8,\"attatchmentable_id\":\"20\",\"attatchmentable_type\":\"App\\\\Models\\\\Order\",\"image\":\"http:\\/\\/enjaz.hexacit.com\\/uploads\\/order\\/5bc8f874dedc3.jpg\"}]}', '2018-10-19 04:17:43', '2018-10-19 04:17:43'),
(236, '31', ' اضافة طلب جديد ', '{\"id\":22,\"user_id\":\"37\",\"technical_id\":null,\"order_technical_id\":null,\"category_id\":\"2\",\"vedio\":\"\",\"name\":\"\\u0645\\u0642\\u062f\\u0627\\u062f \\u062d\\u064a\\u0627\\u0648\\u064a\",\"mobile\":\"+9647740458197\",\"email\":\"mokdad_rahman@yahoo.com\",\"address\":\"Unnamed Road, Baghdad, \\u0627\\u0644\\u0639\\u0631\\u0627\\u0642\",\"description\":\"\\u062a\\u0635\\u0644\\u064a\\u062d \\u0627\\u0644\\u062d\\u0627\\u0633\\u0628\\u0629\",\"status_time\":\"1\",\"time\":\"12:03:00\",\"date\":\"2018-10-21\",\"add_work\":null,\"price\":null,\"location\":\"Unnamed Road, Baghdad, \\u0627\\u0644\\u0639\\u0631\\u0627\\u0642\",\"lat\":\"33.3781504\",\"lan\":\"44.403809\",\"status\":\"waiting\",\"response\":null,\"created_at\":\"2018-10-18 22:04:13\",\"status_now\":\"0\",\"additional_work\":[],\"images\":[]}', '2018-10-19 05:04:14', '2018-10-19 05:04:14'),
(237, '31', ' اضافة طلب جديد ', '{\"id\":23,\"user_id\":\"37\",\"technical_id\":null,\"order_technical_id\":null,\"category_id\":\"2\",\"vedio\":\"\",\"name\":\"\\u0645\\u0642\\u062f\\u0627\\u062f \\u062d\\u064a\\u0627\\u0648\\u064a\",\"mobile\":\"+9647740458197\",\"email\":\"mokdad_rahman@yahoo.com\",\"address\":\"Unnamed Road, Baghdad, \\u0627\\u0644\\u0639\\u0631\\u0627\\u0642\",\"description\":\"\\u062a\\u062a\\u062a\\u062a\\u062a\\u062a\\u062a\\u062a\\u062a\\u062a\\u062a\\u062a\\u062a\",\"status_time\":\"0\",\"time\":null,\"date\":null,\"add_work\":null,\"price\":null,\"location\":\"Unnamed Road, Baghdad, \\u0627\\u0644\\u0639\\u0631\\u0627\\u0642\",\"lat\":\"33.3781504\",\"lan\":\"44.403809\",\"status\":\"waiting\",\"response\":null,\"created_at\":\"2018-10-18 22:20:53\",\"status_now\":\"0\",\"additional_work\":[],\"images\":[{\"id\":10,\"attatchmentable_id\":\"23\",\"attatchmentable_type\":\"App\\\\Models\\\\Order\",\"image\":\"http:\\/\\/enjaz.hexacit.com\\/uploads\\/order\\/5bc90745333e5.jpg\"}]}', '2018-10-19 05:20:58', '2018-10-19 05:20:58'),
(238, '37', ' اضافة طلب جديد ', '{\"id\":43,\"technical_id\":\"31\",\"order_id\":\"23\",\"detection_price\":\"1000\",\"price\":\"20000\",\"days\":\"1\",\"hours\":\"1\",\"lat\":\"33.35387039\",\"lan\":\"44.35732269\",\"status\":\"progress\",\"created_at\":\"2018-10-18 22:20:57\",\"distance\":\"5.091750027915666\",\"status_now\":\"1\"}', '2018-10-19 14:54:18', '2018-10-19 14:54:18'),
(239, '37', ' اضافة طلب جديد ', '{\"id\":41,\"technical_id\":\"31\",\"order_id\":\"22\",\"detection_price\":\"10000\",\"price\":\"200\",\"days\":\"3\",\"hours\":\"1\",\"lat\":\"33.35387039\",\"lan\":\"44.35732269\",\"status\":\"progress\",\"created_at\":\"2018-10-18 22:04:13\",\"distance\":\"5.091750027915666\",\"status_now\":\"1\"}', '2018-10-19 14:54:32', '2018-10-19 14:54:32'),
(240, '37', ' اضافة طلب جديد ', '{\"id\":39,\"technical_id\":\"31\",\"order_id\":\"20\",\"detection_price\":\"0\",\"price\":\"10000\",\"days\":\"1\",\"hours\":\"1\",\"lat\":\"33.35387039\",\"lan\":\"44.35732269\",\"status\":\"progress\",\"created_at\":\"2018-10-18 21:17:42\",\"distance\":\"5.111499397294203\",\"status_now\":\"1\"}', '2018-10-19 14:54:56', '2018-10-19 14:54:56'),
(241, '31', ' اضافة طلب جديد ', '{\"id\":39,\"technical_id\":\"31\",\"order_id\":\"20\",\"detection_price\":\"0\",\"price\":\"10000\",\"days\":\"1\",\"hours\":\"1\",\"lat\":\"33.35387039\",\"lan\":\"44.35732269\",\"status\":\"inprogress\",\"created_at\":\"2018-10-18 21:17:42\",\"distance\":\"5.033625684391189\",\"status_now\":\"3\"}', '2018-10-19 14:55:24', '2018-10-19 14:55:24'),
(242, '31', ' اضافة طلب جديد ', '{\"id\":41,\"technical_id\":\"31\",\"order_id\":\"22\",\"detection_price\":\"10000\",\"price\":\"200\",\"days\":\"3\",\"hours\":\"1\",\"lat\":\"33.35387039\",\"lan\":\"44.35732269\",\"status\":\"inprogress\",\"created_at\":\"2018-10-18 22:04:13\",\"distance\":\"5.014016120450737\",\"status_now\":\"3\"}', '2018-10-19 14:55:52', '2018-10-19 14:55:52'),
(243, '31', ' اضافة طلب جديد ', '{\"id\":43,\"technical_id\":\"31\",\"order_id\":\"23\",\"detection_price\":\"1000\",\"price\":\"20000\",\"days\":\"1\",\"hours\":\"1\",\"lat\":\"33.35387039\",\"lan\":\"44.35732269\",\"status\":\"inprogress\",\"created_at\":\"2018-10-18 22:20:57\",\"distance\":\"5.014016120450737\",\"status_now\":\"3\"}', '2018-10-19 14:56:02', '2018-10-19 14:56:02'),
(244, '31', ' اضافة طلب جديد ', '{\"id\":41,\"technical_id\":\"31\",\"order_id\":\"22\",\"detection_price\":\"10000\",\"price\":\"200\",\"days\":\"3\",\"hours\":\"1\",\"lat\":\"33.35387039\",\"lan\":\"44.35732269\",\"status\":\"completed\",\"created_at\":\"2018-10-18 22:04:13\",\"distance\":\"5.014016120450737\",\"status_now\":\"4\"}', '2018-10-19 14:57:53', '2018-10-19 14:57:53'),
(245, '31', ' اضافة طلب جديد ', '{\"id\":43,\"technical_id\":\"31\",\"order_id\":\"23\",\"detection_price\":\"1000\",\"price\":\"20000\",\"days\":\"1\",\"hours\":\"1\",\"lat\":\"33.35387039\",\"lan\":\"44.35732269\",\"status\":\"completed\",\"created_at\":\"2018-10-18 22:20:57\",\"distance\":\"5.014016120450737\",\"status_now\":\"4\"}', '2018-10-19 14:58:19', '2018-10-19 14:58:19'),
(246, '31', ' اضافة طلب جديد ', '{\"id\":39,\"technical_id\":\"31\",\"order_id\":\"20\",\"detection_price\":\"0\",\"price\":\"10000\",\"days\":\"1\",\"hours\":\"1\",\"lat\":\"33.35387039\",\"lan\":\"44.35732269\",\"status\":\"completed\",\"created_at\":\"2018-10-18 21:17:42\",\"distance\":\"5.033625684391189\",\"status_now\":\"4\"}', '2018-10-19 14:59:19', '2018-10-19 14:59:19'),
(247, '31', ' اضافة طلب جديد ', '{\"id\":34,\"technical_id\":\"31\",\"order_id\":\"17\",\"detection_price\":\"1000\",\"price\":\"20000\",\"days\":\"1\",\"hours\":\"1\",\"lat\":\"33.35387039\",\"lan\":\"44.35732269\",\"status\":\"completed\",\"created_at\":\"2018-10-18 18:16:29\",\"distance\":\"8.476921284526204\",\"status_now\":\"4\"}', '2018-10-19 15:00:05', '2018-10-19 15:00:05'),
(248, '31', ' اضافة طلب جديد ', '{\"id\":25,\"user_id\":\"37\",\"technical_id\":null,\"order_technical_id\":null,\"category_id\":\"2\",\"vedio\":\"\",\"name\":\"\\u0645\\u0642\\u062f\\u0627\\u062f \\u062d\\u064a\\u0627\\u0648\\u064a\",\"mobile\":\"+9647740458197\",\"email\":\"mokdad_rahman@yahoo.com\",\"address\":\"\\u0634\\u0627\\u0631\\u0639 14 \\u0631\\u0645\\u0636\\u0627\\u0646\\u060c \\u0628\\u063a\\u062f\\u0627\\u062f\\u060c \\u0627\\u0644\\u0639\\u0631\\u0627\\u0642\",\"description\":\"\\u0641\\u0631\\u0645\\u062a\\u0647 \\u0627\\u0644\\u062d\\u0627\\u0633\\u0628\\u0647\",\"status_time\":\"0\",\"time\":null,\"date\":null,\"add_work\":null,\"price\":null,\"location\":\"\\u0634\\u0627\\u0631\\u0639 14 \\u0631\\u0645\\u0636\\u0627\\u0646\\u060c \\u0628\\u063a\\u062f\\u0627\\u062f\\u060c \\u0627\\u0644\\u0639\\u0631\\u0627\\u0642\",\"lat\":\"33.3236221\",\"lan\":\"44.3382882\",\"status\":\"waiting\",\"response\":null,\"created_at\":\"2018-10-19 16:09:28\",\"status_now\":\"0\",\"additional_work\":[],\"images\":[{\"id\":11,\"attatchmentable_id\":\"25\",\"attatchmentable_type\":\"App\\\\Models\\\\Order\",\"image\":\"http:\\/\\/enjaz.hexacit.com\\/uploads\\/order\\/5bca01b87ca4f.jpg\"}]}', '2018-10-19 23:09:29', '2018-10-19 23:09:29'),
(249, '37', ' اضافة طلب جديد ', '{\"id\":45,\"technical_id\":\"31\",\"order_id\":\"25\",\"detection_price\":\"0\",\"price\":\"20000\",\"days\":\"1\",\"hours\":\"1\",\"lat\":\"33.35387039\",\"lan\":\"44.35732269\",\"status\":\"progress\",\"created_at\":\"2018-10-19 16:09:28\",\"distance\":\"3.799932485895485\",\"status_now\":\"1\"}', '2018-10-20 00:02:39', '2018-10-20 00:02:39'),
(250, '31', ' اضافة طلب جديد ', '{\"id\":45,\"technical_id\":\"31\",\"order_id\":\"25\",\"detection_price\":\"0\",\"price\":\"20000\",\"days\":\"1\",\"hours\":\"1\",\"lat\":\"33.35387039\",\"lan\":\"44.35732269\",\"status\":\"inprogress\",\"created_at\":\"2018-10-19 16:09:28\",\"distance\":\"3.8049066277015635\",\"status_now\":\"3\"}', '2018-10-20 00:26:20', '2018-10-20 00:26:20'),
(251, '31', ' اضافة طلب جديد ', '{\"id\":45,\"technical_id\":\"31\",\"order_id\":\"25\",\"detection_price\":\"0\",\"price\":\"20000\",\"days\":\"1\",\"hours\":\"1\",\"lat\":\"33.35387039\",\"lan\":\"44.35732269\",\"status\":\"completed\",\"created_at\":\"2018-10-19 16:09:28\",\"distance\":\"3.8049066277015635\",\"status_now\":\"4\"}', '2018-10-20 00:27:42', '2018-10-20 00:27:42'),
(252, '26', ' اضافة طلب جديد ', '{\"id\":26,\"user_id\":\"27\",\"technical_id\":null,\"order_technical_id\":null,\"category_id\":\"1\",\"vedio\":\"\",\"name\":\"Test customer\",\"mobile\":\"+964888888888\",\"email\":\"ttt@tyt.ttt\",\"address\":\"Unnamed Road\",\"description\":\"\\u064a\\u0646\\u064a\\u0646\\u064a\\u0646\\u0637\\u0631\\u0637\",\"status_time\":\"0\",\"time\":null,\"date\":null,\"add_work\":null,\"price\":null,\"location\":\"Unnamed Road\",\"lat\":\"31.513958528440867\",\"lan\":\"34.43639639765024\",\"status\":\"waiting\",\"response\":null,\"created_at\":\"2018-10-20 09:09:50\",\"status_now\":\"0\",\"additional_work\":[],\"images\":[{\"id\":12,\"attatchmentable_id\":\"26\",\"attatchmentable_type\":\"App\\\\Models\\\\Order\",\"image\":\"http:\\/\\/enjaz.hexacit.com\\/uploads\\/order\\/5bcaf0de8a975.jpeg\"}]}', '2018-10-20 16:09:51', '2018-10-20 16:09:51'),
(253, '31', ' اضافة طلب جديد ', '{\"id\":28,\"user_id\":\"37\",\"technical_id\":null,\"order_technical_id\":null,\"category_id\":\"2\",\"vedio\":\"\",\"name\":\"\\u0645\\u0642\\u062f\\u0627\\u062f \\u062d\\u064a\\u0627\\u0648\\u064a\",\"mobile\":\"+9647740458197\",\"email\":\"mokdad_rahman@yahoo.com\",\"address\":\"\\u0628\\u063a\\u062f\\u0627\\u062f \\u0645\\u0648\\u0644\\u060c Haifa Street, \\u0628\\u063a\\u062f\\u0627\\u062f\\u060c \\u0627\\u0644\\u0639\\u0631\\u0627\\u0642\",\"description\":\"\\u062a\\u0639\\u062f\\u064a\\u0644 \\u0627\\u0644\\u0648\\u0646\\u062f\\u0648\",\"status_time\":\"0\",\"time\":null,\"date\":null,\"add_work\":null,\"price\":null,\"location\":\"\\u0628\\u063a\\u062f\\u0627\\u062f \\u0645\\u0648\\u0644\\u060c Haifa Street, \\u0628\\u063a\\u062f\\u0627\\u062f\\u060c \\u0627\\u0644\\u0639\\u0631\\u0627\\u0642\",\"lat\":\"33.3534527\",\"lan\":\"44.35799\",\"status\":\"waiting\",\"response\":null,\"created_at\":\"2018-10-20 14:00:43\",\"status_now\":\"0\",\"additional_work\":[],\"images\":[{\"id\":13,\"attatchmentable_id\":\"28\",\"attatchmentable_type\":\"App\\\\Models\\\\Order\",\"image\":\"http:\\/\\/enjaz.hexacit.com\\/uploads\\/order\\/5bcb350be333d.jpg\"}]}', '2018-10-20 21:00:45', '2018-10-20 21:00:45'),
(254, '37', ' اضافة طلب جديد ', '{\"id\":51,\"technical_id\":\"31\",\"order_id\":\"28\",\"detection_price\":\"0\",\"price\":\"2000\",\"days\":\"1\",\"hours\":\"1\",\"lat\":\"33.35387039\",\"lan\":\"44.35732269\",\"status\":\"progress\",\"created_at\":\"2018-10-20 14:00:44\",\"distance\":\"0.0774508553258983\",\"status_now\":\"1\"}', '2018-10-20 21:01:24', '2018-10-20 21:01:24'),
(255, '31', ' اضافة طلب جديد ', '{\"id\":51,\"technical_id\":\"31\",\"order_id\":\"28\",\"detection_price\":\"0\",\"price\":\"2000\",\"days\":\"1\",\"hours\":\"1\",\"lat\":\"33.35387039\",\"lan\":\"44.35732269\",\"status\":\"inprogress\",\"created_at\":\"2018-10-20 14:00:44\",\"distance\":\"0.07954416683408579\",\"status_now\":\"3\"}', '2018-10-20 21:02:51', '2018-10-20 21:02:51'),
(256, '31', ' اضافة طلب جديد ', '{\"id\":51,\"technical_id\":\"31\",\"order_id\":\"28\",\"detection_price\":\"0\",\"price\":\"2000\",\"days\":\"1\",\"hours\":\"1\",\"lat\":\"33.35387039\",\"lan\":\"44.35732269\",\"status\":\"completed\",\"created_at\":\"2018-10-20 14:00:44\",\"distance\":\"0.07954416683408579\",\"status_now\":\"4\"}', '2018-10-20 21:06:33', '2018-10-20 21:06:33'),
(257, '31', ' اضافة طلب جديد ', '{\"id\":30,\"user_id\":\"35\",\"technical_id\":null,\"order_technical_id\":null,\"category_id\":\"2\",\"vedio\":\"\",\"name\":\"samer\",\"mobile\":\"+9647700106000\",\"email\":\"sameer66_4@yahoo.com\",\"address\":\"\\u0628\\u063a\\u062f\\u0627\\u062f \\u0645\\u0648\\u0644\\u060c Haifa Street, \\u0628\\u063a\\u062f\\u0627\\u062f\\u060c \\u0627\\u0644\\u0639\\u0631\\u0627\\u0642\",\"description\":\"\\u062a\\u062e\\u0635\\u064a\\u0635\",\"status_time\":\"0\",\"time\":null,\"date\":null,\"add_work\":null,\"price\":null,\"location\":\"\\u0628\\u063a\\u062f\\u0627\\u062f \\u0645\\u0648\\u0644\\u060c Haifa Street, \\u0628\\u063a\\u062f\\u0627\\u062f\\u060c \\u0627\\u0644\\u0639\\u0631\\u0627\\u0642\",\"lat\":\"33.3534527\",\"lan\":\"44.35799\",\"status\":\"waiting\",\"response\":null,\"created_at\":\"2018-10-20 14:12:25\",\"status_now\":\"0\",\"additional_work\":[],\"images\":[]}', '2018-10-20 21:12:28', '2018-10-20 21:12:28'),
(258, '40', ' اضافة طلب جديد ', '{\"id\":30,\"user_id\":\"35\",\"technical_id\":null,\"order_technical_id\":null,\"category_id\":\"2\",\"vedio\":\"\",\"name\":\"samer\",\"mobile\":\"+9647700106000\",\"email\":\"sameer66_4@yahoo.com\",\"address\":\"\\u0628\\u063a\\u062f\\u0627\\u062f \\u0645\\u0648\\u0644\\u060c Haifa Street, \\u0628\\u063a\\u062f\\u0627\\u062f\\u060c \\u0627\\u0644\\u0639\\u0631\\u0627\\u0642\",\"description\":\"\\u062a\\u062e\\u0635\\u064a\\u0635\",\"status_time\":\"0\",\"time\":null,\"date\":null,\"add_work\":null,\"price\":null,\"location\":\"\\u0628\\u063a\\u062f\\u0627\\u062f \\u0645\\u0648\\u0644\\u060c Haifa Street, \\u0628\\u063a\\u062f\\u0627\\u062f\\u060c \\u0627\\u0644\\u0639\\u0631\\u0627\\u0642\",\"lat\":\"33.3534527\",\"lan\":\"44.35799\",\"status\":\"waiting\",\"response\":null,\"created_at\":\"2018-10-20 14:12:25\",\"status_now\":\"0\",\"additional_work\":[],\"images\":[]}', '2018-10-20 21:12:28', '2018-10-20 21:12:28'),
(259, '35', ' اضافة طلب جديد ', '{\"id\":54,\"technical_id\":\"40\",\"order_id\":\"30\",\"detection_price\":\"1000\",\"price\":\"15000\",\"days\":\"0\",\"hours\":\"1\",\"lat\":\"33.35371399\",\"lan\":\"44.35743713\",\"status\":\"progress\",\"created_at\":\"2018-10-20 14:12:25\",\"distance\":\"0.059000053647435616\",\"status_now\":\"1\"}', '2018-10-20 21:23:23', '2018-10-20 21:23:23'),
(260, '35', ' اضافة طلب جديد ', '{\"id\":55,\"technical_id\":\"31\",\"order_id\":\"30\",\"detection_price\":\"2000\",\"price\":\"20000\",\"days\":\"1\",\"hours\":\"1\",\"lat\":\"33.35387039\",\"lan\":\"44.35732269\",\"status\":\"progress\",\"created_at\":\"2018-10-20 14:12:25\",\"distance\":\"0.0774508553258983\",\"status_now\":\"1\"}', '2018-10-20 21:23:56', '2018-10-20 21:23:56'),
(261, '31', ' اضافة طلب جديد ', '{\"id\":55,\"technical_id\":\"31\",\"order_id\":\"30\",\"detection_price\":\"2000\",\"price\":\"20000\",\"days\":\"1\",\"hours\":\"1\",\"lat\":\"33.35387039\",\"lan\":\"44.35732269\",\"status\":\"inprogress\",\"created_at\":\"2018-10-20 14:12:25\",\"distance\":\"0.015466588830472612\",\"status_now\":\"3\"}', '2018-10-20 21:24:55', '2018-10-20 21:24:55'),
(262, '35', ' اضافة طلب جديد ', '{\"id\":55,\"technical_id\":\"31\",\"order_id\":\"30\",\"detection_price\":\"\",\"price\":\"\",\"days\":\"\",\"hours\":\"\",\"lat\":\"33.35387039\",\"lan\":\"44.35732269\",\"status\":\"refuse\",\"created_at\":\"2018-10-20 14:12:25\",\"distance\":\"0.0774508553258983\",\"status_now\":\"2\"}', '2018-10-20 21:28:31', '2018-10-20 21:28:31'),
(263, '40', ' اضافة طلب جديد ', '{\"id\":54,\"technical_id\":\"40\",\"order_id\":\"30\",\"detection_price\":\"1000\",\"price\":\"15000\",\"days\":\"0\",\"hours\":\"1\",\"lat\":\"33.35371399\",\"lan\":\"44.35743713\",\"status\":\"inprogress\",\"created_at\":\"2018-10-20 14:12:25\",\"distance\":\"0.015466588830472612\",\"status_now\":\"3\"}', '2018-10-20 21:29:16', '2018-10-20 21:29:16'),
(264, '26', ' اضافة طلب جديد ', '{\"id\":31,\"user_id\":\"27\",\"technical_id\":null,\"order_technical_id\":null,\"category_id\":\"1\",\"vedio\":\"\",\"name\":\"Test customer\",\"mobile\":\"+964888888888\",\"email\":\"ttt@tyt.ttt\",\"address\":\"Unnamed Road\",\"description\":\"\\u0631\\u0628\\u0648\\u0628\\u0648\\u0644\\u0648\\u0644\",\"status_time\":\"0\",\"time\":null,\"date\":null,\"add_work\":null,\"price\":null,\"location\":\"Unnamed Road\",\"lat\":\"31.501686710237394\",\"lan\":\"34.43485712465978\",\"status\":\"waiting\",\"response\":null,\"created_at\":\"2018-10-21 05:47:06\",\"status_now\":\"0\",\"additional_work\":[],\"images\":[{\"id\":14,\"attatchmentable_id\":\"31\",\"attatchmentable_type\":\"App\\\\Models\\\\Order\",\"image\":\"http:\\/\\/enjaz.hexacit.com\\/uploads\\/order\\/5bcc12da92677.jpeg\"}]}', '2018-10-21 12:47:07', '2018-10-21 12:47:07'),
(265, '26', ' اضافة طلب جديد ', '{\"id\":33,\"user_id\":\"27\",\"technical_id\":null,\"order_technical_id\":null,\"category_id\":\"1\",\"vedio\":\"\",\"name\":\"Test customer\",\"mobile\":\"+964888888888\",\"email\":\"ttt@tyt.ttt\",\"address\":\"none\",\"description\":\"hchchch\",\"status_time\":\"0\",\"time\":null,\"date\":null,\"add_work\":null,\"price\":null,\"location\":\"none\",\"lat\":\"31.501851\",\"lan\":\"34.434612\",\"status\":\"waiting\",\"response\":null,\"created_at\":\"2018-10-21 07:39:39\",\"status_now\":\"0\",\"additional_work\":[],\"images\":[]}', '2018-10-21 14:39:40', '2018-10-21 14:39:40'),
(266, '26', ' اضافة طلب جديد ', '{\"id\":34,\"user_id\":\"27\",\"technical_id\":null,\"order_technical_id\":null,\"category_id\":\"1\",\"vedio\":\"\",\"name\":\"Test customer\",\"mobile\":\"+964888888888\",\"email\":\"ttt@tyt.ttt\",\"address\":\"none\",\"description\":\"\\u0647\\u0644\\u0647\\u0644\\u0647\\u0644\",\"status_time\":\"1\",\"time\":\"10:41:00\",\"date\":\"2018-10-30\",\"add_work\":null,\"price\":null,\"location\":\"none\",\"lat\":\"31.501851\",\"lan\":\"34.434612\",\"status\":\"waiting\",\"response\":null,\"created_at\":\"2018-10-21 07:41:32\",\"status_now\":\"0\",\"additional_work\":[],\"images\":[]}', '2018-10-21 14:41:32', '2018-10-21 14:41:32'),
(267, '26', ' اضافة طلب جديد ', '{\"id\":35,\"user_id\":\"27\",\"technical_id\":null,\"order_technical_id\":null,\"category_id\":\"5\",\"vedio\":\"\",\"name\":\"Test customer\",\"mobile\":\"+964888888888\",\"email\":\"ttt@tyt.ttt\",\"address\":\"none\",\"description\":\"\\u0648\\u0649\\u062a\\u0631\\u062a\\u0624\\u062a\\u0624\\u0627\\u0624\",\"status_time\":\"0\",\"time\":null,\"date\":null,\"add_work\":null,\"price\":null,\"location\":\"none\",\"lat\":\"31.501851\",\"lan\":\"34.434612\",\"status\":\"waiting\",\"response\":null,\"created_at\":\"2018-10-21 07:44:03\",\"status_now\":\"0\",\"additional_work\":[],\"images\":[{\"id\":15,\"attatchmentable_id\":\"35\",\"attatchmentable_type\":\"App\\\\Models\\\\Order\",\"image\":\"http:\\/\\/enjaz.hexacit.com\\/uploads\\/order\\/5bcc2e4357c5e.png\"},{\"id\":16,\"attatchmentable_id\":\"35\",\"attatchmentable_type\":\"App\\\\Models\\\\Order\",\"image\":\"http:\\/\\/enjaz.hexacit.com\\/uploads\\/order\\/5bcc2e435a21a.jpg\"}]}', '2018-10-21 14:44:04', '2018-10-21 14:44:04'),
(268, '26', ' اضافة طلب جديد ', '{\"id\":36,\"user_id\":\"42\",\"technical_id\":null,\"order_technical_id\":null,\"category_id\":\"1\",\"vedio\":\"\",\"name\":\"\\u062f\\u0627\\u0645\\u0631\",\"mobile\":\"+964112233445\",\"email\":\"ramezadnan4@gmail.com\",\"address\":\"Unnamed Road\",\"description\":\"Test test test\",\"status_time\":\"0\",\"time\":null,\"date\":null,\"add_work\":null,\"price\":null,\"location\":\"Unnamed Road\",\"lat\":\"31.501547944719253\",\"lan\":\"34.43539761006832\",\"status\":\"waiting\",\"response\":null,\"created_at\":\"2018-10-21 10:22:04\",\"status_now\":\"0\",\"additional_work\":[],\"images\":[{\"id\":17,\"attatchmentable_id\":\"36\",\"attatchmentable_type\":\"App\\\\Models\\\\Order\",\"image\":\"http:\\/\\/enjaz.hexacit.com\\/uploads\\/order\\/5bcc534c0b592.jpeg\"},{\"id\":18,\"attatchmentable_id\":\"36\",\"attatchmentable_type\":\"App\\\\Models\\\\Order\",\"image\":\"http:\\/\\/enjaz.hexacit.com\\/uploads\\/order\\/5bcc534c0f447.jpeg\"},{\"id\":19,\"attatchmentable_id\":\"36\",\"attatchmentable_type\":\"App\\\\Models\\\\Order\",\"image\":\"http:\\/\\/enjaz.hexacit.com\\/uploads\\/order\\/5bcc534c0fe7d.jpeg\"}]}', '2018-10-21 17:22:05', '2018-10-21 17:22:05'),
(269, '26', ' اضافة طلب جديد ', '{\"id\":67,\"technical_id\":\"26\",\"order_id\":\"35\",\"detection_price\":\"997\",\"price\":\"989\",\"days\":\"3\",\"hours\":\"3\",\"lat\":\"31.50245476\",\"lan\":\"34.43464279\",\"status\":\"inprogress\",\"created_at\":\"2018-10-21 07:44:03\",\"distance\":\"0.06719829948726591\",\"status_now\":\"3\"}', '2018-10-21 17:31:16', '2018-10-21 17:31:16'),
(270, '26', ' اضافة طلب جديد ', '{\"id\":67,\"technical_id\":\"26\",\"order_id\":\"35\",\"detection_price\":\"997\",\"price\":\"989\",\"days\":\"3\",\"hours\":\"3\",\"lat\":\"31.50245476\",\"lan\":\"34.43464279\",\"status\":\"completed\",\"created_at\":\"2018-10-21 07:44:03\",\"distance\":\"0.06719829948726591\",\"status_now\":\"4\"}', '2018-10-21 17:33:27', '2018-10-21 17:33:27'),
(271, '26', ' اضافة طلب جديد ', '{\"id\":37,\"user_id\":\"42\",\"technical_id\":null,\"order_technical_id\":null,\"category_id\":\"1\",\"vedio\":\"\",\"name\":\"\\u062f\\u0627\\u0645\\u0631\",\"mobile\":\"+964112233445\",\"email\":\"ramezadnan4@gmail.com\",\"address\":\"Unnamed Road\",\"description\":\"\\u0648\\u0635\\u0641 \\u0627\\u0644\\u0645\\u0634\\u0643\\u0644\\u0629\",\"status_time\":\"1\",\"time\":\"14:05:02\",\"date\":\"2018-10-21\",\"add_work\":null,\"price\":null,\"location\":\"Unnamed Road\",\"lat\":\"31.5018212705271\",\"lan\":\"34.43475154761194\",\"status\":\"waiting\",\"response\":null,\"created_at\":\"2018-10-21 11:03:12\",\"status_now\":\"0\",\"additional_work\":[],\"images\":[]}', '2018-10-21 18:03:12', '2018-10-21 18:03:12'),
(272, '42', ' اضافة طلب جديد ', '{\"id\":73,\"technical_id\":\"26\",\"order_id\":\"37\",\"detection_price\":\"8686\",\"price\":\"8686\",\"days\":\"2\",\"hours\":\"3\",\"lat\":\"31.50245476\",\"lan\":\"34.43464279\",\"status\":\"progress\",\"created_at\":\"2018-10-21 11:03:12\",\"distance\":\"0.07119115642502688\",\"status_now\":\"1\"}', '2018-10-21 19:16:54', '2018-10-21 19:16:54'),
(273, '42', ' اضافة طلب جديد ', '{\"id\":73,\"technical_id\":\"26\",\"order_id\":\"37\",\"detection_price\":\"8686\",\"price\":\"8686\",\"days\":\"2\",\"hours\":\"3\",\"lat\":\"31.50245476\",\"lan\":\"34.43464279\",\"status\":\"progress\",\"created_at\":\"2018-10-21 11:03:12\",\"distance\":\"0.07119115642502688\",\"status_now\":\"1\"}', '2018-10-21 19:16:54', '2018-10-21 19:16:54'),
(274, '42', ' اضافة طلب جديد ', '{\"id\":73,\"technical_id\":\"26\",\"order_id\":\"37\",\"detection_price\":\"8686\",\"price\":\"8686\",\"days\":\"2\",\"hours\":\"3\",\"lat\":\"31.50245476\",\"lan\":\"34.43464279\",\"status\":\"progress\",\"created_at\":\"2018-10-21 11:03:12\",\"distance\":\"0.07119115642502688\",\"status_now\":\"1\"}', '2018-10-21 19:16:54', '2018-10-21 19:16:54'),
(275, '42', ' اضافة طلب جديد ', '{\"id\":73,\"technical_id\":\"26\",\"order_id\":\"37\",\"detection_price\":\"8686\",\"price\":\"8686\",\"days\":\"2\",\"hours\":\"3\",\"lat\":\"31.50245476\",\"lan\":\"34.43464279\",\"status\":\"progress\",\"created_at\":\"2018-10-21 11:03:12\",\"distance\":\"0.07119115642502688\",\"status_now\":\"1\"}', '2018-10-21 19:16:54', '2018-10-21 19:16:54'),
(276, '42', ' اضافة طلب جديد ', '{\"id\":70,\"technical_id\":\"26\",\"order_id\":\"36\",\"detection_price\":\"886\",\"price\":\"869\",\"days\":\"0\",\"hours\":\"23\",\"lat\":\"31.50245476\",\"lan\":\"34.43464279\",\"status\":\"progress\",\"created_at\":\"2018-10-21 10:22:04\",\"distance\":\"0.1236465107068429\",\"status_now\":\"1\"}', '2018-10-21 19:49:37', '2018-10-21 19:49:37'),
(277, '42', ' اضافة طلب جديد ', '{\"id\":70,\"technical_id\":\"26\",\"order_id\":\"36\",\"detection_price\":\"886\",\"price\":\"869\",\"days\":\"0\",\"hours\":\"23\",\"lat\":\"31.50245476\",\"lan\":\"34.43464279\",\"status\":\"progress\",\"created_at\":\"2018-10-21 10:22:04\",\"distance\":\"0.1236465107068429\",\"status_now\":\"1\"}', '2018-10-21 19:49:37', '2018-10-21 19:49:37'),
(278, '42', ' اضافة طلب جديد ', '{\"id\":70,\"technical_id\":\"26\",\"order_id\":\"36\",\"detection_price\":\"886\",\"price\":\"869\",\"days\":\"0\",\"hours\":\"23\",\"lat\":\"31.50245476\",\"lan\":\"34.43464279\",\"status\":\"progress\",\"created_at\":\"2018-10-21 10:22:04\",\"distance\":\"0.1236465107068429\",\"status_now\":\"1\"}', '2018-10-21 19:49:37', '2018-10-21 19:49:37'),
(279, '42', ' اضافة طلب جديد ', '{\"id\":70,\"technical_id\":\"26\",\"order_id\":\"36\",\"detection_price\":\"886\",\"price\":\"869\",\"days\":\"0\",\"hours\":\"23\",\"lat\":\"31.50245476\",\"lan\":\"34.43464279\",\"status\":\"progress\",\"created_at\":\"2018-10-21 10:22:04\",\"distance\":\"0.1236465107068429\",\"status_now\":\"1\"}', '2018-10-21 19:49:37', '2018-10-21 19:49:37'),
(280, '27', ' اضافة طلب جديد ', '{\"id\":63,\"technical_id\":\"26\",\"order_id\":\"34\",\"detection_price\":\"656\",\"price\":\"868\",\"days\":\"0\",\"hours\":\"2\",\"lat\":\"31.50245476\",\"lan\":\"34.43464279\",\"status\":\"progress\",\"created_at\":\"2018-10-21 07:41:32\",\"distance\":\"0.06719829948726591\",\"status_now\":\"1\"}', '2018-10-21 19:50:20', '2018-10-21 19:50:20'),
(281, '31', ' اضافة طلب جديد ', '{\"id\":38,\"user_id\":\"37\",\"technical_id\":null,\"order_technical_id\":null,\"category_id\":\"2\",\"vedio\":\"\",\"name\":\"\\u0645\\u0642\\u062f\\u0627\\u062f \\u062d\\u064a\\u0627\\u0648\\u064a\",\"mobile\":\"+9647740458197\",\"email\":\"mokdad_rahman@yahoo.com\",\"address\":\"\\u062d\\u064a \\u0627\\u0644\\u0642\\u0627\\u062f\\u0633\\u064a\\u0647\\u060c \\u0628\\u063a\\u062f\\u0627\\u062f\\u060c \\u0627\\u0644\\u0639\\u0631\\u0627\\u0642\",\"description\":\"\\u0639\\u0637\\u0644 \\u0627\\u0644\\u0648\\u0646\\u062f\\u0648\",\"status_time\":\"0\",\"time\":null,\"date\":null,\"add_work\":null,\"price\":null,\"location\":\"\\u062d\\u064a \\u0627\\u0644\\u0642\\u0627\\u062f\\u0633\\u064a\\u0647\\u060c \\u0628\\u063a\\u062f\\u0627\\u062f\\u060c \\u0627\\u0644\\u0639\\u0631\\u0627\\u0642\",\"lat\":\"33.2915638\",\"lan\":\"44.3513351\",\"status\":\"waiting\",\"response\":null,\"created_at\":\"2018-10-22 06:20:23\",\"status_now\":\"0\",\"additional_work\":[],\"images\":[{\"id\":20,\"attatchmentable_id\":\"38\",\"attatchmentable_type\":\"App\\\\Models\\\\Order\",\"image\":\"http:\\/\\/enjaz.hexacit.com\\/uploads\\/order\\/5bcd6c27424cc.jpg\"}]}', '2018-10-22 13:20:25', '2018-10-22 13:20:25'),
(282, '40', ' اضافة طلب جديد ', '{\"id\":38,\"user_id\":\"37\",\"technical_id\":null,\"order_technical_id\":null,\"category_id\":\"2\",\"vedio\":\"\",\"name\":\"\\u0645\\u0642\\u062f\\u0627\\u062f \\u062d\\u064a\\u0627\\u0648\\u064a\",\"mobile\":\"+9647740458197\",\"email\":\"mokdad_rahman@yahoo.com\",\"address\":\"\\u062d\\u064a \\u0627\\u0644\\u0642\\u0627\\u062f\\u0633\\u064a\\u0647\\u060c \\u0628\\u063a\\u062f\\u0627\\u062f\\u060c \\u0627\\u0644\\u0639\\u0631\\u0627\\u0642\",\"description\":\"\\u0639\\u0637\\u0644 \\u0627\\u0644\\u0648\\u0646\\u062f\\u0648\",\"status_time\":\"0\",\"time\":null,\"date\":null,\"add_work\":null,\"price\":null,\"location\":\"\\u062d\\u064a \\u0627\\u0644\\u0642\\u0627\\u062f\\u0633\\u064a\\u0647\\u060c \\u0628\\u063a\\u062f\\u0627\\u062f\\u060c \\u0627\\u0644\\u0639\\u0631\\u0627\\u0642\",\"lat\":\"33.2915638\",\"lan\":\"44.3513351\",\"status\":\"waiting\",\"response\":null,\"created_at\":\"2018-10-22 06:20:23\",\"status_now\":\"0\",\"additional_work\":[],\"images\":[{\"id\":20,\"attatchmentable_id\":\"38\",\"attatchmentable_type\":\"App\\\\Models\\\\Order\",\"image\":\"http:\\/\\/enjaz.hexacit.com\\/uploads\\/order\\/5bcd6c27424cc.jpg\"}]}', '2018-10-22 13:20:25', '2018-10-22 13:20:25'),
(283, '26', ' اضافة طلب جديد ', '{\"id\":39,\"user_id\":\"25\",\"technical_id\":null,\"order_technical_id\":null,\"category_id\":\"3\",\"vedio\":\"\",\"name\":\"\\u0645\\u062d\\u0645\\u062f \\u0627\\u062d\\u0645\\u062f\",\"mobile\":\"+964555333666\",\"email\":\"ttt@ttt.ttt\",\"address\":\"none\",\"description\":\"\\u062a\\u062a\\u062a\\u062a\\u064a \\u062a\\u064a\\u062a\\u064a\\u062a\",\"status_time\":\"0\",\"time\":null,\"date\":null,\"add_work\":null,\"price\":null,\"location\":\"none\",\"lat\":\"31.5018397\",\"lan\":\"34.4346817\",\"status\":\"waiting\",\"response\":null,\"created_at\":\"2018-10-22 07:48:10\",\"status_now\":\"0\",\"additional_work\":[],\"images\":[{\"id\":21,\"attatchmentable_id\":\"39\",\"attatchmentable_type\":\"App\\\\Models\\\\Order\",\"image\":\"http:\\/\\/enjaz.hexacit.com\\/uploads\\/order\\/5bcd80ba1fee7.jpg\"}]}', '2018-10-22 14:48:12', '2018-10-22 14:48:12'),
(284, '26', ' اضافة طلب جديد ', '{\"id\":40,\"user_id\":\"25\",\"technical_id\":null,\"order_technical_id\":null,\"category_id\":\"1\",\"vedio\":\"\",\"name\":\"\\u0645\\u062d\\u0645\\u062f \\u0627\\u062d\\u0645\\u062f\",\"mobile\":\"+964555333666\",\"email\":\"ttt@ttt.ttt\",\"address\":\"none\",\"description\":\"\\u062a\\u0649\\u0629\\u062a\\u0629\\u0627\",\"status_time\":\"0\",\"time\":null,\"date\":null,\"add_work\":null,\"price\":null,\"location\":\"none\",\"lat\":\"31.5018397\",\"lan\":\"34.4346817\",\"status\":\"waiting\",\"response\":null,\"created_at\":\"2018-10-22 07:49:27\",\"status_now\":\"0\",\"additional_work\":[],\"images\":[{\"id\":22,\"attatchmentable_id\":\"40\",\"attatchmentable_type\":\"App\\\\Models\\\\Order\",\"image\":\"http:\\/\\/enjaz.hexacit.com\\/uploads\\/order\\/5bcd81070b052.jpg\"}]}', '2018-10-22 14:49:28', '2018-10-22 14:49:28'),
(285, '27', ' اضافة طلب جديد ', '{\"id\":60,\"technical_id\":\"26\",\"order_id\":\"33\",\"detection_price\":\"55\",\"price\":\"666\",\"days\":\"0\",\"hours\":\"5\",\"lat\":\"31.50245476\",\"lan\":\"34.43464279\",\"status\":\"progress\",\"created_at\":\"2018-10-21 07:39:39\",\"distance\":\"0.06719829948726591\",\"status_now\":\"1\"}', '2018-10-22 15:26:18', '2018-10-22 15:26:18'),
(286, '26', ' اضافة طلب جديد ', '{\"id\":60,\"technical_id\":\"26\",\"order_id\":\"33\",\"detection_price\":\"55\",\"price\":\"666\",\"days\":\"0\",\"hours\":\"5\",\"lat\":\"31.50245476\",\"lan\":\"34.43464279\",\"status\":\"inprogress\",\"created_at\":\"2018-10-21 07:39:39\",\"distance\":\"0.06719829948726591\",\"status_now\":\"3\"}', '2018-10-22 15:27:20', '2018-10-22 15:27:20'),
(287, '26', ' اضافة طلب جديد ', '{\"id\":60,\"technical_id\":\"26\",\"order_id\":\"33\",\"detection_price\":\"55\",\"price\":\"666\",\"days\":\"0\",\"hours\":\"5\",\"lat\":\"31.50245476\",\"lan\":\"34.43464279\",\"status\":\"inprogress\",\"created_at\":\"2018-10-21 07:39:39\",\"distance\":\"0.06719829948726591\",\"status_now\":\"3\"}', '2018-10-22 15:27:20', '2018-10-22 15:27:20'),
(288, '26', ' اضافة طلب جديد ', '{\"id\":41,\"user_id\":\"25\",\"technical_id\":null,\"order_technical_id\":null,\"category_id\":\"3\",\"vedio\":\"\",\"name\":\"\\u0645\\u062d\\u0645\\u062f \\u0627\\u062d\\u0645\\u062f\",\"mobile\":\"+964555333666\",\"email\":\"ttt@ttt.ttt\",\"address\":\"none\",\"description\":\"\\u062a\\u062c\\u0631\\u064a\\u0628 \\u062c\\u062f\\u064a\\u062f\",\"status_time\":\"0\",\"time\":null,\"date\":null,\"add_work\":null,\"price\":null,\"location\":\"none\",\"lat\":\"31.5018397\",\"lan\":\"34.4346817\",\"status\":\"\\u0642\\u064a\\u062f \\u0627\\u0644\\u0627\\u0646\\u062a\\u0638\\u0627\\u0631\",\"response\":null,\"created_at\":\"2018-10-22 09:25:46\",\"status_now\":\"0\",\"additional_work\":[],\"images\":[{\"id\":23,\"attatchmentable_id\":\"41\",\"attatchmentable_type\":\"App\\\\Models\\\\Order\",\"image\":\"http:\\/\\/enjaz.hexacit.com\\/uploads\\/order\\/5bcd979a8e9e0.jpeg\"}]}', '2018-10-22 16:25:49', '2018-10-22 16:25:49'),
(289, '26', ' اضافة طلب جديد ', '{\"id\":41,\"user_id\":\"25\",\"technical_id\":null,\"order_technical_id\":null,\"category_id\":\"3\",\"vedio\":\"\",\"name\":\"\\u0645\\u062d\\u0645\\u062f \\u0627\\u062d\\u0645\\u062f\",\"mobile\":\"+964555333666\",\"email\":\"ttt@ttt.ttt\",\"address\":\"none\",\"description\":\"\\u062a\\u062c\\u0631\\u064a\\u0628 \\u062c\\u062f\\u064a\\u062f\",\"status_time\":\"0\",\"time\":null,\"date\":null,\"add_work\":null,\"price\":null,\"location\":\"none\",\"lat\":\"31.5018397\",\"lan\":\"34.4346817\",\"status\":\"\\u0642\\u064a\\u062f \\u0627\\u0644\\u0627\\u0646\\u062a\\u0638\\u0627\\u0631\",\"response\":null,\"created_at\":\"2018-10-22 09:25:46\",\"status_now\":\"0\",\"additional_work\":[],\"images\":[{\"id\":23,\"attatchmentable_id\":\"41\",\"attatchmentable_type\":\"App\\\\Models\\\\Order\",\"image\":\"http:\\/\\/enjaz.hexacit.com\\/uploads\\/order\\/5bcd979a8e9e0.jpeg\"}]}', '2018-10-22 16:25:49', '2018-10-22 16:25:49'),
(290, '26', ' اضافة طلب جديد ', '{\"id\":42,\"user_id\":\"25\",\"technical_id\":null,\"order_technical_id\":null,\"category_id\":\"1\",\"vedio\":\"\",\"name\":\"\\u0645\\u062d\\u0645\\u062f \\u0627\\u062d\\u0645\\u062f\",\"mobile\":\"+964555333666\",\"email\":\"ttt@ttt.ttt\",\"address\":\"none\",\"description\":\"\\u062a\\u0628\\u0644\\u0629\\u0629\\u0627\\u0627\",\"status_time\":\"0\",\"time\":null,\"date\":null,\"add_work\":null,\"price\":null,\"location\":\"none\",\"lat\":\"31.5018397\",\"lan\":\"34.4346817\",\"status\":\"\\u0642\\u064a\\u062f \\u0627\\u0644\\u0627\\u0646\\u062a\\u0638\\u0627\\u0631\",\"response\":null,\"created_at\":\"2018-10-22 09:26:35\",\"status_now\":\"0\",\"additional_work\":[],\"images\":[]}', '2018-10-22 16:26:36', '2018-10-22 16:26:36'),
(291, '26', ' اضافة طلب جديد ', '{\"id\":42,\"user_id\":\"25\",\"technical_id\":null,\"order_technical_id\":null,\"category_id\":\"1\",\"vedio\":\"\",\"name\":\"\\u0645\\u062d\\u0645\\u062f \\u0627\\u062d\\u0645\\u062f\",\"mobile\":\"+964555333666\",\"email\":\"ttt@ttt.ttt\",\"address\":\"none\",\"description\":\"\\u062a\\u0628\\u0644\\u0629\\u0629\\u0627\\u0627\",\"status_time\":\"0\",\"time\":null,\"date\":null,\"add_work\":null,\"price\":null,\"location\":\"none\",\"lat\":\"31.5018397\",\"lan\":\"34.4346817\",\"status\":\"\\u0642\\u064a\\u062f \\u0627\\u0644\\u0627\\u0646\\u062a\\u0638\\u0627\\u0631\",\"response\":null,\"created_at\":\"2018-10-22 09:26:35\",\"status_now\":\"0\",\"additional_work\":[],\"images\":[]}', '2018-10-22 16:26:36', '2018-10-22 16:26:36'),
(292, '26', ' اضافة طلب جديد ', '{\"id\":43,\"user_id\":\"27\",\"technical_id\":null,\"order_technical_id\":null,\"category_id\":\"2\",\"vedio\":\"\",\"name\":\"Test customer\",\"mobile\":\"+964888888888\",\"email\":\"ttt@tyt.ttt\",\"address\":\"none\",\"description\":\"bbsbbx\",\"status_time\":\"1\",\"time\":\"01:24:00\",\"date\":\"2018-10-31\",\"add_work\":null,\"price\":null,\"location\":\"none\",\"lat\":\"31.5020357\",\"lan\":\"34.4346023\",\"status\":\"\\u0642\\u064a\\u062f \\u0627\\u0644\\u0627\\u0646\\u062a\\u0638\\u0627\\u0631\",\"response\":null,\"created_at\":\"2018-10-22 10:24:43\",\"status_now\":\"0\",\"additional_work\":[],\"images\":[{\"id\":24,\"attatchmentable_id\":\"43\",\"attatchmentable_type\":\"App\\\\Models\\\\Order\",\"image\":\"http:\\/\\/enjaz.hexacit.com\\/uploads\\/order\\/5bcda56b84f35.png\"},{\"id\":25,\"attatchmentable_id\":\"43\",\"attatchmentable_type\":\"App\\\\Models\\\\Order\",\"image\":\"http:\\/\\/enjaz.hexacit.com\\/uploads\\/order\\/5bcda56b897a2.jpg\"}]}', '2018-10-22 17:24:45', '2018-10-22 17:24:45'),
(293, '26', ' اضافة طلب جديد ', '{\"id\":43,\"user_id\":\"27\",\"technical_id\":null,\"order_technical_id\":null,\"category_id\":\"2\",\"vedio\":\"\",\"name\":\"Test customer\",\"mobile\":\"+964888888888\",\"email\":\"ttt@tyt.ttt\",\"address\":\"none\",\"description\":\"bbsbbx\",\"status_time\":\"1\",\"time\":\"01:24:00\",\"date\":\"2018-10-31\",\"add_work\":null,\"price\":null,\"location\":\"none\",\"lat\":\"31.5020357\",\"lan\":\"34.4346023\",\"status\":\"\\u0642\\u064a\\u062f \\u0627\\u0644\\u0627\\u0646\\u062a\\u0638\\u0627\\u0631\",\"response\":null,\"created_at\":\"2018-10-22 10:24:43\",\"status_now\":\"0\",\"additional_work\":[],\"images\":[{\"id\":24,\"attatchmentable_id\":\"43\",\"attatchmentable_type\":\"App\\\\Models\\\\Order\",\"image\":\"http:\\/\\/enjaz.hexacit.com\\/uploads\\/order\\/5bcda56b84f35.png\"},{\"id\":25,\"attatchmentable_id\":\"43\",\"attatchmentable_type\":\"App\\\\Models\\\\Order\",\"image\":\"http:\\/\\/enjaz.hexacit.com\\/uploads\\/order\\/5bcda56b897a2.jpg\"}]}', '2018-10-22 17:24:45', '2018-10-22 17:24:45'),
(294, '26', ' اضافة طلب جديد ', '{\"id\":43,\"user_id\":\"27\",\"technical_id\":null,\"order_technical_id\":null,\"category_id\":\"2\",\"vedio\":\"\",\"name\":\"Test customer\",\"mobile\":\"+964888888888\",\"email\":\"ttt@tyt.ttt\",\"address\":\"none\",\"description\":\"bbsbbx\",\"status_time\":\"1\",\"time\":\"01:24:00\",\"date\":\"2018-10-31\",\"add_work\":null,\"price\":null,\"location\":\"none\",\"lat\":\"31.5020357\",\"lan\":\"34.4346023\",\"status\":\"\\u0642\\u064a\\u062f \\u0627\\u0644\\u0627\\u0646\\u062a\\u0638\\u0627\\u0631\",\"response\":null,\"created_at\":\"2018-10-22 10:24:43\",\"status_now\":\"0\",\"additional_work\":[],\"images\":[{\"id\":24,\"attatchmentable_id\":\"43\",\"attatchmentable_type\":\"App\\\\Models\\\\Order\",\"image\":\"http:\\/\\/enjaz.hexacit.com\\/uploads\\/order\\/5bcda56b84f35.png\"},{\"id\":25,\"attatchmentable_id\":\"43\",\"attatchmentable_type\":\"App\\\\Models\\\\Order\",\"image\":\"http:\\/\\/enjaz.hexacit.com\\/uploads\\/order\\/5bcda56b897a2.jpg\"}]}', '2018-10-22 17:24:45', '2018-10-22 17:24:45'),
(295, '27', ' اضافة طلب جديد ', '{\"id\":63,\"technical_id\":\"26\",\"order_id\":\"34\",\"detection_price\":\"\",\"price\":\"\",\"days\":\"\",\"hours\":\"\",\"lat\":\"31.50245476\",\"lan\":\"34.43464279\",\"status\":\"\\u0631\\u0641\\u0636\\u062a\",\"created_at\":\"2018-10-21 07:41:32\",\"distance\":\"0.06719829948726591\",\"status_now\":\"2\"}', '2018-10-22 17:32:55', '2018-10-22 17:32:55'),
(296, '27', ' اضافة طلب جديد ', '{\"id\":63,\"technical_id\":\"26\",\"order_id\":\"34\",\"detection_price\":\"\",\"price\":\"\",\"days\":\"\",\"hours\":\"\",\"lat\":\"31.50245476\",\"lan\":\"34.43464279\",\"status\":\"\\u0631\\u0641\\u0636\\u062a\",\"created_at\":\"2018-10-21 07:41:32\",\"distance\":\"0.06719829948726591\",\"status_now\":\"2\"}', '2018-10-22 17:32:55', '2018-10-22 17:32:55'),
(297, '31', ' اضافة طلب جديد ', '{\"id\":49,\"user_id\":\"1\",\"technical_id\":null,\"order_technical_id\":null,\"category_id\":\"2\",\"vedio\":\"\",\"name\":\"momohamedhddd\",\"mobile\":\"+970599895357\",\"email\":\"mohamed.alijla@gmail.com\",\"address\":\"address describe\",\"description\":\"hi problem describe now test notification\",\"status_time\":\"1\",\"time\":\"08:36:54\",\"date\":\"2018-09-18\",\"add_work\":null,\"price\":null,\"location\":\"kuwait\",\"lat\":\"33.22319031\",\"lan\":\"43.67929077\",\"status\":\"\\u0642\\u064a\\u062f \\u0627\\u0644\\u0627\\u0646\\u062a\\u0638\\u0627\\u0631\",\"response\":null,\"created_at\":\"2018-10-22 11:32:23\",\"status_now\":\"0\",\"additional_work\":[],\"images\":[{\"id\":36,\"attatchmentable_id\":\"49\",\"attatchmentable_type\":\"App\\\\Models\\\\Order\",\"image\":\"http:\\/\\/enjaz.hexacit.com\\/uploads\\/order\\/5bcdb547e0770.jpeg\"},{\"id\":37,\"attatchmentable_id\":\"49\",\"attatchmentable_type\":\"App\\\\Models\\\\Order\",\"image\":\"http:\\/\\/enjaz.hexacit.com\\/uploads\\/order\\/5bcdb547e0edb.png\"}]}', '2018-10-22 18:32:26', '2018-10-22 18:32:26'),
(298, '40', ' اضافة طلب جديد ', '{\"id\":49,\"user_id\":\"1\",\"technical_id\":null,\"order_technical_id\":null,\"category_id\":\"2\",\"vedio\":\"\",\"name\":\"momohamedhddd\",\"mobile\":\"+970599895357\",\"email\":\"mohamed.alijla@gmail.com\",\"address\":\"address describe\",\"description\":\"hi problem describe now test notification\",\"status_time\":\"1\",\"time\":\"08:36:54\",\"date\":\"2018-09-18\",\"add_work\":null,\"price\":null,\"location\":\"kuwait\",\"lat\":\"33.22319031\",\"lan\":\"43.67929077\",\"status\":\"\\u0642\\u064a\\u062f \\u0627\\u0644\\u0627\\u0646\\u062a\\u0638\\u0627\\u0631\",\"response\":null,\"created_at\":\"2018-10-22 11:32:23\",\"status_now\":\"0\",\"additional_work\":[],\"images\":[{\"id\":36,\"attatchmentable_id\":\"49\",\"attatchmentable_type\":\"App\\\\Models\\\\Order\",\"image\":\"http:\\/\\/enjaz.hexacit.com\\/uploads\\/order\\/5bcdb547e0770.jpeg\"},{\"id\":37,\"attatchmentable_id\":\"49\",\"attatchmentable_type\":\"App\\\\Models\\\\Order\",\"image\":\"http:\\/\\/enjaz.hexacit.com\\/uploads\\/order\\/5bcdb547e0edb.png\"}]}', '2018-10-22 18:32:26', '2018-10-22 18:32:26');
INSERT INTO `notification_firbase` (`id`, `user_id`, `message`, `object`, `created_at`, `updated_at`) VALUES
(299, '43', ' اضافة طلب جديد ', '{\"id\":49,\"user_id\":\"1\",\"technical_id\":null,\"order_technical_id\":null,\"category_id\":\"2\",\"vedio\":\"\",\"name\":\"momohamedhddd\",\"mobile\":\"+970599895357\",\"email\":\"mohamed.alijla@gmail.com\",\"address\":\"address describe\",\"description\":\"hi problem describe now test notification\",\"status_time\":\"1\",\"time\":\"08:36:54\",\"date\":\"2018-09-18\",\"add_work\":null,\"price\":null,\"location\":\"kuwait\",\"lat\":\"33.22319031\",\"lan\":\"43.67929077\",\"status\":\"\\u0642\\u064a\\u062f \\u0627\\u0644\\u0627\\u0646\\u062a\\u0638\\u0627\\u0631\",\"response\":null,\"created_at\":\"2018-10-22 11:32:23\",\"status_now\":\"0\",\"additional_work\":[],\"images\":[{\"id\":36,\"attatchmentable_id\":\"49\",\"attatchmentable_type\":\"App\\\\Models\\\\Order\",\"image\":\"http:\\/\\/enjaz.hexacit.com\\/uploads\\/order\\/5bcdb547e0770.jpeg\"},{\"id\":37,\"attatchmentable_id\":\"49\",\"attatchmentable_type\":\"App\\\\Models\\\\Order\",\"image\":\"http:\\/\\/enjaz.hexacit.com\\/uploads\\/order\\/5bcdb547e0edb.png\"}]}', '2018-10-22 18:32:26', '2018-10-22 18:32:26'),
(300, '26', ' اضافة طلب جديد ', '{\"id\":50,\"user_id\":\"27\",\"technical_id\":null,\"order_technical_id\":null,\"category_id\":\"1\",\"vedio\":\"\",\"name\":\"Test customer\",\"mobile\":\"+964888888888\",\"email\":\"ttt@tyt.ttt\",\"address\":\"none\",\"description\":\"jxgxh\",\"status_time\":\"1\",\"time\":\"02:33:00\",\"date\":\"2018-10-31\",\"add_work\":null,\"price\":null,\"location\":\"none\",\"lat\":\"31.5020357\",\"lan\":\"34.4346023\",\"status\":\"\\u0642\\u064a\\u062f \\u0627\\u0644\\u0627\\u0646\\u062a\\u0638\\u0627\\u0631\",\"response\":null,\"created_at\":\"2018-10-22 11:33:25\",\"status_now\":\"0\",\"additional_work\":[],\"images\":[{\"id\":38,\"attatchmentable_id\":\"50\",\"attatchmentable_type\":\"App\\\\Models\\\\Order\",\"image\":\"http:\\/\\/enjaz.hexacit.com\\/uploads\\/order\\/5bcdb585b3c6b.png\"},{\"id\":39,\"attatchmentable_id\":\"50\",\"attatchmentable_type\":\"App\\\\Models\\\\Order\",\"image\":\"http:\\/\\/enjaz.hexacit.com\\/uploads\\/order\\/5bcdb585b4334.png\"}]}', '2018-10-22 18:33:26', '2018-10-22 18:33:26'),
(301, '26', ' اضافة طلب جديد ', '{\"id\":50,\"user_id\":\"27\",\"technical_id\":null,\"order_technical_id\":null,\"category_id\":\"1\",\"vedio\":\"\",\"name\":\"Test customer\",\"mobile\":\"+964888888888\",\"email\":\"ttt@tyt.ttt\",\"address\":\"none\",\"description\":\"jxgxh\",\"status_time\":\"1\",\"time\":\"02:33:00\",\"date\":\"2018-10-31\",\"add_work\":null,\"price\":null,\"location\":\"none\",\"lat\":\"31.5020357\",\"lan\":\"34.4346023\",\"status\":\"\\u0642\\u064a\\u062f \\u0627\\u0644\\u0627\\u0646\\u062a\\u0638\\u0627\\u0631\",\"response\":null,\"created_at\":\"2018-10-22 11:33:25\",\"status_now\":\"0\",\"additional_work\":[],\"images\":[{\"id\":38,\"attatchmentable_id\":\"50\",\"attatchmentable_type\":\"App\\\\Models\\\\Order\",\"image\":\"http:\\/\\/enjaz.hexacit.com\\/uploads\\/order\\/5bcdb585b3c6b.png\"},{\"id\":39,\"attatchmentable_id\":\"50\",\"attatchmentable_type\":\"App\\\\Models\\\\Order\",\"image\":\"http:\\/\\/enjaz.hexacit.com\\/uploads\\/order\\/5bcdb585b4334.png\"}]}', '2018-10-22 18:33:26', '2018-10-22 18:33:26'),
(302, '31', ' اضافة طلب جديد ', '{\"id\":52,\"user_id\":\"1\",\"technical_id\":null,\"order_technical_id\":null,\"category_id\":\"2\",\"vedio\":\"\",\"name\":\"momohamedhddd\",\"mobile\":\"+970599895357\",\"email\":\"mohamed.alijla@gmail.com\",\"address\":\"address describe\",\"description\":\"hi problem describe now test notification\",\"status_time\":\"1\",\"time\":\"08:36:54\",\"date\":\"2018-09-18\",\"add_work\":null,\"price\":null,\"location\":\"kuwait\",\"lat\":\"33.22319031\",\"lan\":\"43.67929077\",\"status\":\"\\u0642\\u064a\\u062f \\u0627\\u0644\\u0627\\u0646\\u062a\\u0638\\u0627\\u0631\",\"response\":null,\"created_at\":\"2018-10-22 11:35:37\",\"status_now\":\"0\",\"additional_work\":[],\"images\":[{\"id\":42,\"attatchmentable_id\":\"52\",\"attatchmentable_type\":\"App\\\\Models\\\\Order\",\"image\":\"http:\\/\\/enjaz.hexacit.com\\/uploads\\/order\\/5bcdb6097c0d0.jpeg\"},{\"id\":43,\"attatchmentable_id\":\"52\",\"attatchmentable_type\":\"App\\\\Models\\\\Order\",\"image\":\"http:\\/\\/enjaz.hexacit.com\\/uploads\\/order\\/5bcdb6097c7b3.png\"}]}', '2018-10-22 18:35:40', '2018-10-22 18:35:40'),
(303, '40', ' اضافة طلب جديد ', '{\"id\":52,\"user_id\":\"1\",\"technical_id\":null,\"order_technical_id\":null,\"category_id\":\"2\",\"vedio\":\"\",\"name\":\"momohamedhddd\",\"mobile\":\"+970599895357\",\"email\":\"mohamed.alijla@gmail.com\",\"address\":\"address describe\",\"description\":\"hi problem describe now test notification\",\"status_time\":\"1\",\"time\":\"08:36:54\",\"date\":\"2018-09-18\",\"add_work\":null,\"price\":null,\"location\":\"kuwait\",\"lat\":\"33.22319031\",\"lan\":\"43.67929077\",\"status\":\"\\u0642\\u064a\\u062f \\u0627\\u0644\\u0627\\u0646\\u062a\\u0638\\u0627\\u0631\",\"response\":null,\"created_at\":\"2018-10-22 11:35:37\",\"status_now\":\"0\",\"additional_work\":[],\"images\":[{\"id\":42,\"attatchmentable_id\":\"52\",\"attatchmentable_type\":\"App\\\\Models\\\\Order\",\"image\":\"http:\\/\\/enjaz.hexacit.com\\/uploads\\/order\\/5bcdb6097c0d0.jpeg\"},{\"id\":43,\"attatchmentable_id\":\"52\",\"attatchmentable_type\":\"App\\\\Models\\\\Order\",\"image\":\"http:\\/\\/enjaz.hexacit.com\\/uploads\\/order\\/5bcdb6097c7b3.png\"}]}', '2018-10-22 18:35:40', '2018-10-22 18:35:40'),
(304, '43', ' اضافة طلب جديد ', '{\"id\":52,\"user_id\":\"1\",\"technical_id\":null,\"order_technical_id\":null,\"category_id\":\"2\",\"vedio\":\"\",\"name\":\"momohamedhddd\",\"mobile\":\"+970599895357\",\"email\":\"mohamed.alijla@gmail.com\",\"address\":\"address describe\",\"description\":\"hi problem describe now test notification\",\"status_time\":\"1\",\"time\":\"08:36:54\",\"date\":\"2018-09-18\",\"add_work\":null,\"price\":null,\"location\":\"kuwait\",\"lat\":\"33.22319031\",\"lan\":\"43.67929077\",\"status\":\"\\u0642\\u064a\\u062f \\u0627\\u0644\\u0627\\u0646\\u062a\\u0638\\u0627\\u0631\",\"response\":null,\"created_at\":\"2018-10-22 11:35:37\",\"status_now\":\"0\",\"additional_work\":[],\"images\":[{\"id\":42,\"attatchmentable_id\":\"52\",\"attatchmentable_type\":\"App\\\\Models\\\\Order\",\"image\":\"http:\\/\\/enjaz.hexacit.com\\/uploads\\/order\\/5bcdb6097c0d0.jpeg\"},{\"id\":43,\"attatchmentable_id\":\"52\",\"attatchmentable_type\":\"App\\\\Models\\\\Order\",\"image\":\"http:\\/\\/enjaz.hexacit.com\\/uploads\\/order\\/5bcdb6097c7b3.png\"}]}', '2018-10-22 18:35:40', '2018-10-22 18:35:40'),
(305, '26', ' اضافة طلب جديد ', '{\"id\":53,\"user_id\":\"25\",\"technical_id\":null,\"order_technical_id\":null,\"category_id\":\"3\",\"vedio\":\"\",\"name\":\"\\u0645\\u062d\\u0645\\u062f \\u0627\\u062d\\u0645\\u062f\",\"mobile\":\"+964555333666\",\"email\":\"ttt@ttt.ttt\",\"address\":\"none\",\"description\":\"\\u0627\\u0627\\u0627\\u0624\\u062a\\u0624\\u0631\\u0631\\u0628\\u0629\\u0629\\u0629 \\u062a\\u0628\\u0629\\u062a\\u062a\",\"status_time\":\"0\",\"time\":null,\"date\":null,\"add_work\":null,\"price\":null,\"location\":\"none\",\"lat\":\"31.51384076755806\",\"lan\":\"34.44587867707014\",\"status\":\"\\u0642\\u064a\\u062f \\u0627\\u0644\\u0627\\u0646\\u062a\\u0638\\u0627\\u0631\",\"response\":null,\"created_at\":\"2018-10-22 11:49:27\",\"status_now\":\"0\",\"additional_work\":[],\"images\":[{\"id\":44,\"attatchmentable_id\":\"53\",\"attatchmentable_type\":\"App\\\\Models\\\\Order\",\"image\":\"http:\\/\\/enjaz.hexacit.com\\/uploads\\/order\\/5bcdb947684ee.jpeg\"}]}', '2018-10-22 18:49:31', '2018-10-22 18:49:31'),
(306, '26', ' اضافة طلب جديد ', '{\"id\":53,\"user_id\":\"25\",\"technical_id\":null,\"order_technical_id\":null,\"category_id\":\"3\",\"vedio\":\"\",\"name\":\"\\u0645\\u062d\\u0645\\u062f \\u0627\\u062d\\u0645\\u062f\",\"mobile\":\"+964555333666\",\"email\":\"ttt@ttt.ttt\",\"address\":\"none\",\"description\":\"\\u0627\\u0627\\u0627\\u0624\\u062a\\u0624\\u0631\\u0631\\u0628\\u0629\\u0629\\u0629 \\u062a\\u0628\\u0629\\u062a\\u062a\",\"status_time\":\"0\",\"time\":null,\"date\":null,\"add_work\":null,\"price\":null,\"location\":\"none\",\"lat\":\"31.51384076755806\",\"lan\":\"34.44587867707014\",\"status\":\"\\u0642\\u064a\\u062f \\u0627\\u0644\\u0627\\u0646\\u062a\\u0638\\u0627\\u0631\",\"response\":null,\"created_at\":\"2018-10-22 11:49:27\",\"status_now\":\"0\",\"additional_work\":[],\"images\":[{\"id\":44,\"attatchmentable_id\":\"53\",\"attatchmentable_type\":\"App\\\\Models\\\\Order\",\"image\":\"http:\\/\\/enjaz.hexacit.com\\/uploads\\/order\\/5bcdb947684ee.jpeg\"}]}', '2018-10-22 18:49:31', '2018-10-22 18:49:31'),
(307, '26', ' اضافة طلب جديد ', '{\"id\":53,\"user_id\":\"25\",\"technical_id\":null,\"order_technical_id\":null,\"category_id\":\"3\",\"vedio\":\"\",\"name\":\"\\u0645\\u062d\\u0645\\u062f \\u0627\\u062d\\u0645\\u062f\",\"mobile\":\"+964555333666\",\"email\":\"ttt@ttt.ttt\",\"address\":\"none\",\"description\":\"\\u0627\\u0627\\u0627\\u0624\\u062a\\u0624\\u0631\\u0631\\u0628\\u0629\\u0629\\u0629 \\u062a\\u0628\\u0629\\u062a\\u062a\",\"status_time\":\"0\",\"time\":null,\"date\":null,\"add_work\":null,\"price\":null,\"location\":\"none\",\"lat\":\"31.51384076755806\",\"lan\":\"34.44587867707014\",\"status\":\"\\u0642\\u064a\\u062f \\u0627\\u0644\\u0627\\u0646\\u062a\\u0638\\u0627\\u0631\",\"response\":null,\"created_at\":\"2018-10-22 11:49:27\",\"status_now\":\"0\",\"additional_work\":[],\"images\":[{\"id\":44,\"attatchmentable_id\":\"53\",\"attatchmentable_type\":\"App\\\\Models\\\\Order\",\"image\":\"http:\\/\\/enjaz.hexacit.com\\/uploads\\/order\\/5bcdb947684ee.jpeg\"}]}', '2018-10-22 18:49:31', '2018-10-22 18:49:31'),
(308, '27', ' اضافة طلب جديد ', '{\"id\":101,\"technical_id\":\"26\",\"order_id\":\"50\",\"detection_price\":\"946\",\"price\":\"867\",\"days\":\"3\",\"hours\":\"2\",\"lat\":\"31.50245476\",\"lan\":\"34.43464279\",\"status\":\"\\u062a\\u0642\\u062f\\u0645 \\u0628\\u0639\\u0631\\u0636\",\"created_at\":\"2018-10-22 11:33:25\",\"distance\":\"0.04675493548079459\",\"status_now\":\"1\"}', '2018-10-22 18:49:48', '2018-10-22 18:49:48'),
(309, '31', ' اضافة طلب جديد ', '{\"id\":55,\"user_id\":\"1\",\"technical_id\":null,\"order_technical_id\":null,\"category_id\":\"2\",\"vedio\":\"\",\"name\":\"momohamedhddd\",\"mobile\":\"+970599895357\",\"email\":\"mohamed.alijla@gmail.com\",\"address\":\"address describe\",\"description\":\"hi problem describe now test notification\",\"status_time\":\"1\",\"time\":\"08:36:54\",\"date\":\"2018-09-18\",\"add_work\":null,\"price\":null,\"location\":\"kuwait\",\"lat\":\"33.22319031\",\"lan\":\"43.67929077\",\"status\":\"\\u0642\\u064a\\u062f \\u0627\\u0644\\u0627\\u0646\\u062a\\u0638\\u0627\\u0631\",\"response\":null,\"created_at\":\"2018-10-22 11:52:48\",\"status_now\":\"0\",\"additional_work\":[],\"images\":[{\"id\":47,\"attatchmentable_id\":\"55\",\"attatchmentable_type\":\"App\\\\Models\\\\Order\",\"image\":\"http:\\/\\/enjaz.hexacit.com\\/uploads\\/order\\/5bcdba102b67a.jpeg\"},{\"id\":48,\"attatchmentable_id\":\"55\",\"attatchmentable_type\":\"App\\\\Models\\\\Order\",\"image\":\"http:\\/\\/enjaz.hexacit.com\\/uploads\\/order\\/5bcdba102bd45.png\"}]}', '2018-10-22 18:52:50', '2018-10-22 18:52:50'),
(310, '40', ' اضافة طلب جديد ', '{\"id\":55,\"user_id\":\"1\",\"technical_id\":null,\"order_technical_id\":null,\"category_id\":\"2\",\"vedio\":\"\",\"name\":\"momohamedhddd\",\"mobile\":\"+970599895357\",\"email\":\"mohamed.alijla@gmail.com\",\"address\":\"address describe\",\"description\":\"hi problem describe now test notification\",\"status_time\":\"1\",\"time\":\"08:36:54\",\"date\":\"2018-09-18\",\"add_work\":null,\"price\":null,\"location\":\"kuwait\",\"lat\":\"33.22319031\",\"lan\":\"43.67929077\",\"status\":\"\\u0642\\u064a\\u062f \\u0627\\u0644\\u0627\\u0646\\u062a\\u0638\\u0627\\u0631\",\"response\":null,\"created_at\":\"2018-10-22 11:52:48\",\"status_now\":\"0\",\"additional_work\":[],\"images\":[{\"id\":47,\"attatchmentable_id\":\"55\",\"attatchmentable_type\":\"App\\\\Models\\\\Order\",\"image\":\"http:\\/\\/enjaz.hexacit.com\\/uploads\\/order\\/5bcdba102b67a.jpeg\"},{\"id\":48,\"attatchmentable_id\":\"55\",\"attatchmentable_type\":\"App\\\\Models\\\\Order\",\"image\":\"http:\\/\\/enjaz.hexacit.com\\/uploads\\/order\\/5bcdba102bd45.png\"}]}', '2018-10-22 18:52:50', '2018-10-22 18:52:50'),
(311, '43', ' اضافة طلب جديد ', '{\"id\":55,\"user_id\":\"1\",\"technical_id\":null,\"order_technical_id\":null,\"category_id\":\"2\",\"vedio\":\"\",\"name\":\"momohamedhddd\",\"mobile\":\"+970599895357\",\"email\":\"mohamed.alijla@gmail.com\",\"address\":\"address describe\",\"description\":\"hi problem describe now test notification\",\"status_time\":\"1\",\"time\":\"08:36:54\",\"date\":\"2018-09-18\",\"add_work\":null,\"price\":null,\"location\":\"kuwait\",\"lat\":\"33.22319031\",\"lan\":\"43.67929077\",\"status\":\"\\u0642\\u064a\\u062f \\u0627\\u0644\\u0627\\u0646\\u062a\\u0638\\u0627\\u0631\",\"response\":null,\"created_at\":\"2018-10-22 11:52:48\",\"status_now\":\"0\",\"additional_work\":[],\"images\":[{\"id\":47,\"attatchmentable_id\":\"55\",\"attatchmentable_type\":\"App\\\\Models\\\\Order\",\"image\":\"http:\\/\\/enjaz.hexacit.com\\/uploads\\/order\\/5bcdba102b67a.jpeg\"},{\"id\":48,\"attatchmentable_id\":\"55\",\"attatchmentable_type\":\"App\\\\Models\\\\Order\",\"image\":\"http:\\/\\/enjaz.hexacit.com\\/uploads\\/order\\/5bcdba102bd45.png\"}]}', '2018-10-22 18:52:50', '2018-10-22 18:52:50');

-- --------------------------------------------------------

--
-- Table structure for table `notification_message`
--

CREATE TABLE `notification_message` (
  `id` int(11) NOT NULL,
  `type` int(11) DEFAULT '2',
  `message` text COLLATE utf8_unicode_ci NOT NULL,
  `created_at` timestamp NOT NULL DEFAULT CURRENT_TIMESTAMP,
  `updated_at` timestamp NULL DEFAULT NULL,
  `deleted_at` timestamp NULL DEFAULT NULL
) ENGINE=MyISAM DEFAULT CHARSET=utf8 COLLATE=utf8_unicode_ci;

--
-- Dumping data for table `notification_message`
--

INSERT INTO `notification_message` (`id`, `type`, `message`, `created_at`, `updated_at`, `deleted_at`) VALUES
(1, 1, 'hello', '2018-10-03 17:30:37', '2018-10-03 17:30:37', NULL),
(2, 1, 'hello', '2018-10-03 17:31:17', '2018-10-03 17:31:17', NULL),
(3, 1, '??? ????? ????? ????? ????', '2018-10-03 17:52:10', '2018-10-03 18:08:01', '2018-10-03 18:08:01'),
(4, 1, '??? ???? ?????', '2018-10-03 17:54:31', '2018-10-03 18:07:58', '2018-10-03 18:07:58'),
(5, 1, '??? ?????? ????? ????? ?????', '2018-10-03 17:56:12', '2018-10-03 18:07:55', '2018-10-03 18:07:55'),
(6, 1, 'هنا تست اخر', '2018-10-03 17:58:11', '2018-10-03 17:58:11', NULL),
(7, 1, 'تم اضافة خدمة تنظيف السجاد . سارع باستخامها', '2018-10-04 19:15:27', '2018-10-04 19:15:27', NULL),
(8, 1, 'السلام عليكم', '2018-10-16 21:34:17', '2018-10-16 21:34:17', NULL),
(9, 1, 'ااااااااا', '2018-10-16 21:35:56', '2018-10-16 21:35:56', NULL),
(10, 2, 'ddfsfsdfdsfdsf', '2018-10-17 13:45:37', '2018-10-17 13:45:37', NULL),
(11, 2, 'dfdssd', '2018-10-17 13:50:00', '2018-10-17 13:50:00', NULL),
(12, 2, 'dfdssd', '2018-10-17 13:50:17', '2018-10-17 13:50:17', NULL),
(13, 2, 'dfsdgs', '2018-10-17 13:50:40', '2018-10-17 13:50:40', NULL),
(14, 2, 'fggr', '2018-10-17 13:51:00', '2018-10-17 13:51:00', NULL),
(15, 2, 'dfdsfv', '2018-10-17 13:53:06', '2018-10-18 20:11:35', '2018-10-18 20:11:35'),
(16, 2, 'dfdsfv', '2018-10-17 13:55:45', '2018-10-18 20:11:39', '2018-10-18 20:11:39'),
(17, 2, 'dfdsfv', '2018-10-17 13:56:11', '2018-10-17 13:56:11', NULL),
(18, 2, 'dfdsfv', '2018-10-17 13:56:25', '2018-10-17 13:56:25', NULL),
(19, 2, 'dfdsfv', '2018-10-17 13:56:48', '2018-10-17 13:56:48', NULL),
(20, 2, 'dfdsfv', '2018-10-17 14:30:48', '2018-10-17 14:30:48', NULL),
(21, 1, 'hihi', '2018-10-18 14:50:25', '2018-10-18 14:50:25', NULL),
(22, 2, 'al', '2018-10-18 14:51:32', '2018-10-18 20:11:45', '2018-10-18 20:11:45'),
(23, 2, 'hghgfhghglgh', '2018-10-18 15:26:17', '2018-10-18 20:11:50', '2018-10-18 20:11:50'),
(24, 1, 'يرجى مراجعة الشركة لاصدار الهويات', '2018-10-18 17:36:15', '2018-10-18 17:36:15', NULL),
(25, 0, 'وصل التطبيق الجديد', '2018-10-19 16:17:27', '2018-10-19 16:17:27', NULL),
(26, 2, 'hala abu ali', '2018-10-22 17:58:12', '2018-10-22 17:58:12', NULL),
(27, 2, 'hi test', '2020-09-14 07:19:39', '2020-09-14 07:19:39', NULL),
(28, NULL, 'hello', '2020-09-29 08:17:52', '2020-09-29 08:17:52', NULL),
(29, 2, 'qwwqf', '2020-09-29 08:19:35', '2020-09-29 08:19:35', NULL),
(30, 2, 'qwwqf', '2020-09-29 08:21:10', '2020-09-29 08:21:10', NULL),
(31, 2, 'qwwqf', '2020-09-29 08:22:13', '2020-09-29 08:22:13', NULL),
(32, 2, 'qwwqf', '2020-09-29 08:22:48', '2020-09-29 08:22:48', NULL),
(33, 2, 'eqdqwfq', '2020-09-29 08:23:18', '2020-09-29 08:23:18', NULL),
(34, 2, 'qwdwqd', '2020-09-29 08:23:50', '2020-09-29 08:23:50', NULL),
(35, 2, 'test suppliers', '2020-09-29 08:28:32', '2020-09-29 08:28:32', NULL),
(36, 2, 'test suppliers', '2020-09-29 08:29:07', '2020-09-29 08:29:07', NULL),
(37, 2, 'test suppliers', '2020-09-29 08:30:07', '2020-09-29 08:30:07', NULL),
(38, 2, 'test suppliers', '2020-09-29 08:30:35', '2020-09-29 08:30:35', NULL),
(39, 2, 'test suppliers', '2020-09-29 08:30:40', '2020-09-29 08:30:40', NULL),
(40, 2, 'test suppliers', '2020-09-29 08:31:44', '2020-09-29 08:31:44', NULL);

-- --------------------------------------------------------

--
-- Table structure for table `oauth_access_tokens`
--

CREATE TABLE `oauth_access_tokens` (
  `id` varchar(100) COLLATE utf8mb4_unicode_ci NOT NULL,
  `user_id` int(11) DEFAULT NULL,
  `client_id` int(11) NOT NULL,
  `name` varchar(191) COLLATE utf8mb4_unicode_ci DEFAULT NULL,
  `scopes` text COLLATE utf8mb4_unicode_ci,
  `revoked` tinyint(1) NOT NULL,
  `created_at` timestamp NULL DEFAULT NULL,
  `updated_at` timestamp NULL DEFAULT NULL,
  `expires_at` datetime DEFAULT NULL
) ENGINE=InnoDB DEFAULT CHARSET=utf8mb4 COLLATE=utf8mb4_unicode_ci;

--
-- Dumping data for table `oauth_access_tokens`
--

INSERT INTO `oauth_access_tokens` (`id`, `user_id`, `client_id`, `name`, `scopes`, `revoked`, `created_at`, `updated_at`, `expires_at`) VALUES
('000f465fee097fafd4af24240a3c8edf62943dd09438f4edfc83624d0980690ac7285fefc1343b40', 1, 1, 'mobile', '[]', 0, '2018-09-27 15:34:38', '2018-09-27 15:34:38', '2019-09-27 08:34:38'),
('0032a52dbcbbcc8b9b467c93cb0546c00ae5a0122a5ec711b1dbf50bcc670ffff9a4d71b54d62398', 15, 1, 'mobile', '[]', 0, '2018-10-11 14:53:23', '2018-10-11 14:53:23', '2019-10-11 07:53:23'),
('0057d52c3866aa352435dcf58f1c655f4b77fda54088eefe1bbe9880fc627e70e345e5b286cd3d9b', 21, 1, 'mobile', '[]', 0, '2018-04-08 16:10:32', '2018-04-08 16:10:32', '2019-04-08 11:10:32'),
('006f776abe0bf9ed050883b187ef0f0d1343822e417860f40e914590fc407df558e3691ae53cec7d', 34, 1, 'mobile', '[]', 0, '2018-05-27 17:16:46', '2018-05-27 17:16:46', '2019-05-27 12:16:46'),
('00bb979dd928db6cc59d46069fe699d6075f11a4eb4423baceba181e59fa218e0b22be98ce8512d7', 34, 1, 'mobile', '[]', 0, '2018-04-26 16:57:21', '2018-04-26 16:57:21', '2019-04-26 11:57:21'),
('00f7983a6b2da27ffc97417ca0afd72518e6550edead7e908ef09b5c46073269e14a9af4deaa2853', 37, 1, 'mobile', '[]', 0, '2018-05-09 14:06:28', '2018-05-09 14:06:28', '2019-05-09 09:06:28'),
('010d4d3d76613899e0476d540f55d3ae5bd28e3b966b6cc6f464bae042754d276861c912ae6bcdc2', 52, 1, 'mobile', '[]', 0, '2018-06-08 20:18:20', '2018-06-08 20:18:20', '2019-06-08 15:18:20'),
('0184235775e055e439d3638bf4b0a81389747fcda57232e3a85d547b3e990a659a579b1985e72440', 37, 1, 'mobile', '[]', 0, '2018-05-10 15:11:02', '2018-05-10 15:11:02', '2019-05-10 10:11:02'),
('02285f42e30a205217fc360f1642024ecbe6aae9a704ba8bce4eaa8b003b5cb6a9c2dc30cd27a08c', 27, 1, 'mobile', '[]', 1, '2018-10-17 13:52:39', '2018-10-17 13:52:39', '2019-10-17 06:52:39'),
('025c297aa74cdbfe7c90195b07489abc31fc79d3fefaaf0b23ce4f522690812428261eb275315179', 26, 1, 'mobile', '[]', 0, '2018-10-14 18:26:34', '2018-10-14 18:26:34', '2019-10-14 11:26:34'),
('03a88cb712ccef77593e0726e785713f75a2c4f74f18d7104e1bb25cf9f231ed8b8abf820ae9a751', 34, 1, 'mobile', '[]', 0, '2018-06-24 15:06:39', '2018-06-24 15:06:39', '2019-06-24 10:06:39'),
('03cd80946e6e47390343cf137ef3811ddcea3225fd87ebf77a90219713da416732a1e36f17253974', 37, 1, 'mobile', '[]', 0, '2018-05-10 14:28:10', '2018-05-10 14:28:10', '2019-05-10 09:28:10'),
('03d4528da6cb0c0e588d3e698a84e6bfe4a86dfbd378bb239dfc86c0fdae92b47bf078688870ba1e', 52, 1, 'mobile', '[]', 0, '2018-07-04 14:48:01', '2018-07-04 14:48:01', '2019-07-04 09:48:01'),
('03ee2a1d6ed0380c7775b1da7bc7456e2b0c09094b2116af706bdcf907b485cb36d29ea2069fd503', 9, 1, 'mobile', '[]', 0, '2018-10-11 18:59:56', '2018-10-11 18:59:56', '2019-10-11 11:59:56'),
('049141be7d191a4187403adbdde7a6b716c668d73ff0f488dcb32a026a49781afa21ef4ffaf3816b', 29, 1, 'mobile', '[]', 0, '2018-04-08 16:24:55', '2018-04-08 16:24:55', '2019-04-08 11:24:55'),
('04fe500bde698bceb66474445882255c54e9fb3074b9bb1ac03b34f430312264693f015cad1e6bbf', 46, 1, 'access_token', '[]', 1, '2018-06-12 15:45:18', '2018-06-12 15:45:18', '2019-06-12 10:45:18'),
('0502fbd4469cf7ee816add54837fa11fc3d82a7054f631dcf5dd68fd2638320cc31b0f8b925d43fd', 37, 1, 'mobile', '[]', 0, '2018-05-10 10:53:01', '2018-05-10 10:53:01', '2019-05-10 05:53:01'),
('0523b97fd7bddc8f00e6fe3756ec4eb6e9be9a2410dfe6650155e8e5ac04a3b1f67be6d1e553e087', 54, 1, 'mobile', '[]', 0, '2018-06-30 16:07:21', '2018-06-30 16:07:21', '2019-06-30 11:07:21'),
('055cdb0c3cafbb704c9e6bea41af0e7ba1a5092ee7ddf9371187b14798010541cb5a324ea9fd873f', 37, 1, 'mobile', '[]', 0, '2018-06-07 13:50:09', '2018-06-07 13:50:09', '2019-06-07 08:50:09'),
('05ac530d9165843bac8ed8842aafa72c1ade5063e2165e65a7550d429620228de29a38ed419bc87d', 15, 1, 'mobile', '[]', 0, '2018-10-10 16:17:01', '2018-10-10 16:17:01', '2019-10-10 09:17:01'),
('06871e8f214086c05c4956aed8542ee836f051b633435181103434bcf261ab58d852fbaab108e60e', 15, 1, 'mobile', '[]', 0, '2018-10-08 19:43:30', '2018-10-08 19:43:30', '2019-10-08 12:43:30'),
('06ab2bd91d1ab344a1c7957cb8b62ecd92a9a77494c8003e699d9d371d72620b36ad087df42b6d50', 26, 1, 'mobile', '[]', 0, '2018-10-22 16:48:13', '2018-10-22 16:48:13', '2019-10-22 09:48:13'),
('0763a002522b887efbc4881ddd9d01a553ca928e06177db1ae7b9d0bbc902d78f22a0f2641d3dacd', 26, 1, 'mobile', '[]', 0, '2018-10-14 13:34:44', '2018-10-14 13:34:44', '2019-10-14 06:34:44'),
('07dda669b8e58497f4994be53456db1dea22422fd2dceda33cbb6d326ca94f0a34f67f8c7fe50633', 54, 1, 'mobile', '[]', 1, '2018-07-05 14:24:36', '2018-07-05 14:24:36', '2019-07-05 09:24:36'),
('07e0dd67c3882903a6c5b921fd7b136dafb5c1e53caac2edeacd51eeaa1dd2fab8a8bc9a6c5cb58e', 27, 1, 'mobile', '[]', 1, '2018-10-17 13:58:08', '2018-10-17 13:58:08', '2019-10-17 06:58:08'),
('07e904d92e47d31bedf2d72413f6f1f86e9a124f1bcb7b81df241fbe9a28eb1f0df6897a7949d65c', 54, 1, 'mobile', '[]', 0, '2018-07-10 14:18:01', '2018-07-10 14:18:01', '2019-07-10 09:18:01'),
('08fda4ac7f47134dbf9d00a3b91582263211f31470ab3743640a11d9988d015929e3544d6b0f860b', 50, 1, 'mobile', '[]', 0, '2018-07-01 12:08:22', '2018-07-01 12:08:22', '2019-07-01 07:08:22'),
('09195ebd6fb220078439bcd72dc7c79f4acb9f789445138b1e6c3cae486d4b796cf4d6242aae75bc', 37, 1, 'mobile', '[]', 0, '2018-05-15 12:18:47', '2018-05-15 12:18:47', '2019-05-15 07:18:47'),
('0939795bbd183ebedfee75efcc66bf0d0a437fd207f7ed3fb5ea9f4993131bd82956a27b22940886', 52, 1, 'mobile', '[]', 0, '2018-06-20 18:15:22', '2018-06-20 18:15:22', '2019-06-20 13:15:22'),
('09afa9b57808301f929b4484f906b1c2e9910b57482ffbef4f43cb0f59fcf504061a94f541b432ef', 37, 1, 'mobile', '[]', 0, '2018-05-10 14:25:52', '2018-05-10 14:25:52', '2019-05-10 09:25:52'),
('09be30eecdbd27a688d94f273527e76bda9c26ca53d07d9e7074f18a76aa6aec4e14f1e66e0134ec', 28, 1, 'mobile', '[]', 0, '2018-04-08 16:22:22', '2018-04-08 16:22:22', '2019-04-08 11:22:22'),
('0a4e58bfe5b7ec8274e9617d96d4a1bdeb3bfab61e8959d36d69f19aad98e48c76fafa7eaac64f9c', 4, 1, 'mobile', '[]', 0, '2018-04-08 10:36:11', '2018-04-08 10:36:11', '2019-04-08 05:36:11'),
('0a8ca5cb2020f125e652e873330acc7bb557e4a4360904d3075ec0785fefe90bd8b943ed14b64ea1', 7, 1, 'mobile', '[]', 0, '2018-04-08 15:48:07', '2018-04-08 15:48:07', '2019-04-08 10:48:07'),
('0b933c0d157f7e84e1a70d1cb3911c7dee39bfedd6bbde2cbe7c4999c495b97d3c9dbd25ed57beb5', 22, 1, 'mobile', '[]', 0, '2018-10-11 19:33:57', '2018-10-11 19:33:57', '2019-10-11 12:33:57'),
('0c4af3d41a509ae6d66386b8d1a2ce4f273d947cf612780625321d518ce256ff62ac017482bd4b65', 14, 1, 'mobile', '[]', 0, '2018-10-08 14:50:25', '2018-10-08 14:50:25', '2019-10-08 07:50:25'),
('0cbcd049c5fef6802d8deeeed0f49030365458a8bb6bda811f3ba89bd31e20cbc5b3fb4fb1461ea9', 26, 1, 'mobile', '[]', 0, '2018-10-22 17:31:52', '2018-10-22 17:31:52', '2019-10-22 10:31:52'),
('0cd8be80ed24bd261386c74a2be775e577939d0f1b0f9125ad6718cb77af2943ea27940e7e7c50ca', 50, 1, 'mobile', '[]', 0, '2018-06-19 17:06:33', '2018-06-19 17:06:33', '2019-06-19 12:06:33'),
('0cf5450130440ed43d4c8a9d1ebb5dea6c982d6673756a4dc72f9b527b6c457e0700eb14dbcf0021', 34, 1, 'mobile', '[]', 0, '2018-05-16 15:17:43', '2018-05-16 15:17:43', '2019-05-16 10:17:43'),
('0d8fba7e435b50fea839c6090a4d22f615e41ef3cbdc78b053210c6637b34bfda2a54818910faf9c', 37, 1, 'mobile', '[]', 0, '2018-05-17 12:59:48', '2018-05-17 12:59:48', '2019-05-17 07:59:48'),
('0dc42368cf7ba9b8b8e94109ed4d19ad8c2634694cbfe0da305d74e3ff336b304836429b3c981dcd', 33, 1, 'mobile', '[]', 1, '2018-05-21 13:49:25', '2018-05-21 13:49:25', '2019-05-21 08:49:25'),
('0ddc1a38f5111e3e60e7254874b38f5d003814e5f1d03dca02e5de6af79f62e1e9d8acf59fabe8fe', 37, 1, 'mobile', '[]', 0, '2018-05-17 17:56:05', '2018-05-17 17:56:05', '2019-05-17 12:56:05'),
('0dff4cab78677ba9bb1f00a900b8f8a426ad41a2ef8b4c1e20f44c16a7c963286ef12e7acfe94c3c', 37, 1, 'mobile', '[]', 0, '2018-05-16 15:52:10', '2018-05-16 15:52:10', '2019-05-16 10:52:10'),
('0e51d88c980421db5018c5ee33e784ba040550f8343851d553cd2c197cd185cf4b37d5f31faa3567', 37, 1, 'mobile', '[]', 0, '2018-05-16 14:29:05', '2018-05-16 14:29:05', '2019-05-16 09:29:05'),
('0e9b42bd76c2904808c70f0329cf7601a588ff4aca6db0b29aa0c43adc55c3818b3a71a7c9114d15', 26, 1, 'mobile', '[]', 0, '2018-10-22 18:28:59', '2018-10-22 18:28:59', '2019-10-22 11:28:59'),
('0ea137179ff07e6afdbc6e56103d44235168d1c6788529b2707d95e024eda160dd54adebbabcca92', 55, 1, 'mobile', '[]', 0, '2020-08-22 03:02:16', '2020-08-22 03:02:16', '2021-08-22 06:02:16'),
('0f1303ff06f9c530877a8b8e61571b1e903764e3be9f10f27fbdc85ea32519b8e6b906ba0d146330', 37, 1, 'mobile', '[]', 0, '2018-05-13 13:53:14', '2018-05-13 13:53:14', '2019-05-13 08:53:14'),
('0f565ab6b52cd3aea9fff4b10b16f710eb98ed99b18fdc6f2b5460480f7613f130b1ed2223afd645', 37, 1, 'mobile', '[]', 0, '2018-05-17 12:32:42', '2018-05-17 12:32:42', '2019-05-17 07:32:42'),
('0f7e8a832a884a77728a6b9ba93c917a08f037d4329e4ca367f825460dd79ea2639f992a6528b200', 37, 1, 'mobile', '[]', 0, '2018-05-22 17:44:35', '2018-05-22 17:44:35', '2019-05-22 12:44:35'),
('0faa13fcd82517e15b4c32a7c18281e193d87a9b51795d4996d0188e198a2ea7196144b89d1b1c7f', 37, 1, 'mobile', '[]', 0, '2018-05-15 17:08:39', '2018-05-15 17:08:39', '2019-05-15 12:08:39'),
('0fba362d3eb3f69ab349e06ab689f60e4bf9e8a6b85e58f06c75af488f5a6fb7021bf8913c830d7a', 37, 1, 'mobile', '[]', 0, '2018-05-13 17:12:39', '2018-05-13 17:12:39', '2019-05-13 12:12:39'),
('0fd41b0872896e29b6070a85cb2cf363fc45c8aa85c97527d042922f7d7174a6ba0f7629bb4d3d4c', 37, 1, 'mobile', '[]', 0, '2018-05-15 17:06:52', '2018-05-15 17:06:52', '2019-05-15 12:06:52'),
('100549e7f4521a82c8cba77a2dbb8dc9622de1f7e8b57f77250708d22487cc55086704ca57f8081e', 33, 1, 'mobile', '[]', 0, '2018-05-15 17:22:54', '2018-05-15 17:22:54', '2019-05-15 12:22:54'),
('1038428fd8a7d8dbe98eaa363eec5fd05dfefb676545b7df35bdbe1b2fef93a4c5f0084b2df2ee33', 32, 1, 'mobile', '[]', 0, '2018-04-08 17:50:35', '2018-04-08 17:50:35', '2019-04-08 12:50:35'),
('10b5124e8e5af2253a1c23e29b5ff8b8f4c86ffc0c6b3565e529740463ac102f2b0bdefa827d1ee4', 52, 1, 'mobile', '[]', 0, '2018-07-05 12:02:08', '2018-07-05 12:02:08', '2019-07-05 07:02:08'),
('1199bc259e89ffe444218b3387f26eeeace1f4629163b8f76e20a5c9343e825651adb1a2694e13bf', 37, 1, 'mobile', '[]', 0, '2018-06-06 16:36:32', '2018-06-06 16:36:32', '2019-06-06 11:36:32'),
('11ab712f0ff899637d905d910463de0ba8550d1646f0c214b2cdedc147474182c345878f79cb3f56', 50, 1, 'mobile', '[]', 0, '2018-06-20 10:13:48', '2018-06-20 10:13:48', '2019-06-20 05:13:48'),
('11d670baf8e9e3c8030acc70eaba203e4a446561758663e9ba6ee25795a0a33a67976c961f91760b', 37, 1, 'mobile', '[]', 0, '2018-05-21 13:29:45', '2018-05-21 13:29:45', '2019-05-21 08:29:45'),
('121dc5628502e2bf7402b82ed49a95cc778efa7c1382dc72195de24a0d920b4b27fded4a3d660fce', 51, 1, 'mobile', '[]', 0, '2018-06-08 07:01:22', '2018-06-08 07:01:22', '2019-06-08 02:01:22'),
('123d5f955f2b67f2bdbd0e180313c333eb5c872f4c4bcf6b9542ff659686724d5bc3256b4b2fa61e', 55, 1, 'mobile', '[]', 0, '2020-07-27 11:11:09', '2020-07-27 11:11:09', '2021-07-27 14:11:09'),
('1292395e95328b83d36b27cbb9dd9484d32b2dd0c6722611e1359b429806f20246e635ab87500038', 15, 1, 'mobile', '[]', 0, '2018-10-10 17:04:30', '2018-10-10 17:04:30', '2019-10-10 10:04:30'),
('13538a10e0aa7385bb5cef8a13653e4c9fcb591c0625ffd238e781fd77833b7c7498ce76ca5a3b01', 31, 1, 'mobile', '[]', 1, '2018-10-18 17:44:10', '2018-10-18 17:44:10', '2019-10-18 10:44:10'),
('1354e8a5143049d2474c576b9ad10f66bb038aca94e0226b293da82e9530d123724df469f5f9f3a6', 34, 1, 'mobile', '[]', 0, '2018-06-24 16:53:23', '2018-06-24 16:53:23', '2019-06-24 11:53:23'),
('1481eb258f8abd5613dff6329cb0cf74ae522253ede50c0860d49fba7ad4abd84fc3237551512c54', 55, 1, 'mobile', '[]', 0, '2020-09-26 02:51:46', '2020-09-26 02:51:46', '2021-09-26 05:51:46'),
('14d812823d2a9f6c1cc48335ad98211db6957f375cdb22e5ee0abd2c317c28477b6ded373eb0934c', 37, 1, 'mobile', '[]', 0, '2018-06-24 17:39:49', '2018-06-24 17:39:49', '2019-06-24 12:39:49'),
('14e762bddbf9172ff42829c78eebc680d4a6ee76a2689219ce0f69316db5f329e159ac67e5b27c4c', 37, 1, 'mobile', '[]', 0, '2018-05-20 17:14:26', '2018-05-20 17:14:26', '2019-05-20 12:14:26'),
('14ebaafdbd5326c19df604f49a628528a82a85edb1f6a5cefb91ce973ae8ea425a410a1b84007c55', 37, 1, 'mobile', '[]', 0, '2018-05-16 11:11:51', '2018-05-16 11:11:51', '2019-05-16 06:11:51'),
('151b30804b6701cf2b86e7c9ee5976dd57eabf949144b6c5755c5604eb35f25202bad7255ac8db89', 37, 1, 'mobile', '[]', 0, '2018-05-22 17:11:20', '2018-05-22 17:11:20', '2019-05-22 12:11:20'),
('152e5567ba747119d73015d9d9ab9e2920bfa1b2e5312dc0c649b9e5df9139d471d54f6b96cda949', 33, 1, 'mobile', '[]', 0, '2018-06-25 11:59:15', '2018-06-25 11:59:15', '2019-06-25 06:59:15'),
('158b11cee3f94e931ba6ab93656059234753ba203ab21e4bd53881e18f092d70ae01cbcef737885c', 33, 1, 'mobile', '[]', 0, '2018-05-14 12:56:27', '2018-05-14 12:56:27', '2019-05-14 07:56:27'),
('1597b85acbbea40b076e571bee747fd2c4dde8be921ffab949abaf4c6b7db99b5d17602d56eaf417', 37, 1, 'mobile', '[]', 0, '2018-05-20 16:49:55', '2018-05-20 16:49:55', '2019-05-20 11:49:55'),
('15ab27bf9e2ad93931c40ef6b69ec0660bc28bc85bb8abfe0d771c2d861ac1c6b1f5152167ce7dcb', 37, 1, 'mobile', '[]', 0, '2018-05-16 11:17:43', '2018-05-16 11:17:43', '2019-05-16 06:17:43'),
('15d4866c3dc132bde04633810abaf0bb1a0628a72d21ac478771a36c0942fc7fdee1b96dfb458423', 1, 1, 'mobile', '[]', 0, '2018-09-18 08:10:03', '2018-09-18 08:10:03', '2019-09-18 11:10:03'),
('15d5bc8ee087d2b6d0a91eeec8dffc73cac92525ac93bb0caf9c4a34cb954f8af94d25feb0c81c3c', 37, 1, 'mobile', '[]', 0, '2018-05-17 12:49:20', '2018-05-17 12:49:20', '2019-05-17 07:49:20'),
('15ded426a86c8a155fdf02265ae0867262ce5e3554f0d50d69b59e6b86c193aa12d127cb99efceb8', 37, 1, 'mobile', '[]', 0, '2018-05-13 13:56:23', '2018-05-13 13:56:23', '2019-05-13 08:56:23'),
('15f4d6f2f47113a6329979a93b60f63004b9ad4f564203fea9413040adc8c2370123c3d2d8957d0e', 52, 1, 'mobile', '[]', 0, '2018-07-08 16:24:04', '2018-07-08 16:24:04', '2019-07-08 11:24:04'),
('162bf5625a30973111d7ad9c0615ab2954251f93f700f75cc933768c4b0830c1213691a2c99b398a', 33, 1, 'mobile', '[]', 0, '2018-05-28 13:45:20', '2018-05-28 13:45:20', '2019-05-28 08:45:20'),
('1642a094f40c5fb47db36d190926b162479bd7d0330105e4a24ea187fbf1f4cbb45ed8eb43c48bc9', 37, 1, 'mobile', '[]', 0, '2018-05-22 17:41:49', '2018-05-22 17:41:49', '2019-05-22 12:41:49'),
('16a3253b88cb582c943d15f72c0da9c69c81abbc0c0d7b4b4013c6649bb78d8cb5b352cf77d31936', 37, 1, 'mobile', '[]', 0, '2018-05-20 16:47:08', '2018-05-20 16:47:08', '2019-05-20 11:47:08'),
('16ae22f8888bb6af231a4a50d93dca838625c116adfeba7d1a330efde69764a26bdff7c84266b2c8', 52, 1, 'mobile', '[]', 0, '2018-06-08 16:58:32', '2018-06-08 16:58:32', '2019-06-08 11:58:32'),
('170242947c611811e45c9cf7a0cad9d2d01ac72a0e0c04d9b74c4df76a9170ab31f8534b7bda7974', 15, 1, 'mobile', '[]', 0, '2018-10-10 17:03:27', '2018-10-10 17:03:27', '2019-10-10 10:03:27'),
('170bb6978f50cd8b7927b7545903b5330f1737a5eddd22c4a0ea3c6169452cc127ea0105ecd5f355', 37, 1, 'mobile', '[]', 0, '2018-05-08 15:16:53', '2018-05-08 15:16:53', '2019-05-08 10:16:53'),
('174f2eb48460727c02adddb2c308984b333827ca4b28e5b413b4064e6e257395876c685eeefffc6a', 15, 1, 'mobile', '[]', 0, '2018-10-11 17:32:33', '2018-10-11 17:32:33', '2019-10-11 10:32:33'),
('1786524fb523661b54e20704e495ceaceaddb935be69347f8d57c051f7ce1172d0e1488c4ef585b0', 37, 1, 'mobile', '[]', 0, '2018-05-21 13:25:02', '2018-05-21 13:25:02', '2019-05-21 08:25:02'),
('17c832b577250d553f2ede94feccfd198ce5f5c232e1b3337b4e7df1cced3a5efeac425c6caad721', 52, 1, 'mobile', '[]', 0, '2018-07-04 14:10:13', '2018-07-04 14:10:13', '2019-07-04 09:10:13'),
('17e64f927cbbf16f498b3d27f1557ca9f376a9804348ff878253eb57de3184d270dd2e5b92f379a7', 37, 1, 'mobile', '[]', 0, '2018-05-28 18:31:13', '2018-05-28 18:31:13', '2019-05-28 13:31:13'),
('17f1bc472402a49c33f2c917c35e99ddbcf04cd0658bd9fc323f82a502dd3609f27b1ca30a85d29b', 37, 1, 'mobile', '[]', 0, '2018-05-20 18:05:36', '2018-05-20 18:05:36', '2019-05-20 13:05:36'),
('17f2791b764fb5b5b46a11330dabd046833e17ecd2af74af887c5c2e95a2f18e6de0f12739ce55dc', 54, 1, 'mobile', '[]', 0, '2018-07-01 14:17:09', '2018-07-01 14:17:09', '2019-07-01 09:17:09'),
('18575d6bff35d51d06b3b14d81c6c5860ca862f011b997982f9c4b6e83dc0e979e5f881a0995e803', 52, 1, 'mobile', '[]', 0, '2018-06-09 00:55:36', '2018-06-09 00:55:36', '2019-06-08 19:55:36'),
('186cb019cbc8803b179081de2461b1745f17d3dcee5ef09660dedfaf91c4494e1275d6c08cad42db', 56, 1, 'mobile', '[]', 0, '2020-12-18 17:31:18', '2020-12-18 17:31:18', '2021-12-18 19:31:18'),
('18b55607494c95f07b131688351fb425ec470a93ba501484d38df1c7ba831c019d68b46d47fd440a', 37, 1, 'mobile', '[]', 0, '2018-05-09 14:26:45', '2018-05-09 14:26:45', '2019-05-09 09:26:45'),
('18db2c269bac00f0c1e9184de5f316a5b9e84aea6a1b51873d97d969c926baadfb9fc795cecb3d47', 29, 1, 'mobile', '[]', 0, '2018-10-16 16:14:31', '2018-10-16 16:14:31', '2019-10-16 09:14:31'),
('18f740cc3780d54bc7cc6829ca912812c369a07a129d279001693471ad738397493fc838584e3a5b', 37, 1, 'mobile', '[]', 0, '2018-05-21 15:03:24', '2018-05-21 15:03:24', '2019-05-21 10:03:24'),
('194eedf4630a0156800f0b5b2df5c6e20f7cfe8ebcb14abbbe7448d01848aecbd7f8d53057139bd7', 37, 1, 'mobile', '[]', 0, '2018-05-22 17:18:53', '2018-05-22 17:18:53', '2019-05-22 12:18:53'),
('19e534a8899e22f0041a741a6370d5bb3bc5bdf8a906d44f98783532729cfc87c39eacd4ee21b3db', 34, 1, 'mobile', '[]', 0, '2018-05-23 14:26:58', '2018-05-23 14:26:58', '2019-05-23 09:26:58'),
('1a02ba06ce2332e3a5a155ee95b03e62eb339c25bf88d22df981e1b5efecdbe7084b7c00b5d13467', 16, 1, 'mobile', '[]', 0, '2018-10-10 13:59:18', '2018-10-10 13:59:18', '2019-10-10 06:59:18'),
('1a050dcbc636e132f142f30f60aec4b9c38808c17f2f689a8f156b7764ec3a2cf882c6b4886ac14f', 14, 1, 'mobile', '[]', 0, '2018-10-14 14:22:40', '2018-10-14 14:22:40', '2019-10-14 07:22:40'),
('1a064cc1852ce6093b335d93303b4d80a088e8a76d63968c551c0fc35d77934a3e6f66e77ab1332b', 37, 1, 'mobile', '[]', 0, '2018-05-14 18:02:06', '2018-05-14 18:02:06', '2019-05-14 13:02:06'),
('1a7e07f52b4591cc22960b7da0cdea651198bda9ff65466ffcdb57e5439f86945d72f0c30092fb83', 37, 1, 'mobile', '[]', 0, '2018-05-29 14:23:23', '2018-05-29 14:23:23', '2019-05-29 09:23:23'),
('1a9235a4d03d50cfcfaa68e920e24aeea0b120f656cde44ea12b7ca8ed503eedc462271e8e9e18ee', 18, 1, 'mobile', '[]', 0, '2018-10-10 19:49:00', '2018-10-10 19:49:00', '2019-10-10 12:49:00'),
('1aeb006df8658bbbe859c7e44fd7024ec25a3f5a8e354fb06ee500073445150dd8b0fb044d74a397', 37, 1, 'mobile', '[]', 0, '2018-05-16 17:31:25', '2018-05-16 17:31:25', '2019-05-16 12:31:25'),
('1af096a594dc56106bcb87a2263d63a1228fc27af130a156306e54914b5aa19ccf72cd85fd5bf5aa', 37, 1, 'mobile', '[]', 0, '2018-05-23 13:45:07', '2018-05-23 13:45:07', '2019-05-23 08:45:07'),
('1af3dc354fa3f867cf498f4adcf392d9b0e9ced5dad09deb158b933576b0c10bb7228cf53cfb2b28', 32, 1, 'mobile', '[]', 0, '2018-04-08 16:57:29', '2018-04-08 16:57:29', '2019-04-08 11:57:29'),
('1afb08465115f46613b2e452b8efc2f1ec15aa81682c0b53e4d98c87a09339b677b551b2a4ff95f0', 37, 1, 'mobile', '[]', 0, '2018-05-16 16:25:08', '2018-05-16 16:25:08', '2019-05-16 11:25:08'),
('1b00c5e28ab785d852e3db79ea64a202ef84a47e7d0ded70485afdc3681d67e2607d9da33a9904b8', 37, 1, 'mobile', '[]', 0, '2018-06-06 17:01:34', '2018-06-06 17:01:34', '2019-06-06 12:01:34'),
('1ba3ce1f2341c2c8cb09290f7fbd88bcbc222fc2a0b1694c8b1941c199f84ad76cd228b5d5bb329c', 37, 1, 'mobile', '[]', 0, '2018-05-14 13:22:18', '2018-05-14 13:22:18', '2019-05-14 08:22:18'),
('1bb92601c6b516e999fe18ec2f8da9fff84fbde1df910f7f525d9519bd2ed499739522312c4d5b3f', 43, 1, 'mobile', '[]', 0, '2018-05-16 12:25:40', '2018-05-16 12:25:40', '2019-05-16 07:25:40'),
('1beb8f80183a3a322847d019150dc6ee949a8728994149aaa6b14d33dd540ba8329cdbeb30c7d928', 1, 1, 'mobile', '[]', 0, '2018-10-01 17:24:48', '2018-10-01 17:24:48', '2019-10-01 10:24:48'),
('1c1509a48e4bff0e6cc4486dc1d5125b22d111b8c21328ea1e72892866423eafde736ff6710cace6', 1, 1, 'mobile', '[]', 0, '2018-10-17 14:25:59', '2018-10-17 14:25:59', '2019-10-17 07:25:59'),
('1c61d28c466601f1f143d9540fe16662b76a2fb064440bc2b3950e703926610f49680f52de3b9cb7', 37, 1, 'mobile', '[]', 0, '2018-06-24 17:34:02', '2018-06-24 17:34:02', '2019-06-24 12:34:02'),
('1ca62456e23614d748caf2c8b183d235708ff35a48cb1815f1f1ea71ced2b8435606ee931715de05', 32, 1, 'mobile', '[]', 0, '2018-04-08 17:50:56', '2018-04-08 17:50:56', '2019-04-08 12:50:56'),
('1cbbf9c4e15b981328b5e921d493b693f9ad9fc17bc7757c4b2d9d93e1518760bf167295642246b8', 7, 1, 'mobile', '[]', 0, '2018-04-08 15:12:50', '2018-04-08 15:12:50', '2019-04-08 10:12:50'),
('1ccb8db80b8840d8831ce610d6756a5561877aeeb0cf5cae5036b0e6d15ffee10374bb7dbce7a36f', 37, 1, 'mobile', '[]', 0, '2018-05-08 14:08:01', '2018-05-08 14:08:01', '2019-05-08 09:08:01'),
('1ce19d2cc157139dda5b1c3287ee030ce47d594c50bce81114badef8bdbcb11bd053d296154ea484', 32, 1, 'mobile', '[]', 0, '2018-10-16 21:42:50', '2018-10-16 21:42:50', '2019-10-16 14:42:50'),
('1cfc016317cd09885518b382ce623daf39361701b8caaeaf741debff6e9afa4588697444e1f14ee6', 46, 1, 'mobile', '[]', 0, '2018-05-21 12:33:23', '2018-05-21 12:33:23', '2019-05-21 07:33:23'),
('1d24d31e6efcd1e3509ca1bcb57e72cada54ee45369860c0895dfbcfcdf94063aacf89625a5287e8', 53, 1, 'mobile', '[]', 1, '2018-06-24 14:54:01', '2018-06-24 14:54:01', '2019-06-24 09:54:01'),
('1d45a80fbb12d2e82a5c4e22fe0318071ee62a972b7846e512bf1fdf0d49c089ff10764adc5a8960', 37, 1, 'mobile', '[]', 0, '2018-06-07 13:50:35', '2018-06-07 13:50:35', '2019-06-07 08:50:35'),
('1de9c705c56d732ead7a7136377b3a7b49fb940ea66c8cb62ca37e2d03ae4ed559a541e1b92d7fd8', 52, 1, 'mobile', '[]', 0, '2018-07-03 18:48:27', '2018-07-03 18:48:27', '2019-07-03 13:48:27'),
('1e0a837fbf9811ce50671182a2e07a2ca2edfb3b120a21d2192bb7ab54b2f24a04178914ec98c104', 37, 1, 'mobile', '[]', 0, '2018-05-23 13:06:03', '2018-05-23 13:06:03', '2019-05-23 08:06:03'),
('1e2c409ba41c8bfd6a57dae486da7adb49190709b5c46e3b762661a6f57d271a569918089d785ec9', 46, 1, 'access_token', '[]', 1, '2018-05-24 18:10:00', '2018-05-24 18:10:00', '2019-05-24 13:10:00'),
('1e8f1e3e020371616d690247d0bbff4fe423d82116deda6ad1436255b2b96165eec8cb33d308a9a0', 26, 1, 'mobile', '[]', 0, '2018-10-14 16:03:52', '2018-10-14 16:03:52', '2019-10-14 09:03:52'),
('1eccf7dd98c05b5bf94cb5f43c7070db3f514839b7f8beec1e65a4be36af6541e3776729d6fb0675', 37, 1, 'mobile', '[]', 0, '2018-05-22 17:47:34', '2018-05-22 17:47:34', '2019-05-22 12:47:34'),
('1ef4db0cc2ce8204328e70a63a357a65deeafc1571f61a002725ca023f67220f2be00ee35374f9cc', 37, 1, 'mobile', '[]', 0, '2018-05-10 15:23:23', '2018-05-10 15:23:23', '2019-05-10 10:23:23'),
('1f0914563c044c7b0a776520dfe08ca94b8bc12cb28b67d82fbfc52ea97c0439eed0c46f9a0c7308', 34, 1, 'mobile', '[]', 0, '2018-05-01 11:40:13', '2018-05-01 11:40:13', '2019-05-01 06:40:13'),
('1f19f8092cb81d7599a85267a5894830438ee1cdf9edd9015981a5bf316dee9f1f9f4bb58ecc6c6d', 37, 1, 'mobile', '[]', 0, '2018-05-10 13:20:54', '2018-05-10 13:20:54', '2019-05-10 08:20:54'),
('1f69f3b70777cd00d60a1affc91051da1c2c5bfeaa792d14892aaa54e6ecd6a39f5e9a19aada9ec4', 33, 1, 'mobile', '[]', 0, '2018-05-16 13:15:39', '2018-05-16 13:15:39', '2019-05-16 08:15:39'),
('1fe6b1b63584d91f3f15ebc0caeb6985a6345f66a988e4456a1a11ed6a38088cb615a444dd744a84', 52, 1, 'mobile', '[]', 0, '2018-07-05 16:33:05', '2018-07-05 16:33:05', '2019-07-05 11:33:05'),
('202cc55befe8f12acb65d711714f9fdc7c4abb8b0fb135112fdd1186997a0ecc5fef7549d0186a84', 11, 1, 'mobile', '[]', 0, '2018-10-01 12:48:36', '2018-10-01 12:48:36', '2019-10-01 05:48:36'),
('20a50a577b99e445f2036b6b3071ba59631df85a6d8135cd01f46e4ae478f35fb2db8ce500884216', 37, 1, 'mobile', '[]', 0, '2018-05-16 11:44:40', '2018-05-16 11:44:40', '2019-05-16 06:44:40'),
('210079158a877489b24f30edcec07898eb5faa984f56701a38b38196c817ea68ed6249a8fcc49785', 31, 1, 'mobile', '[]', 0, '2018-10-18 14:51:02', '2018-10-18 14:51:02', '2019-10-18 07:51:02'),
('2142ff5a1cd7a4a931ecb6d970e982a0fcd6dc9ab4dc5cab715dd01b44dbab06579ad11d41cb51d8', 46, 1, 'access_token', '[]', 1, '2018-05-22 14:55:21', '2018-05-22 14:55:21', '2019-05-22 09:55:21'),
('21dacfb53c07ef9dd4f127175881102051fc54de9e3a751ffee68b4f986ffe9bf7f30fef88ca5a5a', 34, 1, 'mobile', '[]', 0, '2018-04-26 17:08:10', '2018-04-26 17:08:10', '2019-04-26 12:08:10'),
('21efccf0f38667b94e735ff09e1716f364c5224a0fed3c54217d1e6720d06395a235bc87cad72265', 26, 1, 'mobile', '[]', 0, '2018-10-16 19:45:31', '2018-10-16 19:45:31', '2019-10-16 12:45:31'),
('22d6fb721b1301bb97bae8b75c2d01c917863bf2efd564d05961027a745fe5b64e20a0db2eb7b09b', 37, 1, 'mobile', '[]', 0, '2018-05-13 13:59:44', '2018-05-13 13:59:44', '2019-05-13 08:59:44'),
('240c2f6343a3d1af9bb3744c82834751514e12909e960938ef65fc015bcdec2efede06cb5f5ad596', 37, 1, 'mobile', '[]', 0, '2018-05-15 15:37:22', '2018-05-15 15:37:22', '2019-05-15 10:37:22'),
('24abe8b950a619f27d5274869d704355e0249cb61e8d003dd9ec3e6e8f28885a2b1e7673bcc22694', 52, 1, 'mobile', '[]', 0, '2018-06-07 14:25:49', '2018-06-07 14:25:49', '2019-06-07 09:25:49'),
('24acaeebb37e449f9b854db3697a4fabd59d62cc99c2571a2cf151da1fb934974b957bd82c44b5c9', 35, 1, 'mobile', '[]', 0, '2018-04-26 15:08:34', '2018-04-26 15:08:34', '2019-04-26 10:08:34'),
('24fa2dc17c0967e5d561c8ba639bd3e5db6953236aaa19657b087b39f41978efb6c2b81df2b6e16d', 53, 1, 'mobile', '[]', 1, '2018-06-24 14:33:49', '2018-06-24 14:33:49', '2019-06-24 09:33:49'),
('2530eb2ec2784430b2ea5809d1645b29efbc1ed4949effd4a35440228ddbb41db05bf2d3b0a6aa80', 25, 1, 'mobile', '[]', 0, '2018-10-17 14:35:04', '2018-10-17 14:35:04', '2019-10-17 07:35:04'),
('25c4faffa9896c2947cad4d424951b847d3a3de938a60bde6616a54b497278005cd8721d6c773f8f', 37, 1, 'mobile', '[]', 0, '2018-05-17 17:42:11', '2018-05-17 17:42:11', '2019-05-17 12:42:11'),
('25d3f3b3fcc34e2cb5d946f757f0b7b1e8fa10d32c99ea0239081d11af8fa36f2101fcdba8c9e7df', 54, 1, 'mobile', '[]', 0, '2018-07-01 13:50:31', '2018-07-01 13:50:31', '2019-07-01 08:50:31'),
('2626a722e182523582feeccf48d3e0d3bf3a2569036ab8020c066c21e3bab5a9f340c44c91be9c6e', 33, 1, 'mobile', '[]', 0, '2018-07-09 11:44:54', '2018-07-09 11:44:54', '2019-07-09 06:44:54'),
('262da14c085590397042577524dfd8d6d882c6ee6c9ab4fec829f89b929930759c74f1ffd4af830c', 34, 1, 'mobile', '[]', 0, '2018-04-09 13:45:05', '2018-04-09 13:45:05', '2019-04-09 08:45:05'),
('266b75b60a93ec12c1e8319179021db9380cd74573004b768ebee8bebe3da50edf41d24960ff6fba', 37, 1, 'mobile', '[]', 0, '2018-05-29 15:28:50', '2018-05-29 15:28:50', '2019-05-29 10:28:50'),
('266e2163e98028553f5d135e52f9543e94208e47b86d1d3a30666b4b4c1bb6e7508d096f97081e19', 37, 1, 'mobile', '[]', 0, '2018-05-14 11:58:56', '2018-05-14 11:58:56', '2019-05-14 06:58:56'),
('2773f3b193a7b6d265f887ecacdfc7a3d506a723b620c50e7a90816df6440cb7ff0704131626bca2', 37, 1, 'mobile', '[]', 0, '2018-05-08 15:21:27', '2018-05-08 15:21:27', '2019-05-08 10:21:27'),
('27985c9c20a676c6c64c437510763defe12e4e02627b1c8fde2076ef6ad388fbf1e88157c3718b6f', 1, 1, 'mobile', '[]', 0, '2018-09-18 08:12:13', '2018-09-18 08:12:13', '2019-09-18 11:12:13'),
('2821e626a58618af55022d86d33768cf96926d7b3e3c2a3c3f3ed31d3e32e84d4148cc422d909baf', 37, 1, 'mobile', '[]', 0, '2018-05-10 14:16:19', '2018-05-10 14:16:19', '2019-05-10 09:16:19'),
('28a84cd6340737e2b68a4c074f3b378cc268d91e8aa660f6088844410e4deb2daab0c0ce3062be8a', 37, 1, 'mobile', '[]', 0, '2018-05-08 15:23:30', '2018-05-08 15:23:30', '2019-05-08 10:23:30'),
('28b8a9cd01546ec943123e91e50972c9bc4dfa7c87bf14c0ad3bdbc77e1e12de97aabb0fd7152916', 33, 1, 'mobile', '[]', 0, '2018-05-10 11:38:32', '2018-05-10 11:38:32', '2019-05-10 06:38:32'),
('28c5625d85fc3cbd9da2ea38d4650888cf36811880d932f4ad782414f9a5af99c1b4c847a8364193', 14, 1, 'mobile', '[]', 0, '2018-10-08 15:25:53', '2018-10-08 15:25:53', '2019-10-08 08:25:53'),
('295d9065aa33072bd70ad99e66e4700544df98475f1752730c532e7c14bf15f9100029a94d55d70d', 34, 1, 'mobile', '[]', 0, '2018-05-02 17:47:07', '2018-05-02 17:47:07', '2019-05-02 12:47:07'),
('297dc142c1f66fd300388b94a5fadb05e8a34eb7236c0248e5373ae32db38e624d1f2ac5aff2f146', 34, 1, 'mobile', '[]', 0, '2018-06-05 16:47:06', '2018-06-05 16:47:06', '2019-06-05 11:47:06'),
('29b68a3003434278ce8abff66908fbccd44ffcda4881195bd37eb292a8294f1e5d6af1131e8e7f97', 37, 1, 'mobile', '[]', 0, '2018-05-08 14:34:34', '2018-05-08 14:34:34', '2019-05-08 09:34:34'),
('2a0c2aa14c5f52abd14594dd0e8b49b99b3c1f22c5c87232204a6f183d20f2136ea5434e8fb74414', 50, 1, 'mobile', '[]', 0, '2018-06-10 21:49:09', '2018-06-10 21:49:09', '2019-06-10 16:49:09'),
('2a59e4e8b22b88c0fb6ffe3bcb9027aed441364052a0786f4c02281d11ce456b70aba46c3b663335', 37, 1, 'mobile', '[]', 0, '2018-05-09 16:59:39', '2018-05-09 16:59:39', '2019-05-09 11:59:39'),
('2a7e096db788da74bc19e64e809eea76c869beb886153a1520c5904ec2181c9b91f753cdca3af2d1', 26, 1, 'mobile', '[]', 0, '2018-10-14 16:39:16', '2018-10-14 16:39:16', '2019-10-14 09:39:16'),
('2b2e6705013d90106c13400870e614ed0e67938a568eb58d5b80cca6665ab11a6a99f4c1689122c5', 33, 1, 'mobile', '[]', 0, '2018-05-13 14:02:50', '2018-05-13 14:02:50', '2019-05-13 09:02:50'),
('2b3f9204fb1e3ce2f34d2273f009bfbdc41f7e10506156364a699df628ffdf099317eb9d12c4f20b', 26, 1, 'mobile', '[]', 0, '2018-10-16 16:27:29', '2018-10-16 16:27:29', '2019-10-16 09:27:29'),
('2bb8083a85a068354b7fb590032c9c53b6eaf5bd6db425437b5335295a6277a88c419b3ba5bd0707', 7, 1, 'mobile', '[]', 0, '2018-04-08 13:58:06', '2018-04-08 13:58:06', '2019-04-08 08:58:06'),
('2c0743468521ee204f444965614b679945877912267a9470d48ae870f36c4ec1de3116ae9178c867', 1, 1, 'mobile', '[]', 0, '2018-09-18 08:14:15', '2018-09-18 08:14:15', '2019-09-18 11:14:15'),
('2c0de155f3bd343f0b20173561fa34c7bdbfc7816bacd3d16b4c3ad14ab2efad4e861a8f55db429d', 37, 1, 'mobile', '[]', 0, '2018-05-16 12:16:10', '2018-05-16 12:16:10', '2019-05-16 07:16:10'),
('2c480e23738a1a0f174f57ee4ea9bec961ce9c3dd77dd88e09be06b7156f5fb626963b394dd64ec1', 26, 1, 'mobile', '[]', 1, '2018-10-16 19:46:05', '2018-10-16 19:46:05', '2019-10-16 12:46:05'),
('2d00696e1506184ac04561cb8c3aacec00868f9e9f0c711a83c98506d24c6550935e684de65eccf0', 14, 1, 'mobile', '[]', 0, '2018-10-11 14:53:05', '2018-10-11 14:53:05', '2019-10-11 07:53:05'),
('2d2970c2c3e4976a4f36c7208431457c886a32078846c2b73c142fa030bc31378a047c30566b66c3', 14, 1, 'mobile', '[]', 0, '2018-10-11 18:58:18', '2018-10-11 18:58:18', '2019-10-11 11:58:18'),
('2d3d901f1906bfc335edfbf1d25309498b1fc934d41362a09396413ab3e01d6d639835272b746561', 37, 1, 'mobile', '[]', 0, '2018-05-16 16:16:07', '2018-05-16 16:16:07', '2019-05-16 11:16:07'),
('2da322e7a5a4f5b71c0e7a6b4578457a68cae0414446f137477057026fc073afba024e16cc048ee9', 37, 1, 'mobile', '[]', 0, '2018-05-17 14:32:11', '2018-05-17 14:32:11', '2019-05-17 09:32:11'),
('2e0c2b07fbc0ce471c20d9ef544a7c6c915ae7330859b73107ecd7a06e2f84e3461d428337c41a58', 37, 1, 'mobile', '[]', 0, '2018-05-20 13:32:22', '2018-05-20 13:32:22', '2019-05-20 08:32:22'),
('2e167e31074061dd30a75bff9c72a50c0e213bad49f5238953087896ede02da4a5f0bc5c094c84bd', 45, 1, 'access_token', '[]', 1, '2018-05-21 14:36:14', '2018-05-21 14:36:14', '2019-05-21 09:36:14'),
('2ff8198e870953552c1b80eaafa5a7ae3ec4aaf681eda6126e17c80c6b0ee376def183f844401c7a', 37, 1, 'mobile', '[]', 0, '2018-06-18 14:03:34', '2018-06-18 14:03:34', '2019-06-18 09:03:34'),
('3048162aab4380fea6da9b6c269bad668997ea4696f5695546280998ca3507f5e8b64ac0d11cdac7', 27, 1, 'mobile', '[]', 1, '2018-10-21 17:22:56', '2018-10-21 17:22:56', '2019-10-21 10:22:56'),
('3077d869deec4e9f518a167a5a113a3f6d21fbdb8c5efdcc127a53d9913f292ce2ecc201338e0056', 37, 1, 'mobile', '[]', 0, '2018-06-06 16:34:15', '2018-06-06 16:34:15', '2019-06-06 11:34:15'),
('30e5d970622a8e30cf52e8f31568ae2ef1160f8ee026e36f4eb35cfd7c8990220d257530cc22c88a', 27, 1, 'mobile', '[]', 0, '2018-10-15 20:01:23', '2018-10-15 20:01:23', '2019-10-15 13:01:23'),
('30ea92bd1e668770a8b51d1bc570973e86a245089b9cafa75cc03757bdbc15fbd95fd73cecd6d30e', 37, 1, 'mobile', '[]', 0, '2018-05-22 18:01:19', '2018-05-22 18:01:19', '2019-05-22 13:01:19'),
('3101729c508e4bf90eb893aace1e4df343f4e1b299963f02ca945ee6b7cec1af69cfa584af49c295', 37, 1, 'mobile', '[]', 0, '2018-05-22 16:26:23', '2018-05-22 16:26:23', '2019-05-22 11:26:23'),
('31133c75741315f1756bad062976b923d627a623d94112bc22e06d7c9551188d88895a39943766b3', 37, 1, 'mobile', '[]', 0, '2018-06-11 15:21:30', '2018-06-11 15:21:30', '2019-06-11 10:21:30'),
('3132b47cd243bcd6676414e18a6e725262a1bb81f0b24dbaae225bf62e55e13802c8ba7fc3a63c3a', 37, 1, 'mobile', '[]', 0, '2018-05-21 14:15:06', '2018-05-21 14:15:06', '2019-05-21 09:15:06'),
('31a2481ef238fc1c61269482016f3579ce73e615ecfbff643f55c22900649b32fac001e09f80cd80', 7, 1, 'mobile', '[]', 0, '2018-04-08 11:24:57', '2018-04-08 11:24:57', '2019-04-08 06:24:57'),
('31a3ce0e3b6d7417a059aab735430a4a59b86eeb93f695586fb48a59dcbfee0c3ce552315ceecbb3', 52, 1, 'mobile', '[]', 0, '2018-06-08 23:50:54', '2018-06-08 23:50:54', '2019-06-08 18:50:54'),
('31c8ba95cbab25de45e6954216f3ba908d8cd9ef5d4fb8365c5d884f0f89fc59af23773154c6b2e7', 32, 1, 'mobile', '[]', 0, '2018-04-08 17:41:01', '2018-04-08 17:41:01', '2019-04-08 12:41:01'),
('32adbaf396d87aa7f115bc329f3db39c886ded98a459edb00fbec1aed6f2860c62a92a23e42502f8', 37, 1, 'mobile', '[]', 0, '2018-05-14 11:18:29', '2018-05-14 11:18:29', '2019-05-14 06:18:29'),
('32ee45dc6b3d5ed9b5254485f6288045a050ce7d49b1e2ade9a0298b4668ca634da3e312bd5a60a5', 32, 1, 'mobile', '[]', 0, '2018-04-08 17:16:19', '2018-04-08 17:16:19', '2019-04-08 12:16:19'),
('32f484caae9bff4f08e254cbc57f36cedb80903b5b085ca512bfd8cb80793f20360ef5309b5575d7', 37, 1, 'mobile', '[]', 0, '2018-05-21 14:07:07', '2018-05-21 14:07:07', '2019-05-21 09:07:07'),
('3359d0292fffe062738baa6f62258abd9ca5f1141f812f1502592ec67867c069a3b463cce1a9b962', 47, 1, 'mobile', '[]', 1, '2018-05-21 14:45:25', '2018-05-21 14:45:25', '2019-05-21 09:45:25'),
('33838d4df881a79cf395e1abc8265c0ebea129f12f9ffc60dc55ef24cdd565c791e39351be70a40e', 32, 1, 'mobile', '[]', 0, '2018-04-08 17:35:50', '2018-04-08 17:35:50', '2019-04-08 12:35:50'),
('339e36ca782718e8eb10900486153f60e1db8a46ce80bd36e79cb4e0f7652bc0bb6b244d544428d3', 52, 1, 'mobile', '[]', 0, '2018-06-09 00:51:42', '2018-06-09 00:51:42', '2019-06-08 19:51:42'),
('34570de4a7bbb804be6895c34e5968a98bbae9cad04755fb8db5af40e0d4ddb6a4f95261e44d47ed', 37, 1, 'mobile', '[]', 0, '2018-05-10 14:37:26', '2018-05-10 14:37:26', '2019-05-10 09:37:26'),
('34ad426b0ad077c3e4e332e8797802da7493a502ee556116ebec92e231f5f2652e591c05391f8805', 37, 1, 'mobile', '[]', 0, '2018-05-09 14:31:52', '2018-05-09 14:31:52', '2019-05-09 09:31:52'),
('34b1c28f4fb03c447c8dc0bb17253b8886a924a7f83bbe076ac8f6976081494ffc9b0469923897a8', 7, 1, 'mobile', '[]', 0, '2018-04-08 13:59:35', '2018-04-08 13:59:35', '2019-04-08 08:59:35'),
('36389067287ad994fb23cca810c2ec9c58f88350af4aa93d3abaf8eafe6a47eaef663e79c1eaaebd', 37, 1, 'mobile', '[]', 0, '2018-05-28 18:13:41', '2018-05-28 18:13:41', '2019-05-28 13:13:41'),
('364ca8c129a9543f8e56383289d12db9a7ab30cb7ec63a947de24969ff3faf4d6f5368ad20fc4794', 37, 1, 'mobile', '[]', 0, '2018-05-10 16:18:35', '2018-05-10 16:18:35', '2019-05-10 11:18:35'),
('366f9d38ec2e57435134955cf163fd02b5cf174b782f8581499a549d052b7e30804f8708053610c6', 30, 1, 'mobile', '[]', 0, '2018-04-08 16:25:39', '2018-04-08 16:25:39', '2019-04-08 11:25:39'),
('36ac5341cbe02b520d2977aee01af32cf19bf34c41d2a1f4c819de8a85737a1dcaf8422ba6579d35', 37, 1, 'mobile', '[]', 0, '2018-05-21 13:36:35', '2018-05-21 13:36:35', '2019-05-21 08:36:35'),
('36af54f61d0a12e906a08471d0d4524f9cbbb8bbb4c65f8f33f9c192c4b31ff02960d2b92c61bb01', 52, 1, 'mobile', '[]', 0, '2018-07-11 06:41:09', '2018-07-11 06:41:09', '2019-07-11 01:41:09'),
('36ce25c18488aee4b4ea763cc3ae1e928682c1269dda6805fe660b58a6d7021ab172ff79a23c471e', 26, 1, 'mobile', '[]', 0, '2018-10-21 17:30:40', '2018-10-21 17:30:40', '2019-10-21 10:30:40'),
('37208b98afb35d1e35d2e98c185459441efa3ed2ce3058c24f494d6cac72cb827b20eeda5374908b', 52, 1, 'mobile', '[]', 0, '2018-07-09 21:20:05', '2018-07-09 21:20:05', '2019-07-09 16:20:05'),
('3726058e3c0fd26c2818c80328d954f83c820713023bce247dd9005a5812988b0233c683e699a87c', 32, 1, 'mobile', '[]', 0, '2018-04-08 17:35:12', '2018-04-08 17:35:12', '2019-04-08 12:35:12'),
('3760d78382123aea41e66554f6c0a0fa994c664af844b57a6c5f471c5b56f976391815402fd01806', 36, 1, 'mobile', '[]', 0, '2018-05-08 10:49:38', '2018-05-08 10:49:38', '2019-05-08 05:49:38'),
('37e0e4c56fbfa7e791cb7f1cc8cb370c2ed49c15a1e1d55980663753c9aa418658088edddc682e3d', 37, 1, 'mobile', '[]', 0, '2018-05-20 17:01:22', '2018-05-20 17:01:22', '2019-05-20 12:01:22'),
('37f5e91ee54f0b57b03f6f79e2bba56a2ba974ff18b25f71e3b8b4f6af3a25faf5941350d8bf4911', 15, 1, 'mobile', '[]', 0, '2018-10-11 16:30:12', '2018-10-11 16:30:12', '2019-10-11 09:30:12'),
('386384645b99a7be1809081aeaac116f959e60dff7e6652c228ee40e70e86219f9a3b4e79df26892', 9, 1, 'mobile', '[]', 0, '2018-10-14 14:48:46', '2018-10-14 14:48:46', '2019-10-14 07:48:46'),
('38b63965ff88cf323fbb87be324ff2355569eef8f597dfdc84cbc2927d8611897ad30d31667b72b3', 32, 1, 'mobile', '[]', 0, '2018-04-08 17:10:25', '2018-04-08 17:10:25', '2019-04-08 12:10:25'),
('38d188fd1eaa3a348395ce84bfb7bcd2f9115aec380866f7d31a86687ebda96e34c3b39f31b75bd9', 52, 1, 'mobile', '[]', 0, '2018-07-04 15:04:45', '2018-07-04 15:04:45', '2019-07-04 10:04:45'),
('38e5e863b655033445f82494b2926d21a6663cb39063e1bbb5f0f16b457321028c924f1d37b62003', 14, 1, 'mobile', '[]', 0, '2018-10-16 15:37:33', '2018-10-16 15:37:33', '2019-10-16 08:37:33'),
('38ef6c7d9eaedb97cd1a9cb190f0a176c25a73021ab0c900d28b4ab52250dbf253f8859fb0188aa4', 37, 1, 'mobile', '[]', 0, '2018-05-14 15:19:33', '2018-05-14 15:19:33', '2019-05-14 10:19:33'),
('390b573484d777c598447ad4bafeab0d2844e5874d090914ca5c85c5ca920d17b637b17cf9235fa0', 18, 1, 'mobile', '[]', 0, '2018-10-14 13:28:13', '2018-10-14 13:28:13', '2019-10-14 06:28:13'),
('3924d70fd7f69580964e6fe7b1232570e4fdfd92859e64df70c85adb74094cb5f6d99f9ae1aa3776', 37, 1, 'mobile', '[]', 0, '2018-05-17 17:49:09', '2018-05-17 17:49:09', '2019-05-17 12:49:09'),
('399ad5bc46775856cc051872ab99846f2457c42c4c59c271bba22f6afee16e9a7e7d8d7c6d2ec31b', 33, 1, 'mobile', '[]', 0, '2018-05-16 16:02:55', '2018-05-16 16:02:55', '2019-05-16 11:02:55'),
('399c93da4af3c32a8a75da1317aa1af227995e365affca389192e4309b155b1cf71946e6f9f68187', 37, 1, 'mobile', '[]', 0, '2018-06-07 14:42:59', '2018-06-07 14:42:59', '2019-06-07 09:42:59'),
('3a152d4605998b8dc3afeb102095235931b833fb7ccdb4528f90a22545e7b8fbd1909ad855140313', 41, 1, 'mobile', '[]', 0, '2018-05-13 13:40:20', '2018-05-13 13:40:20', '2019-05-13 08:40:20'),
('3aa856f7c019da47960b6da40e38892aff68b82a72f117aa2f3b327efb481129b7c3254f778ae6a9', 33, 1, 'mobile', '[]', 1, '2018-05-21 13:44:01', '2018-05-21 13:44:01', '2019-05-21 08:44:01'),
('3aafcdacd8d4ccee7432f162cb19d7142e2ee725da063ec7744129b6bd1039e93ac8689ddbc166d5', 25, 1, 'mobile', '[]', 0, '2018-04-08 16:16:17', '2018-04-08 16:16:17', '2019-04-08 11:16:17'),
('3ab010c4033c23fb7f48146529e8347e8807d8eceaf61f6c085172c479c1ebfbea8ba12a411ef385', 32, 1, 'mobile', '[]', 0, '2018-04-08 17:48:20', '2018-04-08 17:48:20', '2019-04-08 12:48:20'),
('3acff68ab4badef7c17c7067f4c85db62bb1f5c1e6641274c0e54d3647849bb0074950e06faaa7bc', 37, 1, 'mobile', '[]', 0, '2018-05-20 18:04:04', '2018-05-20 18:04:04', '2019-05-20 13:04:04'),
('3af1392b276c36437ffcdd3f023e45237b9d2b6d3959410b5fd5b317758dc686aae83d2aa341bf65', 37, 1, 'mobile', '[]', 0, '2018-05-21 14:17:53', '2018-05-21 14:17:53', '2019-05-21 09:17:53'),
('3b4004007870730cb6d81a0c0b5b363f56f4cf1e38a63a1d318c89eeffc3fbcf41ef5ab92cd98d73', 52, 1, 'mobile', '[]', 0, '2018-06-09 00:58:29', '2018-06-09 00:58:29', '2019-06-08 19:58:29'),
('3b8d5b0a0a3b6b296905937470d6f34e4ac332ee50c6f06f5bae379b44471489477f7a09a46a1510', 37, 1, 'mobile', '[]', 0, '2018-05-15 13:24:10', '2018-05-15 13:24:10', '2019-05-15 08:24:10'),
('3c51e097a91b3ab1106a154470c9193f02a8a11ef7a8b2bb9219081a172b85bd2808fdef24851ffe', 15, 1, 'mobile', '[]', 0, '2018-10-14 14:20:54', '2018-10-14 14:20:54', '2019-10-14 07:20:54'),
('3cc8c64b1c694dda5cf50a9d42267b28e0bd90bafa961ad52d318a7d752985e215cc4f1c2ea7161f', 7, 1, 'mobile', '[]', 0, '2018-04-08 15:49:13', '2018-04-08 15:49:13', '2019-04-08 10:49:13'),
('3cd721df2542d7a1b526398ccbbb5c99f90cf4da2f892f88ed25fdff61195e6e3f3a925a134534fc', 46, 1, 'access_token', '[]', 0, '2018-05-23 12:43:44', '2018-05-23 12:43:44', '2019-05-23 07:43:44'),
('3cd7457d42dc888dc06819d8a119abfafd93b1e472a2623d386b588048dbd5c65d4922a102942cdb', 37, 1, 'mobile', '[]', 0, '2018-05-16 11:49:18', '2018-05-16 11:49:18', '2019-05-16 06:49:18'),
('3cd8b9996cfdfef29db6b7edf649afec1ac1c458773cadf36b9c251971ca42449174763725980bda', 37, 1, 'mobile', '[]', 0, '2018-05-14 12:04:43', '2018-05-14 12:04:43', '2019-05-14 07:04:43'),
('3d8a6407742cc7030e7d827fae62ef4000a8ae7755f1e0d616852dcf3c7bd56d4bf254ddcc9f4868', 27, 1, 'mobile', '[]', 1, '2018-10-18 16:05:47', '2018-10-18 16:05:47', '2019-10-18 09:05:47'),
('3e22143c795a2a88fce2950ef693e3a78a2d3fb6a0baea8903ba56f7b62dfc94cc221a32c1e1abbb', 37, 1, 'mobile', '[]', 0, '2018-05-29 14:41:59', '2018-05-29 14:41:59', '2019-05-29 09:41:59'),
('3e35cae50c934114a725dc2e93fab0996dfb1039ef30cc452be08750f5dd904faec9446e487078ca', 9, 1, 'mobile', '[]', 0, '2018-10-11 16:44:03', '2018-10-11 16:44:03', '2019-10-11 09:44:03'),
('3e6a313b1d3371e8bad70034586a3c2724eb2b5526e11befefbe86a77b5f45ad0dec9a7fb85a0f5d', 37, 1, 'mobile', '[]', 0, '2018-05-16 12:15:49', '2018-05-16 12:15:49', '2019-05-16 07:15:49'),
('3eecb884a680ac861376b4a1f59ecce77ae8fc24eb1fa94889c02cdd651d799ebedf1fd9d4899697', 27, 1, 'mobile', '[]', 0, '2018-10-18 14:05:21', '2018-10-18 14:05:21', '2019-10-18 07:05:21'),
('3efbb678c3e1bd62d3ef863096aee7dc375163b620e04229b6f35a8809fc59815098cbebc49936b3', 37, 1, 'mobile', '[]', 0, '2018-05-10 13:20:36', '2018-05-10 13:20:36', '2019-05-10 08:20:36'),
('40131a644f8efc554e5184a088084d5ea7794b2434c399e2b277fbcec2c7110efdf8501210910d2e', 36, 1, 'mobile', '[]', 0, '2018-05-08 10:48:31', '2018-05-08 10:48:31', '2019-05-08 05:48:31'),
('4025fe1879804bf9cde64212b553599737ef33e1894766f4a16abfb39d2577142b9a69031203062f', 37, 1, 'mobile', '[]', 0, '2018-05-15 14:51:40', '2018-05-15 14:51:40', '2019-05-15 09:51:40'),
('402c4e669087be8b2f91f3d543d0cbc1c4570e3219d385bebc10378ccd9a2a1a40d03e13b1c9c0d1', 37, 1, 'mobile', '[]', 0, '2018-05-29 15:24:49', '2018-05-29 15:24:49', '2019-05-29 10:24:49'),
('40ad8379b5bd2a391416859ad7474bd6aa64dd8a92b36d8bb0ffa8dc4e5217722e4c0a446332d48b', 26, 1, 'mobile', '[]', 0, '2018-10-16 13:49:08', '2018-10-16 13:49:08', '2019-10-16 06:49:08'),
('40c7c0445abb7a8f8eb8601b3f471901cd94c93dee02699663a46ff6e69e4649fea78428b5a15305', 27, 1, 'mobile', '[]', 1, '2018-10-18 14:46:24', '2018-10-18 14:46:24', '2019-10-18 07:46:24'),
('4142823d15cc5eccf37ce09be1c31f3cb8d44c7ef164e9c1e574cdd2bbb7ca045efacd9cb1ed674b', 37, 1, 'mobile', '[]', 0, '2018-05-14 10:40:02', '2018-05-14 10:40:02', '2019-05-14 05:40:02'),
('418b3ede2ab8b1a50cbb5e7ba116cabb8e466a2a3ac1064c6c72fdde60b715958950528f6081c646', 37, 1, 'mobile', '[]', 0, '2018-05-16 12:25:23', '2018-05-16 12:25:23', '2019-05-16 07:25:23'),
('41e532e56775a3b2083a9075b1e5c121988af7e67052258584be569cc9befccc95a1ccde79fe4cac', 39, 1, 'mobile', '[]', 0, '2018-10-19 04:42:15', '2018-10-19 04:42:15', '2019-10-18 21:42:15'),
('4265feb48a4c320c2dd6db8c1302331b55a24720bc8e78b8db9829605dc5dd8f817de353a9dac3e9', 9, 1, 'mobile', '[]', 0, '2018-10-11 18:55:56', '2018-10-11 18:55:56', '2019-10-11 11:55:56'),
('4266cfc20082b77db550468e63ed814e0d75e8e581d9c396cc386c252277e4c5c88344ff92cda23a', 48, 1, 'access_token', '[]', 0, '2018-05-22 15:22:14', '2018-05-22 15:22:14', '2019-05-22 10:22:14'),
('426c3196aa419be29781a23ae2d1239f5964d91b3d3e4951bcabe227adca80ab0029a930eaac95d0', 37, 1, 'mobile', '[]', 0, '2018-05-10 16:27:00', '2018-05-10 16:27:00', '2019-05-10 11:27:00'),
('42ef40ddc9e61c5dbe3070c147ac6ec651b3f6336d9d2d17b840adb624fc323fc68647ffbf2d1b18', 50, 1, 'mobile', '[]', 0, '2018-06-21 11:32:52', '2018-06-21 11:32:52', '2019-06-21 06:32:52'),
('43228501b421432a51ef38f354fa8e1c805366fe8884f1ccaba1e7d936c99ac875e0539838bfa9d2', 37, 1, 'mobile', '[]', 0, '2018-05-16 11:46:47', '2018-05-16 11:46:47', '2019-05-16 06:46:47'),
('433473ef9d3e2c088f5000b78878d8fb8caa74572e57e3bb1f5e219972c9bd111b2b37d4a5a0da51', 37, 1, 'mobile', '[]', 0, '2018-05-10 10:34:24', '2018-05-10 10:34:24', '2019-05-10 05:34:24'),
('435b4ba2dc84aa8b98bbb58508f3c40db589117b55418ae2727acb3aab7b5609292ad592a43b497c', 37, 1, 'mobile', '[]', 0, '2018-05-14 14:23:35', '2018-05-14 14:23:35', '2019-05-14 09:23:35'),
('438954e5ecab590a414be090c6226fef152c129fc13972d7d5f72f5395a28989ad18999172a7f837', 37, 1, 'mobile', '[]', 0, '2018-05-14 11:40:34', '2018-05-14 11:40:34', '2019-05-14 06:40:34'),
('4399567fed129bf9619e6d43cdde4ce016d28db67f35045fa96fcc79e4f9591d29d96838c2203f55', 32, 1, 'mobile', '[]', 1, '2018-10-16 21:43:26', '2018-10-16 21:43:26', '2019-10-16 14:43:26'),
('43a56e563924ed1fe076812a7cb0f825257901aabcf4599d08e29e0b82a5329db6738ac74fa060c7', 16, 1, 'mobile', '[]', 0, '2018-10-10 15:04:04', '2018-10-10 15:04:04', '2019-10-10 08:04:04'),
('43e6fe73f7a7edb1491b7b44aca6dff2dca291d317dd846942de6b5fe585700765dd6a636659a9d5', 34, 1, 'mobile', '[]', 0, '2018-05-08 16:36:02', '2018-05-08 16:36:02', '2019-05-08 11:36:02'),
('4431f458900d6a2d253efeca961a8a1593d76e7a2c678c1ddfb3cdbe63abf66f7b12b64bb5dbd25c', 42, 1, 'mobile', '[]', 0, '2018-10-22 18:02:44', '2018-10-22 18:02:44', '2019-10-22 11:02:44'),
('447cae4ae9e240770ec9f28e679bc2367411a69eed8ebd28436a580aaea3fdcddf56d3f24a8b4b34', 15, 1, 'mobile', '[]', 0, '2018-10-16 15:38:31', '2018-10-16 15:38:31', '2019-10-16 08:38:31'),
('44a4b6b8aba6ddf68820708a99aa8e23ff98de667be4c89cb110ac5049937b395f1f89e84ade85e9', 27, 1, 'mobile', '[]', 1, '2018-10-17 13:07:09', '2018-10-17 13:07:09', '2019-10-17 06:07:09'),
('44da3ded49783bfae8013f01b900412fe20e0a27110070d0c333f621a2b03e311b98f34e89c79499', 37, 1, 'mobile', '[]', 0, '2018-05-16 17:23:34', '2018-05-16 17:23:34', '2019-05-16 12:23:34'),
('4513ae0b5e30d6ed05c3a641b625e07c6175450057b4bd1a3ead2972350251e5d0374a7a038603a8', 37, 1, 'mobile', '[]', 0, '2018-05-15 16:29:51', '2018-05-15 16:29:51', '2019-05-15 11:29:51'),
('452785facdc97beffa69b684ac4b8765d24d9716f84c658dc4060f4936cc909c161dd98545f8d0ba', 37, 1, 'mobile', '[]', 0, '2018-06-07 14:49:02', '2018-06-07 14:49:02', '2019-06-07 09:49:02'),
('4554659f3bb6766be2d5dcfc463ff27f2983ca8a043fb6d726633d31ae2a2c7268f1ba255bbaecba', 37, 1, 'mobile', '[]', 0, '2018-05-15 16:28:07', '2018-05-15 16:28:07', '2019-05-15 11:28:07'),
('457f0f3c309c9c9cb145b5ec2dcc3cc263c3184fd74fba1958fec7161d71d7f18036ebe9b0f16c3c', 37, 1, 'mobile', '[]', 0, '2018-05-13 17:13:48', '2018-05-13 17:13:48', '2019-05-13 12:13:48'),
('45af2ac4bdf98889fe673e56c1f24aeeddb8993df7751c781ea41519b8fe435fc75bad87cca83747', 50, 1, 'mobile', '[]', 0, '2018-06-21 17:55:03', '2018-06-21 17:55:03', '2019-06-21 12:55:03'),
('45c51cf333106a97151647644a6387e5b327909c5605215ef005bce52b7c981d3658442dfaf0a7fb', 54, 1, 'mobile', '[]', 0, '2018-06-30 15:20:22', '2018-06-30 15:20:22', '2019-06-30 10:20:22'),
('45e3085613f2900e0481c072507aa5d7eaa9b217576df18fae7c8a09cb27536f360c4919ea9e4aa9', 37, 1, 'mobile', '[]', 0, '2018-05-10 10:41:42', '2018-05-10 10:41:42', '2019-05-10 05:41:42'),
('45e3382be0def8cc71ce30ae700d0cd13183324e95c299d7faf08f87d4da3335f769ce6731e020ee', 42, 1, 'mobile', '[]', 0, '2018-05-13 14:30:33', '2018-05-13 14:30:33', '2019-05-13 09:30:33'),
('461115899d436927a00860dcf16f1c102651b6ab98616707096f32e1cca5e21baa05fa9f80e42176', 37, 1, 'mobile', '[]', 0, '2018-05-17 16:50:29', '2018-05-17 16:50:29', '2019-05-17 11:50:29'),
('462204e9a6acf806d7f4c0749e65a37b1e0b99dd9755efa3e9fea0b7f988bb24e28b0d3f151bf637', 37, 1, 'mobile', '[]', 0, '2018-05-13 14:47:36', '2018-05-13 14:47:36', '2019-05-13 09:47:36'),
('462b280af468c799fb2c87ef3a39dc05f397c42a82a1e34d8a897e960cc40370478647f44511f37d', 37, 1, 'mobile', '[]', 0, '2018-05-10 17:48:35', '2018-05-10 17:48:35', '2019-05-10 12:48:35'),
('46897c264df941ef31ebb688c6899639760aeab370e8f17e124acba0327bb4f989fd7ef2cd273088', 37, 1, 'mobile', '[]', 0, '2018-05-20 16:52:12', '2018-05-20 16:52:12', '2019-05-20 11:52:12'),
('4696b067075944b6accebfefbf1dadf526c2523ffef822befd214154eaa3ae284d2b2df1f08da658', 1, 1, 'mobile', '[]', 0, '2018-09-18 08:08:26', '2018-09-18 08:08:26', '2019-09-18 11:08:26'),
('4697b4a157a6e2f96ff77439a8298cff6c0cc9cb5c88054cf43ce086fcad4dbc94d338c75b6bd419', 16, 1, 'mobile', '[]', 1, '2018-10-10 18:57:28', '2018-10-10 18:57:28', '2019-10-10 11:57:28'),
('46d0de5ff3ea76ca98c8a1e2a4387495b087c9d930ab7052851ca7bd49df6a9325df8ec0861a5021', 52, 1, 'mobile', '[]', 0, '2018-07-05 11:24:47', '2018-07-05 11:24:47', '2019-07-05 06:24:47'),
('46da0882cb8f090d9ebd0b158f78bb187e3f265915f47aa73d82a0e94bf9cbc351412e433a673a1e', 37, 1, 'mobile', '[]', 0, '2018-05-15 17:11:18', '2018-05-15 17:11:18', '2019-05-15 12:11:18'),
('4789147b22811ea6888449fb77a5d17c2ec6c81b5301a45e385fde26d1a8cec40980904411081ee4', 18, 1, 'mobile', '[]', 0, '2018-10-14 16:26:50', '2018-10-14 16:26:50', '2019-10-14 09:26:50'),
('47ddbc4ba98c0ee834a9d539d2a48d23e27a011a46ceb539649dc880e5dde2b145a10e567f5ab188', 42, 1, 'mobile', '[]', 0, '2018-10-21 14:49:42', '2018-10-21 14:49:42', '2019-10-21 07:49:42'),
('481545c05c385838b5bd78654db7e1ef0d40ea943646abdadecc087cedadecb7078ebf2187416220', 37, 1, 'mobile', '[]', 0, '2018-05-14 12:16:32', '2018-05-14 12:16:32', '2019-05-14 07:16:32'),
('481e5fbab787dc55114ffec9422af2d47bf84ac7a7dc54919e6fa7013c89694a9d0da340f6ec0cb7', 37, 1, 'mobile', '[]', 0, '2018-05-16 17:39:36', '2018-05-16 17:39:36', '2019-05-16 12:39:36'),
('4837af5b64f31d6569e2692c96d3fd451b460010bbf208ddc7a05061bed046133dd30ea543156e32', 14, 1, 'mobile', '[]', 0, '2018-10-10 19:10:46', '2018-10-10 19:10:46', '2019-10-10 12:10:46'),
('4882963da221348e374650b413fc6b596ef7f8222834e688dab426713965f2697f5cbff026d300db', 1, 1, 'mobile', '[]', 0, '2018-10-03 17:35:56', '2018-10-03 17:35:56', '2019-10-03 10:35:56'),
('48b86007378e08cbed5fbde79d402bf17dc4253146be4e6cefe6e516780df315568b0a50fb236235', 37, 1, 'mobile', '[]', 0, '2018-05-14 16:47:19', '2018-05-14 16:47:19', '2019-05-14 11:47:19'),
('49331e5ec0da1576f7db826f3a6b3d49a24319cb6f7403ca541609f9f511da0b981f59aecb365e06', 52, 1, 'mobile', '[]', 0, '2018-06-08 22:55:08', '2018-06-08 22:55:08', '2019-06-08 17:55:08'),
('4991a61076e010ef3eddb5cd123c42db7b111c266e4d1c8c4bb13a3061257fa0b39cb3c1704d0030', 1, 1, 'mobile', '[]', 0, '2018-10-07 05:10:49', '2018-10-07 05:10:49', '2019-10-06 22:10:49'),
('499c10ed7e34b01602ad13d388d1b7e1838b0619bc850197b43b2294db4c0822d6cc72b66e21f764', 37, 1, 'mobile', '[]', 1, '2018-05-23 13:51:38', '2018-05-23 13:51:38', '2019-05-23 08:51:38'),
('49a5f439f855ec17312852d557f41742093cdb60e38aade0159346426e8ab54d8b70b458a95d3edd', 22, 1, 'mobile', '[]', 0, '2018-10-11 19:20:27', '2018-10-11 19:20:27', '2019-10-11 12:20:27'),
('49e8fb48d0d96432034f11238c3ef73c88acb16b9c05863d8a1e8b127eb4ccc33bdc3ceb26952470', 52, 1, 'mobile', '[]', 0, '2018-06-08 07:20:00', '2018-06-08 07:20:00', '2019-06-08 02:20:00');
INSERT INTO `oauth_access_tokens` (`id`, `user_id`, `client_id`, `name`, `scopes`, `revoked`, `created_at`, `updated_at`, `expires_at`) VALUES
('4a08c2f80ba8e82395992e72b5fc82e141201140bcdbb277e3ce266463c6567f687d4e0014deaf81', 37, 1, 'mobile', '[]', 1, '2018-06-30 16:08:19', '2018-06-30 16:08:19', '2019-06-30 11:08:19'),
('4a167a1bc68fd5630533ad0f06b0e18225bad0c6cdb4b1b67df10ac1a24d7944c05b4db9ddb0f600', 1, 1, 'mobile', '[]', 0, '2018-09-18 08:11:56', '2018-09-18 08:11:56', '2019-09-18 11:11:56'),
('4a32cc966d91ca69fb11422fb8cc571c609d8b4acebc31a44bfa9f1e5e492e7cc041f1bf1630b8eb', 27, 1, 'mobile', '[]', 1, '2018-10-21 12:44:15', '2018-10-21 12:44:15', '2019-10-21 05:44:15'),
('4a44bf05bc1d9d0d8749b75585340eab0decc1898137ed6425c2cc1d8a0e43e41dca658f1c775720', 34, 1, 'mobile', '[]', 0, '2018-04-08 17:52:53', '2018-04-08 17:52:53', '2019-04-08 12:52:53'),
('4a86a858dbaa732889fb87f511cb00097f533ea773f18a760667b2e22775da64862aebff13fbd5a6', 37, 1, 'mobile', '[]', 0, '2018-05-08 14:50:54', '2018-05-08 14:50:54', '2019-05-08 09:50:54'),
('4b256f6b1922814920b0d77094775df4837375872de1b61aa96e28f23e88021cc9612926b3c177aa', 37, 1, 'mobile', '[]', 0, '2018-06-07 13:52:00', '2018-06-07 13:52:00', '2019-06-07 08:52:00'),
('4b8de8dcc35ab5ce98b67044a08ad137bf360e639366321f252fa419b71bece98386ce8096090601', 18, 1, 'mobile', '[]', 0, '2018-10-11 13:46:25', '2018-10-11 13:46:25', '2019-10-11 06:46:25'),
('4bd2e9cc5afada2560a97448597bc1adb0a94eb123d91e1fc758418b41f8bf3da5167d6b1a162a23', 37, 1, 'mobile', '[]', 0, '2018-05-30 17:10:32', '2018-05-30 17:10:32', '2019-05-30 12:10:32'),
('4bf62f893fa09a1ccf8965fb7e8e03c8fec97e2f90ad470a37c14c0a7de8fb832a6e4796ce4986fd', 34, 1, 'mobile', '[]', 0, '2018-05-29 14:34:30', '2018-05-29 14:34:30', '2019-05-29 09:34:30'),
('4c20179f6d72e2884ff36c445bae75a29e4ead6e664b51008f8f9c3504ead9283b485da7df4799d5', 46, 1, 'access_token', '[]', 1, '2018-06-05 17:02:08', '2018-06-05 17:02:08', '2019-06-05 12:02:08'),
('4d4dc95ed3117e48b50bb7eb540bc3da4347951641ca1245e06486f197230e9d0eb99389ec8d9765', 18, 1, 'mobile', '[]', 0, '2018-10-14 14:13:52', '2018-10-14 14:13:52', '2019-10-14 07:13:52'),
('4d63410b49569570d7287691cdd78b066f2b147a9231b10559ba7d72af21b2c3e1c508712215c614', 52, 1, 'mobile', '[]', 0, '2018-07-09 21:32:31', '2018-07-09 21:32:31', '2019-07-09 16:32:31'),
('4db8e85866e479f6fe01474ef9fc65725fe4fe1cd99e6469064d4a76d711995cd530d166fda1c32d', 34, 1, 'mobile', '[]', 0, '2018-04-26 16:54:21', '2018-04-26 16:54:21', '2019-04-26 11:54:21'),
('4e1eadcaf522c739928799341b5fe000995065ba0c7f69f96a53ad3799d39fae64c63514e97e961d', 37, 1, 'mobile', '[]', 0, '2018-06-06 17:04:28', '2018-06-06 17:04:28', '2019-06-06 12:04:28'),
('4ea18e62dc720c3cee6f6d38d513ed53f668ee54fcef77a96a50d334f535d6f4e3868f8b2c184a10', 37, 1, 'mobile', '[]', 0, '2018-05-10 18:03:21', '2018-05-10 18:03:21', '2019-05-10 13:03:21'),
('4ee44472abb557522f7f90eab7979863a34fd9ad0ff3ac311dbd9c9d1777309586728fb86b714f77', 37, 1, 'mobile', '[]', 0, '2018-05-20 16:33:35', '2018-05-20 16:33:35', '2019-05-20 11:33:35'),
('4f41c31c5a903ff3cc5b5db74ac0637e1522d22265187771e454f32f741200c5533f35ce220cd0a8', 37, 1, 'mobile', '[]', 1, '2018-06-05 17:06:18', '2018-06-05 17:06:18', '2019-06-05 12:06:18'),
('4f6a3a303767a6ce2d65c1b298e8e92884942dbc41fa0478764321c79455141107edeea3109d1aa7', 37, 1, 'mobile', '[]', 0, '2018-05-21 14:20:38', '2018-05-21 14:20:38', '2019-05-21 09:20:38'),
('4f99b9c2de9b95434db16164e838b8bcab48d96a1ef303a21fd2f1bb7dbbfa574ab36183f136e0b1', 37, 1, 'mobile', '[]', 0, '2018-05-20 12:41:59', '2018-05-20 12:41:59', '2019-05-20 07:41:59'),
('4fc161d266a08fbc9fd6e65316d0b54beb985ddea2552d3a53e9c8b03df2735ee510f2a9f1320a06', 37, 1, 'mobile', '[]', 0, '2018-05-29 18:19:31', '2018-05-29 18:19:31', '2019-05-29 13:19:31'),
('4fdb8d8097483623a140516fff50f334ed5bf2e3669eef77591863dca2070850ff022fe7f54fe937', 37, 1, 'mobile', '[]', 0, '2018-05-14 12:17:27', '2018-05-14 12:17:27', '2019-05-14 07:17:27'),
('5047f54ddd1c90888bf7ca7734545153c3e7211440aad81302ec318a52d9e9a022b3acc729c86700', 34, 1, 'mobile', '[]', 0, '2018-04-24 13:16:42', '2018-04-24 13:16:42', '2019-04-24 08:16:42'),
('5070ba83019189e556f66c5bc7236a4e3e353f68394dcb50fc3caa9d4b0e37b493935583f20f774b', 31, 1, 'mobile', '[]', 1, '2018-10-16 21:31:58', '2018-10-16 21:31:58', '2019-10-16 14:31:58'),
('50891a034f0632506db4a8fa948a2b8a0ac1d99b5c143396c76474a000cc1e3665f8019250b05e95', 37, 1, 'mobile', '[]', 0, '2018-05-17 15:30:37', '2018-05-17 15:30:37', '2019-05-17 10:30:37'),
('50f00fdb7dd9a0fe57d09975419e120fc3adbda8507a2d52063b1dcff4d8c9fb865ceae807414d9d', 34, 1, 'mobile', '[]', 0, '2018-05-08 13:20:12', '2018-05-08 13:20:12', '2019-05-08 08:20:12'),
('51a84aa90d4b611e90987d006a569eb9a190ed8aea432099a6e39b983f4e573cafadd46076950563', 37, 1, 'mobile', '[]', 0, '2018-05-17 12:39:37', '2018-05-17 12:39:37', '2019-05-17 07:39:37'),
('51a8758b17cb6ab90dcff45eead09e34f3029c31ad7aff06d12bc012557ff8a787766c191498c131', 37, 1, 'mobile', '[]', 0, '2018-05-28 18:05:11', '2018-05-28 18:05:11', '2019-05-28 13:05:11'),
('51b54547ef8b92931e8dcd9301bc0e9ebd2ff8fa4ae6a56e0db769a52ede4dacb96613ef23818dd7', 34, 1, 'mobile', '[]', 0, '2018-06-24 17:14:00', '2018-06-24 17:14:00', '2019-06-24 12:14:00'),
('51d6ca247ce6f71eb15e2bb3ed48f6a6150aa10e96eda828460b4ec68609e39c4836074e33e1f2df', 32, 1, 'mobile', '[]', 0, '2018-04-08 17:42:27', '2018-04-08 17:42:27', '2019-04-08 12:42:27'),
('520caea4f832f345cb025e1cb8c5d1dc5a02c2fc5ce589df9ff40784b950ed281911a63ed1111b65', 34, 1, 'mobile', '[]', 0, '2018-05-23 16:04:47', '2018-05-23 16:04:47', '2019-05-23 11:04:47'),
('52a9bfddcc66990effe3b6d2c7c3c50f5e6df5941f98a1f23b8807590c6178c4587720c395db606f', 32, 1, 'mobile', '[]', 0, '2018-04-30 14:29:34', '2018-04-30 14:29:34', '2019-04-30 09:29:34'),
('52c4650aa5afa5fbb12f69821c90ba73c536ba6421a7de634a04d01432e49a5ac36ea1be466406bb', 31, 1, 'mobile', '[]', 1, '2018-10-18 17:41:27', '2018-10-18 17:41:27', '2019-10-18 10:41:27'),
('52c94be7f71554de443acbc62fdef7cbc777fcf37c3b918e8c3c33370e43f1ec8d0466789b8e7548', 33, 1, 'mobile', '[]', 0, '2018-04-11 03:03:00', '2018-04-11 03:03:00', '2019-04-11 06:03:00'),
('530f70428f7f17504d2d14d3593fef82aaa84a090f35dcf313d9feb3f6332f047768d92d4525ecf5', 37, 1, 'mobile', '[]', 0, '2018-05-21 18:10:47', '2018-05-21 18:10:47', '2019-05-21 13:10:47'),
('531ef21fc17766586c31a1834d4ddec1a1016201a91e84460a9237d6bd3a7817f6457b3bc5c00fbc', 50, 1, 'mobile', '[]', 0, '2018-07-10 15:23:47', '2018-07-10 15:23:47', '2019-07-10 10:23:47'),
('5328e2d520b90bea04191d214b274f11da4747496501541969017cbb35fd732c569dea9eaa477471', 34, 1, 'mobile', '[]', 0, '2018-04-25 13:22:23', '2018-04-25 13:22:23', '2019-04-25 08:22:23'),
('53553e9ca383b6945fca1ffff7eb92b338ab67df6f04389974f36841d6d37136e49c37f2fafe1f05', 52, 1, 'mobile', '[]', 0, '2018-06-09 00:55:17', '2018-06-09 00:55:17', '2019-06-08 19:55:17'),
('548c03413e947424d2f4debae7a5ee69d332ab8aed0273d8c8f864b62900b6b153a5361269447d81', 37, 1, 'mobile', '[]', 0, '2018-05-15 15:32:40', '2018-05-15 15:32:40', '2019-05-15 10:32:40'),
('54dcb4dedf168661a3e3a410d4813f134c0206a543e6897058c8a3b9db2eb8709b3ec6e9b489a13b', 33, 1, 'mobile', '[]', 0, '2018-05-01 13:21:38', '2018-05-01 13:21:38', '2019-05-01 08:21:38'),
('54fcc429ed0502dd22c4c504efe989da4ff194c146657dd8e118f324cef3b9ef81bd0c0d0a095d3b', 34, 1, 'mobile', '[]', 0, '2018-06-21 11:21:43', '2018-06-21 11:21:43', '2019-06-21 06:21:43'),
('55192dc4afc9674d2b8614cb4ca18bb89a22219d5cfcb83a1f3f69e708c35f9a001306e47d24a7ff', 34, 1, 'mobile', '[]', 0, '2018-04-29 11:29:52', '2018-04-29 11:29:52', '2019-04-29 06:29:52'),
('55d6dbfa347afd23ee6be7b97ac8a12f2c2b976488eba70193574b8b0712293acebebddf9541486c', 37, 1, 'mobile', '[]', 0, '2018-05-22 17:31:20', '2018-05-22 17:31:20', '2019-05-22 12:31:20'),
('55e5eaab4448de7f0b5fd51c0ea80ec8c771d119f043594c7246c6e853b4fc3df5ea629aa134c94f', 34, 1, 'mobile', '[]', 0, '2018-05-23 14:54:38', '2018-05-23 14:54:38', '2019-05-23 09:54:38'),
('55f96e2128b55472a624284b80bd5f4051583cd737bb55b987c64e87431f975bd6220b92eaa65a87', 37, 1, 'mobile', '[]', 0, '2018-05-16 15:40:14', '2018-05-16 15:40:14', '2019-05-16 10:40:14'),
('5602575cff464a8468c82be0907499e19f455f04552881f42e9e6fb00b9e4d7684ed5b38e17c9fcf', 37, 1, 'mobile', '[]', 0, '2018-05-16 18:18:32', '2018-05-16 18:18:32', '2019-05-16 13:18:32'),
('5613cc664c2037a1927faa1387fa8a558e0e3ce7ba4f06122db024a676cc194e9dfd22283bf6e6fd', 37, 1, 'mobile', '[]', 0, '2018-05-22 12:20:16', '2018-05-22 12:20:16', '2019-05-22 07:20:16'),
('56a0348ea55e93cee479381f4ee84c658a008ce37200e13570ff95ce62fc9e247b4ba4e952cf5927', 37, 1, 'mobile', '[]', 0, '2018-05-20 18:13:42', '2018-05-20 18:13:42', '2019-05-20 13:13:42'),
('56a97a786c0d2472fe94975e05b4e81f7da4ae2dfc047476141e2e2e0a7bf07971646274f843f2dd', 32, 1, 'mobile', '[]', 0, '2018-04-08 17:47:15', '2018-04-08 17:47:15', '2019-04-08 12:47:15'),
('56c4a2e36b9f3cfc4274ab0396cdc7bddc638129a810174d332485aa61cc65b919d5f6f77514fcb6', 37, 1, 'mobile', '[]', 0, '2018-06-07 13:40:37', '2018-06-07 13:40:37', '2019-06-07 08:40:37'),
('572236ced7ef1100f83f869ddaa9d8f4673b03f18e9cb80d8844aa64fa3d284d10f2822992dcc7de', 18, 1, 'mobile', '[]', 0, '2018-10-11 14:13:30', '2018-10-11 14:13:30', '2019-10-11 07:13:30'),
('57502b837f4edd5307378cf9d086a465629bdeb76f330f1cd4f295fe6c7339c75be7903c2fb197ed', 54, 1, 'mobile', '[]', 0, '2018-07-05 14:22:44', '2018-07-05 14:22:44', '2019-07-05 09:22:44'),
('57f5fa689067d99f8ad7578b3f8c70fc48b9458d01d4fd93df125dd4f3f1563aa25449104c3d9aa2', 26, 1, 'mobile', '[]', 1, '2018-10-21 17:20:10', '2018-10-21 17:20:10', '2019-10-21 10:20:10'),
('580c9bb96389dd2954d91e671e7b904be6d769efafa78a239d44dd96f2cca2534c356e44fe675411', 14, 1, 'mobile', '[]', 0, '2018-10-08 15:32:16', '2018-10-08 15:32:16', '2019-10-08 08:32:16'),
('5810d2bccfe474d7a8e428e1559d368e58235d766692015a9cc103390783918568e16b2ec472716c', 50, 1, 'mobile', '[]', 0, '2018-06-23 19:56:48', '2018-06-23 19:56:48', '2019-06-23 14:56:48'),
('58b10369f7384dd4d6165a68b8d603e2830fd8ea603f667b533d4a04f2aeea8ff0f62188ca9ef32a', 37, 1, 'mobile', '[]', 0, '2018-05-29 17:54:18', '2018-05-29 17:54:18', '2019-05-29 12:54:18'),
('58b35131e46eb5e93c37a11a4a5f98a1d0968c797cf9f98d64233ede2c21d9d17e6d9044c55df30d', 9, 1, 'mobile', '[]', 0, '2018-10-14 16:39:49', '2018-10-14 16:39:49', '2019-10-14 09:39:49'),
('5902cdd95097a5a4129c53212039c00ff6ed1b833edf2b8b6af21c1de6fd7f1770cd0820ee4c7d6f', 27, 1, 'mobile', '[]', 1, '2018-10-21 15:47:18', '2018-10-21 15:47:18', '2019-10-21 08:47:18'),
('5969228f3c399e7845c72978ca474bb8839f02cf0f33251f9c442162446a2e53bca0c794c324cff7', 15, 1, 'mobile', '[]', 0, '2018-10-10 14:57:47', '2018-10-10 14:57:47', '2019-10-10 07:57:47'),
('59a94dc68976708078b9dd5321459f711789249057f1db31343709e77dcedeaabc35dba37455655e', 37, 1, 'mobile', '[]', 0, '2018-05-28 17:45:14', '2018-05-28 17:45:14', '2019-05-28 12:45:14'),
('59b9efca75bb53fe0ab697e21e2a22bd19d80cac4c9bf39023d63f173abe542d215983517b061671', 37, 1, 'mobile', '[]', 0, '2018-05-16 11:08:06', '2018-05-16 11:08:06', '2019-05-16 06:08:06'),
('59e2fde2eeb2ce8c2b79fd599473f2a3cee3880f3b1fa47022112060cc2ad02a70bc6ab2b797b061', 37, 1, 'mobile', '[]', 0, '2018-05-16 13:48:48', '2018-05-16 13:48:48', '2019-05-16 08:48:48'),
('5a3c42b1ef7538e76e32fcaed04c9e3a5905908bf7422a290479596e9213658814246d65977d539c', 37, 1, 'mobile', '[]', 0, '2018-05-17 13:18:13', '2018-05-17 13:18:13', '2019-05-17 08:18:13'),
('5a8c70d138613ed9224ed5a38bf266dcd31d17bd5a80709989d343db12f72c351a6df1fd43c9748f', 27, 1, 'mobile', '[]', 1, '2018-10-16 17:28:23', '2018-10-16 17:28:23', '2019-10-16 10:28:23'),
('5ae489a728724ec54448fad90a4540d36ab19186ad60bf9874dbe006045831939ea2a71a1d6418ab', 37, 1, 'mobile', '[]', 0, '2018-05-17 12:56:34', '2018-05-17 12:56:34', '2019-05-17 07:56:34'),
('5af37cac831c26fe0fc191ea2abcee7d1cb06c80f8cd454d3b3d0781c799cd8e0aa949d9bd75937f', 37, 1, 'mobile', '[]', 0, '2018-05-16 11:51:01', '2018-05-16 11:51:01', '2019-05-16 06:51:01'),
('5afb453347156ae181e4bf26ef398d97821e3fe37be250464fb828e9ec782e445423c7bed1e9a5db', 37, 1, 'mobile', '[]', 0, '2018-05-15 17:25:12', '2018-05-15 17:25:12', '2019-05-15 12:25:12'),
('5b391340ba7c18e77653a8bcf63910bdcb3f67e2b5eb4416b27f91c38a55f3dcb5df4daff27dc82f', 1, 1, 'mobile', '[]', 0, '2018-10-01 12:51:57', '2018-10-01 12:51:57', '2019-10-01 05:51:57'),
('5b5974ba904f3c7b4b25aba2ffb365a80fb31f1e358337e3130663f4c0b66efcbcc843f03a68a1f4', 37, 1, 'mobile', '[]', 0, '2018-05-28 13:50:45', '2018-05-28 13:50:45', '2019-05-28 08:50:45'),
('5b88b9adb38fdd2e4de3e5641cedafea66b77858405f72017bdd5e5cf4a9593dbbd5f547514543be', 37, 1, 'mobile', '[]', 0, '2018-05-21 13:24:05', '2018-05-21 13:24:05', '2019-05-21 08:24:05'),
('5b897d0fb36053503f23b759a4d7a3fe6e8344ce9b183cc093043bf96bc7d41db0aad1838140b223', 37, 1, 'mobile', '[]', 0, '2018-05-14 16:08:16', '2018-05-14 16:08:16', '2019-05-14 11:08:16'),
('5ba987530836fa340f14fd1eeb6b4b196713ab82ab0ad3281caebb517b90b410b3c58c0db8b7f98d', 37, 1, 'mobile', '[]', 0, '2018-05-22 16:52:14', '2018-05-22 16:52:14', '2019-05-22 11:52:14'),
('5bbdcc4daa11175db70c6364f3eed9f60a977038e3247548f82b354b9a30a5f6d92675e78082edcb', 34, 1, 'mobile', '[]', 0, '2018-04-25 12:46:48', '2018-04-25 12:46:48', '2019-04-25 07:46:48'),
('5c6295148a71457697d4f5e7e3ea20f3d20d09aaea03f813981bf57e33e0fcbc746e44af16896ea3', 34, 1, 'mobile', '[]', 0, '2018-06-21 12:06:31', '2018-06-21 12:06:31', '2019-06-21 07:06:31'),
('5c9757804dbc91f2497ead5d7bfed39b3c476408433a11e162c0a4f25ff528c842bed7c07be447ec', 37, 1, 'mobile', '[]', 0, '2018-05-17 18:04:32', '2018-05-17 18:04:32', '2019-05-17 13:04:32'),
('5cdff536fd0e7b830a70caeba1fbaac4d8da8566a0cbf2457ae9698886bd0f42e38e716aa6b8d783', 51, 1, 'mobile', '[]', 0, '2018-06-08 07:02:41', '2018-06-08 07:02:41', '2019-06-08 02:02:41'),
('5ce08a38a97d353a56457c55888c431914e0bdfab166e74f2519771268dafb1ed55fac36c97eb499', 42, 1, 'access_token', '[]', 0, '2018-05-13 14:28:57', '2018-05-13 14:28:57', '2019-05-13 09:28:57'),
('5cf02c5091e647894924f229ab43766431a2df2dc86bbb23ccbdc576b947242a2dca355c2cafbb4c', 34, 1, 'mobile', '[]', 0, '2018-05-29 16:57:12', '2018-05-29 16:57:12', '2019-05-29 11:57:12'),
('5d0166ad7d01dda921df9da50745e7ade385aa1384462fb1773afab7f18d3a10cc2e9efefe1096d6', 34, 1, 'mobile', '[]', 0, '2018-05-01 14:45:32', '2018-05-01 14:45:32', '2019-05-01 09:45:32'),
('5d265df21752dda5f8a4919ff1e49e59611e4f66e374c3deb9f60e13cf8cbe1663d646a8fc96e975', 51, 1, 'mobile', '[]', 0, '2018-06-07 14:24:45', '2018-06-07 14:24:45', '2019-06-07 09:24:45'),
('5d2e3e8f908d3733fe98b998f6d2b2779d019dab6fa8a61d16458fdaa222e8c8c44648b26c6cfd03', 37, 1, 'mobile', '[]', 0, '2018-05-21 14:58:07', '2018-05-21 14:58:07', '2019-05-21 09:58:07'),
('5e51e4c5787b6af7c352cb81b76ff7cd79b1ed3d386fce2113e0d6c221974e02c689ee482295c15d', 52, 1, 'mobile', '[]', 0, '2018-07-08 13:09:12', '2018-07-08 13:09:12', '2019-07-08 08:09:12'),
('5e64ebdadb664f9b1d06473323a15c2eb2b2259cab436c9c59a54d577f38ceb2fc2f9cdb18b1d0f8', 34, 1, 'mobile', '[]', 0, '2018-06-25 12:06:37', '2018-06-25 12:06:37', '2019-06-25 07:06:37'),
('5e873ba628d3ddf7539122317189facbcf61601c428243b246230260e5dc2c5563142a2e2777c08e', 14, 1, 'mobile', '[]', 0, '2018-10-10 19:13:19', '2018-10-10 19:13:19', '2019-10-10 12:13:19'),
('5ec927554e963a97e5b3d55458291077400502de0ae37ac4f19d193407979409b77a119823ca9054', 26, 1, 'mobile', '[]', 0, '2018-10-21 16:34:04', '2018-10-21 16:34:04', '2019-10-21 09:34:04'),
('5fbe4405ab9c2d552525b0d87cc584e07ab928ccf7b97187615ef377f30d4d7d24d9e571690aa365', 35, 1, 'mobile', '[]', 0, '2018-04-26 15:10:54', '2018-04-26 15:10:54', '2019-04-26 10:10:54'),
('60552e23313b6d86d1af75742956e13d4c54fd7505652ad271e4862e49bdb56d9d98d54fafd312b3', 32, 1, 'mobile', '[]', 0, '2018-04-30 15:02:45', '2018-04-30 15:02:45', '2019-04-30 10:02:45'),
('60cbd143567216a8ffdb92712f52ec46d85305a6f594999c2b93de4ef229ecf08112964ccd3cea47', 52, 1, 'mobile', '[]', 0, '2018-06-20 17:04:15', '2018-06-20 17:04:15', '2019-06-20 12:04:15'),
('611f041927b911ea87cfb80732c47e738ef6829fed75a1859c46468b241b1132b373bc568281ba7f', 37, 1, 'mobile', '[]', 0, '2018-05-28 13:52:30', '2018-05-28 13:52:30', '2019-05-28 08:52:30'),
('61314a2dc7292d9de9d7f5a0b0dce4927ff7cbbe03e1c17a14a509e5e0ad768ce3a135c843c09964', 7, 1, 'mobile', '[]', 0, '2018-04-08 15:26:55', '2018-04-08 15:26:55', '2019-04-08 10:26:55'),
('61b4b4a8f045186c812d90456a2c2b02965b80ea59eb266550585e7408a1c66d5cf3e42cadde4cc0', 37, 1, 'mobile', '[]', 0, '2018-05-20 16:08:12', '2018-05-20 16:08:12', '2019-05-20 11:08:12'),
('622b1c8803e1d47b54ffad1138a755c0931218452a016854c7153f860bf6b49619c678e116c12cbb', 34, 1, 'mobile', '[]', 0, '2018-04-26 11:27:30', '2018-04-26 11:27:30', '2019-04-26 06:27:30'),
('622be0bf0535fc9ce807e47965bf0be808292ccfa80c70a74996d4312905bc54b3ecbbc4f4ba53f2', 27, 1, 'mobile', '[]', 1, '2018-10-21 15:53:53', '2018-10-21 15:53:53', '2019-10-21 08:53:53'),
('6232dc55bee9e9284288a0e018fd5eaeb6200c7373b4d4d668a8dee68bd522cd6b885c4b1a836431', 45, 1, 'access_token', '[]', 0, '2018-05-20 13:13:12', '2018-05-20 13:13:12', '2019-05-20 08:13:12'),
('623fb848de71af5f4216a0cfbf915747f95d9e121922658b4f28f1e466ef25f223733ff435c9df91', 37, 1, 'mobile', '[]', 1, '2018-10-19 04:06:05', '2018-10-19 04:06:05', '2019-10-18 21:06:05'),
('62428dedde3dac4dfbdbd2ebe54d272e0fbc785edf92b9eb29eff2b5a5df39cfb217da19b5d42706', 37, 1, 'mobile', '[]', 0, '2018-05-29 15:08:20', '2018-05-29 15:08:20', '2019-05-29 10:08:20'),
('6285080935ad040b4244b630a709ea947d79d0a287a9dc1101946acb6efa051ebe46fe9f661dd193', 37, 1, 'mobile', '[]', 0, '2018-05-20 17:28:48', '2018-05-20 17:28:48', '2019-05-20 12:28:48'),
('62fcfedcf90691ebfce14d8af90c31de8f2654454273bef63340eba8add3b98c96c590421bde6f15', 32, 1, 'mobile', '[]', 0, '2018-10-18 15:26:00', '2018-10-18 15:26:00', '2019-10-18 08:26:00'),
('636e8451a0904b1b9ec3ec4449ce95caefb79590073cbced6a03711fc3168f9b665570f5155b83e9', 1, 1, 'mobile', '[]', 0, '2018-10-04 17:37:14', '2018-10-04 17:37:14', '2019-10-04 10:37:14'),
('639217c255c275598681501161e04bb849dd9c82ed048cbc349c2d5f92a3e68541979b82f7ba7332', 44, 1, 'access_token', '[]', 0, '2018-05-16 12:26:11', '2018-05-16 12:26:11', '2019-05-16 07:26:11'),
('6392df2dee5ec95d61654346b2a4c2d382e75c52776a9ce0ec6222b25120e700c179961016bd3605', 37, 1, 'mobile', '[]', 0, '2018-06-05 17:01:25', '2018-06-05 17:01:25', '2019-06-05 12:01:25'),
('6418c08effad994300e148c2008fe03a558dc29c6e62d373c28fe6c0b463cc0a2a0759ee6e1f4c90', 37, 1, 'mobile', '[]', 0, '2018-05-10 13:25:47', '2018-05-10 13:25:47', '2019-05-10 08:25:47'),
('642f0aa3aaf75f2f405ddc62397867cd115cbd902927b09bdc03e1dc24b9783647f9cf24d1c0c188', 52, 1, 'mobile', '[]', 0, '2018-07-09 21:36:52', '2018-07-09 21:36:52', '2019-07-09 16:36:52'),
('65d1e9c665c5e07bfa49e081006757d38a285291e425cc486aa464cd249f7315fc6ea2f0f7e8b042', 37, 1, 'mobile', '[]', 0, '2018-05-13 14:16:07', '2018-05-13 14:16:07', '2019-05-13 09:16:07'),
('66ab3fa7f818d35c72ded7638073ea77a8bdd72c0ba70d0270c39f63bc2b8053ccedf9dffeaa41b8', 37, 1, 'mobile', '[]', 0, '2018-05-16 13:21:47', '2018-05-16 13:21:47', '2019-05-16 08:21:47'),
('66dbfc79afbbcf1239524e857afd75df07ea819d1744b1c263fc9e6c45158a41e430ab178135bf66', 37, 1, 'mobile', '[]', 0, '2018-05-13 11:02:06', '2018-05-13 11:02:06', '2019-05-13 06:02:06'),
('67085df7a7214ef2ae2a63ac97f0d52be4596432ba802ad4678f85790858a72138b5dff3c453ed9b', 54, 1, 'mobile', '[]', 0, '2018-07-09 11:35:32', '2018-07-09 11:35:32', '2019-07-09 06:35:32'),
('6720c364d83f560fd703d1be8e015dc871e18006ac5dde0915da7601cd7adc7f322d8467b70e3533', 37, 1, 'mobile', '[]', 0, '2018-05-10 13:32:17', '2018-05-10 13:32:17', '2019-05-10 08:32:17'),
('672ad2f4ee5f61590bc6c4ee87d582fd31dc98d66a06fd113a660af6906b9da7b29d97fd314ea619', 37, 1, 'mobile', '[]', 0, '2018-05-09 16:28:12', '2018-05-09 16:28:12', '2019-05-09 11:28:12'),
('6733e1e807650832b03581e60a4a61fdd5f7532ac490fe98d9a8b80177f3560731bdfb70353014e1', 27, 1, 'mobile', '[]', 0, '2018-10-14 18:26:14', '2018-10-14 18:26:14', '2019-10-14 11:26:14'),
('674fc6bec4d787d078953644ad826d7ab960fcd430d18505ce244310ace2df9c7b840b5038bc77c2', 37, 1, 'mobile', '[]', 0, '2018-05-21 15:00:11', '2018-05-21 15:00:11', '2019-05-21 10:00:11'),
('67f7d49d2b7818522fcaa9881795da80cda0e166af3829dca87c1fbfebd0e25d25a8fd0cda47ace2', 6, 1, 'mobile', '[]', 0, '2018-04-08 10:43:12', '2018-04-08 10:43:12', '2019-04-08 05:43:12'),
('685dd77530b03e951fd9a93cae7dc81a76490d25e443abb0425e1ddd27139a72ee8ad209870bf412', 23, 1, 'mobile', '[]', 0, '2018-10-11 19:22:18', '2018-10-11 19:22:18', '2019-10-11 12:22:18'),
('6894e424cc60b21769d5bb40cc70a1acb6ac5585c960a77de362a2a57653fd80924b67b318b4d5fd', 54, 1, 'mobile', '[]', 1, '2018-07-01 12:37:55', '2018-07-01 12:37:55', '2019-07-01 07:37:55'),
('68a2d1fa8838103fc1b0f6418a14ab026d2cdca7978722262a4853fb79554dc4aa0b3d0ab81b41ce', 37, 1, 'mobile', '[]', 0, '2018-05-09 16:20:12', '2018-05-09 16:20:12', '2019-05-09 11:20:12'),
('68c5dc897da52d836d26432b53d51a37968550e3b52f93f18939d26fa39057a12e21bba9c58d8a8d', 37, 1, 'mobile', '[]', 0, '2018-05-09 14:15:07', '2018-05-09 14:15:07', '2019-05-09 09:15:07'),
('691eadd9f8c14db6cfd866ae585d7a89a39ab349fa68e302367d49dbea47496620fdc79ea933bc36', 37, 1, 'mobile', '[]', 0, '2018-05-21 18:38:26', '2018-05-21 18:38:26', '2019-05-21 13:38:26'),
('692dcd97bd71f3a35e0dfadf5612cb3d5d2f7c9e7b8393de18825a9f1a5249a87992be034d1d0ba9', 51, 1, 'mobile', '[]', 0, '2018-06-07 21:13:13', '2018-06-07 21:13:13', '2019-06-07 16:13:13'),
('69548619eaa53310792e0e626c9d9db441476a7329bd8d9ac9c5137b8532ab062e82f33aa47b7aa2', 32, 1, 'mobile', '[]', 0, '2018-04-30 12:59:41', '2018-04-30 12:59:41', '2019-04-30 07:59:41'),
('69ee181cd9331bb0357b18e62ae7c6e98eef10e5a88e4165c2a88ec1e1d7e2729a2f910bc04e9bc6', 37, 1, 'mobile', '[]', 0, '2018-05-08 15:10:45', '2018-05-08 15:10:45', '2019-05-08 10:10:45'),
('6a010b7a2fd9a18aebe999164d3ce2e4c1220c9b9598a558a16383bcb9aa30738cc78bb25e7df5e0', 1, 1, 'mobile', '[]', 0, '2018-10-07 19:36:02', '2018-10-07 19:36:02', '2019-10-07 12:36:02'),
('6a3e789e62e50575cef2a68edf994f611db88ba8f0d522706b0b9ad007c13025ebb01c2d7b739e0e', 37, 1, 'mobile', '[]', 0, '2018-05-22 16:47:21', '2018-05-22 16:47:21', '2019-05-22 11:47:21'),
('6a4c1b7759f26b9048de89a3131bf59965e7bebe82912b7408bd740d7c891e7358f9b00630567ee4', 37, 1, 'mobile', '[]', 0, '2018-05-15 16:20:59', '2018-05-15 16:20:59', '2019-05-15 11:20:59'),
('6a6b77f24e122fe1c1e17755c42b147a00a55792235062a01b2df944ae8892b519ec097829585575', 40, 1, 'mobile', '[]', 0, '2018-10-20 21:10:22', '2018-10-20 21:10:22', '2019-10-20 14:10:22'),
('6ae933e6dbf1cd6fb5296f739db549353b4964b5083857915298c03aac11cd978cf446b61c2b58f7', 36, 1, 'mobile', '[]', 0, '2018-10-18 19:20:20', '2018-10-18 19:20:20', '2019-10-18 12:20:20'),
('6b5e8eab725f3f31557ce7d78a233e2a7fbad432e1d795d298e65c0ccd04a1af3b8918556592318c', 15, 1, 'mobile', '[]', 0, '2018-10-10 17:05:43', '2018-10-10 17:05:43', '2019-10-10 10:05:43'),
('6bc7345337efb588fce074e07fea3fe57f20ebbf8f7027779480edbdcd16cc247adb938eeaf3486f', 34, 1, 'mobile', '[]', 0, '2018-05-01 15:43:39', '2018-05-01 15:43:39', '2019-05-01 10:43:39'),
('6bf07964abcc006ce64713f54629e107bd12b8efd28e5f6997edef52bf8f34da562f820b68bdddb3', 32, 1, 'mobile', '[]', 0, '2018-04-08 17:47:55', '2018-04-08 17:47:55', '2019-04-08 12:47:55'),
('6bfa05dc727fbefaf916bb819bd5097754bd8d59e1322283db6ba657ac6687e187af4ad9491e89ff', 1, 1, 'mobile', '[]', 0, '2018-09-18 08:14:42', '2018-09-18 08:14:42', '2019-09-18 11:14:42'),
('6c400c86d76e67797c630dbfb25ebad14deeefb6e88e95f71dd63438526b19d795f4c10145461826', 37, 1, 'mobile', '[]', 0, '2018-05-17 15:19:35', '2018-05-17 15:19:35', '2019-05-17 10:19:35'),
('6c43a449de65ee9ea1c1b55f6642e5951b028f97a80f8785fbd36610ff7868b1419ed44f4d9608b3', 32, 1, 'mobile', '[]', 0, '2018-04-09 11:04:24', '2018-04-09 11:04:24', '2019-04-09 06:04:24'),
('6c4cf7e6e6add7120662942992d0288695abd5a11680a0682305c22fc5540cd1849a963fcc4cb39b', 9, 1, 'mobile', '[]', 0, '2018-10-11 16:43:01', '2018-10-11 16:43:01', '2019-10-11 09:43:01'),
('6c948fedc3f91d779c66cc4f3d4157c4d9fee31ac4ff10f46ab30f66744c050e89bbee300037e098', 55, 1, 'mobile', '[]', 0, '2020-07-28 13:31:18', '2020-07-28 13:31:18', '2021-07-28 16:31:18'),
('6cb6073ecda1957f987f8f1deefa50c82e6ccdf9919dceb0f7e13b4ef9112b8b73ddd139c5c71261', 32, 1, 'mobile', '[]', 0, '2018-10-16 21:47:46', '2018-10-16 21:47:46', '2019-10-16 14:47:46'),
('6cb7e16883c8d108730db4bf9edcb41b4bf08bbe3e1f88df8e6e5004ff7b1e1dd6756cf0e45b71b4', 26, 1, 'mobile', '[]', 1, '2018-10-16 16:35:44', '2018-10-16 16:35:44', '2019-10-16 09:35:44'),
('6cf832cd69df9a80c4b1d4e762302bf738b9e1f16ced986b3b7fd65fbc95523eaa8e3e69ca0385a5', 37, 1, 'mobile', '[]', 0, '2018-05-21 12:27:39', '2018-05-21 12:27:39', '2019-05-21 07:27:39'),
('6d1fc75bb37d59eae8bb0f2a839c23e5ad8005dbd9ad589597ca9599ddf6df6aac206a59ff53aaa3', 37, 1, 'mobile', '[]', 0, '2018-05-21 14:12:00', '2018-05-21 14:12:00', '2019-05-21 09:12:00'),
('6d59b0e951de252c44f2285d8d3f2a47cc5085519333135cb9096cfaf042488fb2ba5982b02ec399', 34, 1, 'mobile', '[]', 0, '2018-04-09 13:48:23', '2018-04-09 13:48:23', '2019-04-09 08:48:23'),
('6d9555592b9f667c2d900a66f8420dabb50cb28227ee69be0108ab1f81aaf74d9785871dc615d322', 37, 1, 'mobile', '[]', 0, '2018-05-09 17:26:31', '2018-05-09 17:26:31', '2019-05-09 12:26:31'),
('6db955240e82a7ffe385651168b4ad9ba9defcb8503a84c5259f198940c932ed4e48d63ac31d76f4', 52, 1, 'mobile', '[]', 0, '2018-07-04 15:46:53', '2018-07-04 15:46:53', '2019-07-04 10:46:53'),
('6e3b6cfb3c8d23114cc31bc040020599b9d5513a886fdd938956162d97bdbf9a99e2c6834126d0a0', 54, 1, 'mobile', '[]', 0, '2018-07-04 17:28:35', '2018-07-04 17:28:35', '2019-07-04 12:28:35'),
('6e676207666dc1a38630115e14242a91a22780eb0c93d53bfcc1177f046fa7fc0d8821f0c16b8cbc', 37, 1, 'mobile', '[]', 0, '2018-06-06 16:49:10', '2018-06-06 16:49:10', '2019-06-06 11:49:10'),
('6e6ca123eb9a414e7d1ea3f2b2954d68df8a7580c2372c8c95c436132f48b689165cc449abb01078', 37, 1, 'mobile', '[]', 0, '2018-05-14 13:24:47', '2018-05-14 13:24:47', '2019-05-14 08:24:47'),
('6e7e0018687e72de6333a44b1dfc7b8bddb153689a502e938fd5b14fa8acd89fd3383183d3ed358b', 37, 1, 'mobile', '[]', 0, '2018-05-20 17:45:25', '2018-05-20 17:45:25', '2019-05-20 12:45:25'),
('6efecf4ab637bd81a7c83ac6bd488bcfd34edc2a6b08ba565e8a4cbc7a43a8e577277c5c64d9c6d2', 33, 1, 'mobile', '[]', 0, '2018-05-24 18:20:32', '2018-05-24 18:20:32', '2019-05-24 13:20:32'),
('6f832b5830556a6d5e69326fceb2ce0c0ce3bfb98cc73752e8c52dd341639fd5452c482dd536ccaa', 18, 1, 'mobile', '[]', 1, '2018-10-14 14:16:46', '2018-10-14 14:16:46', '2019-10-14 07:16:46'),
('6f963756c0367d1d561f3e105ce6253af43726bffaaf0abce553347a13947ae8f2a621d8679fad0f', 37, 1, 'mobile', '[]', 0, '2018-05-08 15:14:40', '2018-05-08 15:14:40', '2019-05-08 10:14:40'),
('6f99f80cc209af0382670c070e75bf39e6466a2b859c037f9af5afa5aca8f588039b6cce28b33c88', 37, 1, 'mobile', '[]', 0, '2018-05-20 17:39:45', '2018-05-20 17:39:45', '2019-05-20 12:39:45'),
('6fb40dd27b9f88de99823624f196c13ceda4becb8244b01ea3f2f0d79312a22f8c07b49171f1aa87', 37, 1, 'mobile', '[]', 0, '2018-05-20 16:17:17', '2018-05-20 16:17:17', '2019-05-20 11:17:17'),
('706e80984413e58c3ada4a0bc6b47573441dadddb2c153a5887cdf50293cc8d6fdcb52624039e2cf', 37, 1, 'mobile', '[]', 0, '2018-05-17 15:12:08', '2018-05-17 15:12:08', '2019-05-17 10:12:08'),
('709cc75f74a09d95d03c7094f15c5e960b44286ad3ea841c31af3880a7fcbc4a1a42581d6c40de6a', 27, 1, 'mobile', '[]', 0, '2018-10-15 13:04:56', '2018-10-15 13:04:56', '2019-10-15 06:04:56'),
('70fb37c82d27b725265ca45b5785974f2189e38df03690abd0dd9aa1562b5f02f084643e080a085b', 37, 1, 'mobile', '[]', 0, '2018-05-15 17:16:37', '2018-05-15 17:16:37', '2019-05-15 12:16:37'),
('71116421d2c135fbca8c8c2e0be39ce649f64f673954fdfd5a684cbdfeb865f8a03db19b53578aa4', 37, 1, 'mobile', '[]', 0, '2018-05-14 16:12:36', '2018-05-14 16:12:36', '2019-05-14 11:12:36'),
('711cbc662553fd67654fec0685c05e6b860eaa0d9ee9468dc3d70ec751b8b6d64b01cdb8b5ee3750', 55, 1, 'mobile', '[]', 0, '2020-07-30 15:53:53', '2020-07-30 15:53:53', '2021-07-30 18:53:53'),
('711d3a022355b92582452318143d9f175fb51225453864af365e01deb81c37cfd0f7d3783e55e7f7', 37, 1, 'mobile', '[]', 0, '2018-05-21 14:46:46', '2018-05-21 14:46:46', '2019-05-21 09:46:46'),
('7129b599972726fd9cf2187199d98d5a3c75c222eac28c58bddf563a17f678b4da4f8bdf3a158103', 54, 1, 'mobile', '[]', 0, '2018-06-30 16:27:29', '2018-06-30 16:27:29', '2019-06-30 11:27:29'),
('7154d34466e391b91b6c8bde4ad6f33e9cfe0446905ffc2e4d191b06d32ad154c0f2dc7258559bec', 23, 1, 'mobile', '[]', 0, '2018-10-11 19:28:56', '2018-10-11 19:28:56', '2019-10-11 12:28:56'),
('71a4e1ff20b12f5a0d2ae34a4c924c73c1ebe0d0f8363335526a77cc1aeb2f4b8acfe3f6707c9f8d', 54, 1, 'mobile', '[]', 0, '2018-07-08 21:28:40', '2018-07-08 21:28:40', '2019-07-08 16:28:40'),
('71e3c644ae3e51189118ad21386743ca0ba67efe5b75c1b332667362ecd86d115d57e4db0287c2f7', 22, 1, 'mobile', '[]', 0, '2018-04-08 16:10:49', '2018-04-08 16:10:49', '2019-04-08 11:10:49'),
('725a4c7a3f73eb53af11f08b500e8114ff628dcb3a922406e223b78666d4281c5913b59609906b32', 34, 1, 'mobile', '[]', 0, '2018-04-09 13:04:56', '2018-04-09 13:04:56', '2019-04-09 08:04:56'),
('72ec4f8ec1b0e2ecc6522bb85315678a1332d5556022a6229695a8475b3354da1fe2910ea0b0d355', 32, 1, 'mobile', '[]', 0, '2018-04-08 17:51:14', '2018-04-08 17:51:14', '2019-04-08 12:51:14'),
('7357dc11df003a4f52bb00193632251987078aef68806fd7c0660fd8b72d0160e913da1b4d5ba3a6', 7, 1, 'mobile', '[]', 0, '2018-04-08 14:03:14', '2018-04-08 14:03:14', '2019-04-08 09:03:14'),
('73a76b3d1436e2aae2f7be91470c50fb609f16d9a5bca9f409cd7de3d8aa5463c5cd826a5cdc3d3a', 37, 1, 'mobile', '[]', 0, '2018-05-14 15:51:28', '2018-05-14 15:51:28', '2019-05-14 10:51:28'),
('73b073e37b6dc5edade25054cd9d83cc37d21ab3c6a0c727bf22f35d4d739afcab969578595b7e8b', 54, 1, 'mobile', '[]', 0, '2018-06-30 15:49:38', '2018-06-30 15:49:38', '2019-06-30 10:49:38'),
('73c1137572239841909f626463291ae73677fbce9500e6bb75bc53fea2951247eaf6fe05d0c0934a', 37, 1, 'mobile', '[]', 0, '2018-05-21 12:37:26', '2018-05-21 12:37:26', '2019-05-21 07:37:26'),
('73df90d5fac43b3f9a4130343fe51f48889b77d350794a3444ba2c966e7db67d077840d41d7667fb', 37, 1, 'mobile', '[]', 0, '2018-05-17 14:38:12', '2018-05-17 14:38:12', '2019-05-17 09:38:12'),
('741f646069370a0e10a3bf8949ac1e4b4d45efab9b83d8cfa8a6f5595de6e5e7d2caa358db667463', 37, 1, 'mobile', '[]', 0, '2018-05-15 18:02:00', '2018-05-15 18:02:00', '2019-05-15 13:02:00'),
('743065351cb2e241a379bd9d8396ac7991a69bc34b9ac3f91c7ac0d1dbb27373fb25321e68d5c25a', 37, 1, 'mobile', '[]', 0, '2018-05-29 15:38:32', '2018-05-29 15:38:32', '2019-05-29 10:38:32'),
('7452a0ab54bee918c1295e5df3b7a599a9e13df985a66cdae786fd9cbcc27b3aa2360e2337639f86', 34, 1, 'mobile', '[]', 0, '2018-05-21 12:30:36', '2018-05-21 12:30:36', '2019-05-21 07:30:36'),
('7469e8e69354fee14ca071944c7582f88f5fbd67dd362747c57db32eb720859321197f9500cc76ad', 37, 1, 'mobile', '[]', 0, '2018-06-11 16:46:57', '2018-06-11 16:46:57', '2019-06-11 11:46:57'),
('74e2c79b885f588528045395825e7cb9838264cb2efc4c2154931d7072c8b829779aafe6d60a9c9e', 31, 1, 'mobile', '[]', 0, '2018-10-18 21:36:29', '2018-10-18 21:36:29', '2019-10-18 14:36:29'),
('74e96aba6dd4683b7acdc3514eab7b9fc0a93747879f45b3b178759d44f05c35bd0bdf5b0d0e76fc', 18, 1, 'mobile', '[]', 0, '2018-10-14 02:50:59', '2018-10-14 02:50:59', '2019-10-13 19:50:59'),
('75258710496d3e7dc4b9065aee621515a2076c8434d8206a6181730596daef1334a93df7018ea1dc', 33, 1, 'mobile', '[]', 1, '2018-05-21 13:39:43', '2018-05-21 13:39:43', '2019-05-21 08:39:43'),
('75449c2008d9617b7744dad5b0101664a06c25d84c488bdfa8fdf80034e0a5e7d1f764e283aa4d3f', 34, 1, 'mobile', '[]', 0, '2018-06-24 14:36:22', '2018-06-24 14:36:22', '2019-06-24 09:36:22'),
('75638264b0a969873320e9a0f51ee849a07b84bed66ed2563c8503ce9128097775bf2cf5babc6e16', 42, 1, 'access_token', '[]', 0, '2018-05-13 13:45:11', '2018-05-13 13:45:11', '2019-05-13 08:45:11'),
('75889621f15eb7ad87933adb1e2c8cef959fb47f2f582262c2af682fa6f68c936f4bb62b55dad3e9', 37, 1, 'mobile', '[]', 0, '2018-05-20 16:53:18', '2018-05-20 16:53:18', '2019-05-20 11:53:18'),
('759b7846278ddeb101c703d4e921b1797a1f084f854fafeb3b0607b079a4bac3870b01b5d3376220', 34, 1, 'mobile', '[]', 0, '2018-06-24 14:07:14', '2018-06-24 14:07:14', '2019-06-24 09:07:14'),
('75ad170ced0f2ffaf7c13a7defa49df7b93be394472ac82352c97c733ff2d6068a5bfc15c8cfe397', 15, 1, 'mobile', '[]', 0, '2018-10-11 16:33:46', '2018-10-11 16:33:46', '2019-10-11 09:33:46'),
('75c5495aba01ef4d0913a2dcb0e8aff996a7cdb3a47d48eee7629da67b756a2707452f99150c8d40', 11, 1, 'mobile', '[]', 0, '2018-04-08 15:51:33', '2018-04-08 15:51:33', '2019-04-08 10:51:33'),
('75c68fb9400f99f85de16546b7895130b8b260f539d6503211ba00712fa3ab4bb9001ae27c775534', 37, 1, 'mobile', '[]', 0, '2018-05-10 14:33:05', '2018-05-10 14:33:05', '2019-05-10 09:33:05'),
('764b76478c4b5d7c42532edf778bd6a0f6f895b3df16eef8e311769982666cf69dab48a7b3257210', 1, 1, 'mobile', '[]', 0, '2018-09-23 09:16:28', '2018-09-23 09:16:28', '2019-09-23 12:16:28'),
('7658cf00cc8864fc3356e4294ba29fa939ca97eefbf7473770c6e7aa00dfee0cf78b213fc47c796f', 37, 1, 'mobile', '[]', 0, '2018-05-29 15:00:19', '2018-05-29 15:00:19', '2019-05-29 10:00:19'),
('76e21976dbdf9d60dc69f7ffd3ec883c852370bc8dd4e7de334021d71fe315a6d988c88b9b1f1343', 15, 1, 'mobile', '[]', 0, '2018-10-11 16:46:02', '2018-10-11 16:46:02', '2019-10-11 09:46:02'),
('771a6bc1b5eed524c7b02bef940f4638826f8e602658629f939bfffa576231a9fa5940c5f641510f', 27, 1, 'mobile', '[]', 0, '2018-10-15 17:05:53', '2018-10-15 17:05:53', '2019-10-15 10:05:53'),
('77fca36e7a8b8c3f791acee94edfa9dd6a92a7df25b806c3d9010b7311a2b3ef8e7b29e2ba64e5c8', 37, 1, 'mobile', '[]', 0, '2018-05-16 14:34:06', '2018-05-16 14:34:06', '2019-05-16 09:34:06'),
('782368385fbc81b81a06f58d69d4c3475d807d279a9969d315842a495d3f04feaf8c182d14cd8f4d', 37, 1, 'mobile', '[]', 0, '2018-06-06 16:59:53', '2018-06-06 16:59:53', '2019-06-06 11:59:53'),
('7824a9a758db8a2ec66332eafd8ccd21c8f6eb1f23ce801920040235fea68e2ed9a2ba5dbdc4a3da', 37, 1, 'mobile', '[]', 0, '2018-05-22 18:05:07', '2018-05-22 18:05:07', '2019-05-22 13:05:07'),
('790ef14788530b368fb17cb3be31179f1432ebfb79df2f29909daff4503190d1007061a28004a4e6', 34, 1, 'mobile', '[]', 0, '2018-04-26 17:21:03', '2018-04-26 17:21:03', '2019-04-26 12:21:03'),
('79185640d4a0195f2bcd4e0a083812b1e84436e351b9bf4ef9fb3e9ac6a469fef04837a1127fafce', 37, 1, 'mobile', '[]', 0, '2018-05-22 16:39:20', '2018-05-22 16:39:20', '2019-05-22 11:39:20'),
('7939941a14b296152fb268d2b925ac764fb530a8b22f31691f3625f8acc5959e8f2427030dbdcc98', 37, 1, 'mobile', '[]', 1, '2018-06-12 14:46:37', '2018-06-12 14:46:37', '2019-06-12 09:46:37'),
('7944135b151c800919a0e5ab44afef90f635b523309502a504a1e1f6c5e22b443f9472b83f2f8938', 14, 1, 'mobile', '[]', 0, '2018-10-11 13:44:16', '2018-10-11 13:44:16', '2019-10-11 06:44:16'),
('7954e7a60ec2053ed876733072a5f92e9e700d0215e6fc3e691c3a91454e1ce36bbb497d4ae18ef5', 37, 1, 'mobile', '[]', 0, '2018-05-21 15:35:43', '2018-05-21 15:35:43', '2019-05-21 10:35:43'),
('79801e33c5b1f2481302f0c76600f285e9a93df117bf1e9c2892fecef28e09ca9c949f8b2e47e3a9', 37, 1, 'mobile', '[]', 0, '2018-05-17 17:25:34', '2018-05-17 17:25:34', '2019-05-17 12:25:34'),
('799f612740d5a3a65c830756cd990faab5162acb4c6862f9395d8e3dfb9d9672ffe5992aad089c90', 27, 1, 'mobile', '[]', 0, '2018-10-18 13:56:43', '2018-10-18 13:56:43', '2019-10-18 06:56:43'),
('7a3d6263da8247177e281649d6903fdaa615e774cf969e3cd84afb357a8cf2254b7f02370113695f', 37, 1, 'mobile', '[]', 0, '2018-06-18 16:11:57', '2018-06-18 16:11:57', '2019-06-18 11:11:57'),
('7a63815225ac6a95e2046999f3df609b8716d48b4959aba2477bce75e8af1446d82f9d48cdf3d059', 37, 1, 'mobile', '[]', 0, '2018-05-14 16:00:32', '2018-05-14 16:00:32', '2019-05-14 11:00:32'),
('7a66e3aff537214b2c32f4dc578dd4898410a701e8691f93d2cdf8c8ef1ea777a01c4ff6bdedc0e8', 14, 1, 'mobile', '[]', 0, '2018-10-14 12:58:47', '2018-10-14 12:58:47', '2019-10-14 05:58:47'),
('7a7e5d7f4fc4f24588e0890cb95f9762118be9a134deb36435e12a5a79c2a1fbe4e0b16440329786', 37, 1, 'mobile', '[]', 0, '2018-05-09 14:28:19', '2018-05-09 14:28:19', '2019-05-09 09:28:19'),
('7a849195b1ad858d91f31e7ecdef7d861bb916158b70340b544587a5787b733564e3f680d00eea06', 7, 1, 'mobile', '[]', 0, '2018-04-08 15:34:24', '2018-04-08 15:34:24', '2019-04-08 10:34:24'),
('7b255775fd2bbb492ee021092995b10bded88eb304b11f4b36c79f194ce5ff25b0088fb112f5bc8e', 37, 1, 'mobile', '[]', 0, '2018-05-09 14:04:08', '2018-05-09 14:04:08', '2019-05-09 09:04:08'),
('7b2e8389a73995aede566e2458f603475058b2c0b65952ebba3d8613aab6c6dbc809538ff784b812', 33, 1, 'mobile', '[]', 0, '2018-04-09 13:52:51', '2018-04-09 13:52:51', '2019-04-09 08:52:51'),
('7b310fafd6e570da64bc6e607a5e0414d176e6cefbf6bc0ff394c590e510f13a2b4b0ffeb3b18f20', 52, 1, 'mobile', '[]', 0, '2018-06-08 18:55:50', '2018-06-08 18:55:50', '2019-06-08 13:55:50'),
('7b6d87e635061c17c1dfd9008bdd40f6668e5bbdca41fea4c42ea9a2443c69abeb206b2eec6bad5b', 50, 1, 'mobile', '[]', 0, '2018-06-06 16:30:33', '2018-06-06 16:30:33', '2019-06-06 11:30:33'),
('7ba8745644d2b08c8b37c498a3b642f9debf5f626b4697e607aa7d2d5fba9da1232165bc114b3fcd', 26, 1, 'mobile', '[]', 0, '2018-10-14 16:20:01', '2018-10-14 16:20:01', '2019-10-14 09:20:01'),
('7bc556e5ab45c3a854ee0a0d1246fc86890aa93988351aaf88ce061d08d4c99a52084f7427d9aa74', 37, 1, 'mobile', '[]', 0, '2018-05-15 14:41:50', '2018-05-15 14:41:50', '2019-05-15 09:41:50'),
('7c814953107d5a6778d1f2f1a51baff2fad18f5ff5cbc55c7fce4fab925df64415390b2f1d414250', 32, 1, 'mobile', '[]', 0, '2018-04-08 17:48:55', '2018-04-08 17:48:55', '2019-04-08 12:48:55'),
('7d2708e1f197151112228e25ffaefd6ba0c040495911d07768c19ee309e70f4d1c045204db0cda56', 37, 1, 'mobile', '[]', 1, '2018-10-20 20:16:03', '2018-10-20 20:16:03', '2019-10-20 13:16:03'),
('7d28a5a91bfef20cd08847bd694d6b59a0fd3e3833a0fdccef3e30a4148e7c255b933d383b3d507f', 27, 1, 'mobile', '[]', 0, '2018-10-21 15:03:31', '2018-10-21 15:03:31', '2019-10-21 08:03:31'),
('7d750a241e2771f4b3e5b9fc5d0a5a84703000ff84d47a395f5031f8df52ce538a431bfe5e8d7452', 37, 1, 'mobile', '[]', 0, '2018-05-20 17:21:08', '2018-05-20 17:21:08', '2019-05-20 12:21:08'),
('7d8049d033bfeffb23cd20676d7a50464ab4fd3141f8fef4090dbad42cd9531fba72b89167420c69', 37, 1, 'mobile', '[]', 0, '2018-05-16 12:30:10', '2018-05-16 12:30:10', '2019-05-16 07:30:10'),
('7dec8abb12f2145a504f3df407cde1a8afb434ec19845b3fc90a60a27705a19561ef6b664b074be8', 37, 1, 'mobile', '[]', 0, '2018-05-14 12:21:38', '2018-05-14 12:21:38', '2019-05-14 07:21:38'),
('7e766b88f7dca360171dcb27f4a69f488f1ae0b12695a82de6d9648d514e27e63b8b00c1114c7786', 33, 1, 'mobile', '[]', 1, '2018-05-21 13:16:00', '2018-05-21 13:16:00', '2019-05-21 08:16:00'),
('7f7016978926932d788708e0ad9efe43fb2286191860c02a812b661d8ae61ea2383898c26024371e', 37, 1, 'mobile', '[]', 0, '2018-05-15 16:31:53', '2018-05-15 16:31:53', '2019-05-15 11:31:53'),
('7fadeb72b20d397afc064f767653f522eae06ca17ca00a455542d3577b311a3b01a89c33cd9a49ce', 37, 1, 'mobile', '[]', 0, '2018-05-28 18:20:59', '2018-05-28 18:20:59', '2019-05-28 13:20:59'),
('7fbd9b0211144a6af6cd63fed8126fa89cabe2978cb29053bbb67c3e4d833d5d7b3734a8276834a7', 37, 1, 'mobile', '[]', 0, '2018-05-09 14:33:34', '2018-05-09 14:33:34', '2019-05-09 09:33:34'),
('8035d16c9d2da064394fc168f8f019d6f643454bda9d1f1f3b5ebe256b5b395facc792665945a3e3', 37, 1, 'mobile', '[]', 0, '2018-05-08 14:53:29', '2018-05-08 14:53:29', '2019-05-08 09:53:29'),
('808267179d64108382507a62263014b6a946b156dd5c0b4f5914c4dcdc5d4d8bcd0d81c26dad8bce', 37, 1, 'mobile', '[]', 0, '2018-05-14 18:13:23', '2018-05-14 18:13:23', '2019-05-14 13:13:23'),
('816be1a182f1d238d06b27557bd9d384df4cfba0211bdefd0e79e9af957c36356574ef3bbaff71e6', 54, 1, 'mobile', '[]', 0, '2018-07-01 17:37:31', '2018-07-01 17:37:31', '2019-07-01 12:37:31'),
('81dfe51538bf109114321dff6f6187f2b989942c9c8f091f265aa39e5c60176442537f6f34f4781c', 52, 1, 'mobile', '[]', 1, '2018-07-04 14:12:23', '2018-07-04 14:12:23', '2019-07-04 09:12:23'),
('81e40fbef233509dc8d2cbe162287dd1143b0c0dfe1ed6afcefa1b11a5c8a50dc48bbb2cf113b8aa', 34, 1, 'mobile', '[]', 1, '2018-06-27 17:07:50', '2018-06-27 17:07:50', '2019-06-27 12:07:50'),
('82b9b20f559df975cdbb6d86acec82aca553232eecb117ab672ccc84f33949c683a2aa01dbfcd24e', 52, 1, 'mobile', '[]', 0, '2018-07-02 12:53:06', '2018-07-02 12:53:06', '2019-07-02 07:53:06'),
('82c48198de2e4c244f9888d8df83ebc97261ac3a9bcaa9a123dff009f2c28128923fd8e67145a420', 14, 1, 'mobile', '[]', 0, '2018-10-07 18:02:03', '2018-10-07 18:02:03', '2019-10-07 11:02:03'),
('82dd89f67429e23095e2b2b7c08885dcaa7fe114dd110b47552f1d3580a7439f5e6bb571b3b60eca', 37, 1, 'mobile', '[]', 0, '2018-05-08 15:48:14', '2018-05-08 15:48:14', '2019-05-08 10:48:14'),
('8304ccc8225e4244348773676dcf858fcd6d17f12c6a1930fe6988754b03c2b991bebfc8d89ed2d7', 26, 1, 'mobile', '[]', 0, '2018-10-16 19:42:37', '2018-10-16 19:42:37', '2019-10-16 12:42:37'),
('8308f5cc44046a3bf4c754194bf006f9d46fc17104fd8651182cfd738172f077a3a50154ba49f528', 52, 1, 'mobile', '[]', 0, '2018-07-08 16:14:30', '2018-07-08 16:14:30', '2019-07-08 11:14:30'),
('833b625ebf4b961df86e605a024e769bad94e9f52263008a64812a773d97fad29cbc99aacc0afd70', 34, 1, 'mobile', '[]', 0, '2018-05-02 17:50:25', '2018-05-02 17:50:25', '2019-05-02 12:50:25'),
('83f426c4f98bd28b87511fe4dd165d648c3e110da02a1854f421f824fc4ee3ba6ee24c370bf86cbc', 37, 1, 'mobile', '[]', 0, '2018-05-10 14:39:51', '2018-05-10 14:39:51', '2019-05-10 09:39:51'),
('84225db348f76ccb9d0565a0f509b0ad3eca9cdc9272054a6b24bfcb79239c1819f8d31b305ab602', 27, 1, 'mobile', '[]', 0, '2018-10-15 18:31:52', '2018-10-15 18:31:52', '2019-10-15 11:31:52'),
('8429a63858e7ac7a57412dbeb95710e93d09eb7f634c757569086a9d1896410f61b1bcd6a2a65809', 11, 1, 'mobile', '[]', 0, '2018-10-03 13:53:31', '2018-10-03 13:53:31', '2019-10-03 06:53:31'),
('8430092cc14a4ea338118908f61246d646899f38ddf8f11d8dbd81e676cf7813657ff2633882fd2c', 33, 1, 'mobile', '[]', 0, '2018-05-23 16:07:13', '2018-05-23 16:07:13', '2019-05-23 11:07:13'),
('848f9776e40ffeb7fa26bae9c32159022125094fc46825411e6d3a093dc97286585f7aef2113fce1', 37, 1, 'mobile', '[]', 0, '2018-05-21 15:01:07', '2018-05-21 15:01:07', '2019-05-21 10:01:07'),
('84bb1615ce23e92658d2b0456a25ae43ac36c588a21486a3c6bc32624c28f4804a27200bbb6618b7', 35, 1, 'mobile', '[]', 1, '2018-10-18 17:51:04', '2018-10-18 17:51:04', '2019-10-18 10:51:04'),
('84e03f7ff515c28ee90ae45401b22dda2bd55973c55dc466647f9b6a56ef5093c34f4e401d3ee0bf', 37, 1, 'mobile', '[]', 0, '2018-05-20 17:37:25', '2018-05-20 17:37:25', '2019-05-20 12:37:25'),
('84fe69b844863d7a7ca910cfe80026cf2a442a4478508c7d3ae7418c4c30fd5dd40f6fc8a4a055d6', 52, 1, 'mobile', '[]', 0, '2018-07-03 18:43:57', '2018-07-03 18:43:57', '2019-07-03 13:43:57'),
('854cc77a614ef4afdaa42785c21a34fdc20e163c1d87c13592f915df25f5748b48f8e027db339449', 55, 1, 'mobile', '[]', 0, '2020-07-30 15:54:05', '2020-07-30 15:54:05', '2021-07-30 18:54:05'),
('8565782d552fade0eeafb543122a1a67b137c5aae3b2a2fbb6af6c74f752a2244bc0b615e9d1cdf1', 34, 1, 'mobile', '[]', 0, '2018-06-25 11:54:16', '2018-06-25 11:54:16', '2019-06-25 06:54:16'),
('856cc34c0f322005fea37de7c0f7ff7570d55d28ef2bf9411bfaf653b30a5aaddafa97b65c72c677', 42, 1, 'mobile', '[]', 0, '2018-10-21 14:21:20', '2018-10-21 14:21:20', '2019-10-21 07:21:20'),
('858a0c64179aceef2952e8971037fda5198b1f1bcacea2d25f46412882b375772d9fab8d78f2b52e', 37, 1, 'mobile', '[]', 0, '2018-05-16 14:22:48', '2018-05-16 14:22:48', '2019-05-16 09:22:48'),
('85bb2de523d360e69c5cbb87543fd8adec93a0c1dcb66f39f4a87b549c250b9922a17b52c34801d9', 37, 1, 'mobile', '[]', 0, '2018-05-29 15:41:10', '2018-05-29 15:41:10', '2019-05-29 10:41:10'),
('861fdc16728b77e78c99a528bbc4d1202133e9761200bd1138d35198a015be17fbded0b48a99c1d4', 37, 1, 'mobile', '[]', 1, '2018-10-18 23:40:34', '2018-10-18 23:40:34', '2019-10-18 16:40:34'),
('86568fb5600361f02a31fdf70687525a868d12e6818b9117bfa3cb6b30f12343f4de695b7ebe7bac', 37, 1, 'mobile', '[]', 0, '2018-05-16 15:49:46', '2018-05-16 15:49:46', '2019-05-16 10:49:46'),
('868b9ebb734054573b37ae3e3d52a159e24c9e94c6416276cf2238960aa5a9162cb4b28c1ce46729', 37, 1, 'mobile', '[]', 0, '2018-05-10 11:43:22', '2018-05-10 11:43:22', '2019-05-10 06:43:22'),
('869a5f16e6ffd031f2185aa767ce48e0e5669a7ab6ba7fb16554473ebd1890b4220e771e2727824f', 37, 1, 'mobile', '[]', 0, '2018-05-10 14:22:29', '2018-05-10 14:22:29', '2019-05-10 09:22:29'),
('8775bebfd19b6e2e28079da4e9f809598bbe5dcc1aa7fc98ae145295ed2b48439d29830101fb346c', 27, 1, 'mobile', '[]', 0, '2018-10-14 16:21:37', '2018-10-14 16:21:37', '2019-10-14 09:21:37'),
('8792fde2b8dce80b11c688b96d05423ff0df0b53809b3661a6788a0438762b71af5794e3c2815713', 37, 1, 'mobile', '[]', 0, '2018-06-24 17:21:23', '2018-06-24 17:21:23', '2019-06-24 12:21:23'),
('87bab9716e5397889517a9f0818e007f6a34a8a2409575300d973a18e5e33ea4293ec8ce2cae2c61', 37, 1, 'mobile', '[]', 0, '2018-05-10 15:01:48', '2018-05-10 15:01:48', '2019-05-10 10:01:48'),
('87f1cb6cdbd3713e20b783b743bdbb81e307632d4c001203405761db1ffa616a2c5ceab26262a91b', 3, 1, 'mobile', '[]', 0, '2018-04-08 10:33:49', '2018-04-08 10:33:49', '2019-04-08 05:33:49'),
('87ff757685eaa305436bf8a77228d9eb57c217a46bd180c3b44f8b97d94cb203730668c2951c90f3', 50, 1, 'mobile', '[]', 0, '2018-06-27 17:28:38', '2018-06-27 17:28:38', '2019-06-27 12:28:38'),
('8830048ac4f6e92d6ee29e8bbbb6580b2a4eb50ef396212d901dbe9676c0c5937b3a2a399f22ab57', 1, 1, 'mobile', '[]', 0, '2018-09-17 14:38:51', '2018-09-17 14:38:51', '2019-09-17 17:38:51'),
('884400190d6661ae343dea2e56ef4f9ea6a183bf35ce0c002c8a86ebe5eea047873866abf42c65f9', 1, 1, 'mobile', '[]', 0, '2018-10-22 18:21:20', '2018-10-22 18:21:20', '2019-10-22 11:21:20'),
('8846cc0da31a3eecf3f4d6b44f26a2dca3ee1ddfd34df6150cd6c0a681b15b6a7a1b7ad49161650d', 37, 1, 'mobile', '[]', 0, '2018-05-21 14:19:14', '2018-05-21 14:19:14', '2019-05-21 09:19:14'),
('884d7b3e6d8539f47b37a43739683c24db5f2ce663416d37327988812c341f1147cfcfa5c55a8f2d', 37, 1, 'mobile', '[]', 0, '2018-05-10 16:28:35', '2018-05-10 16:28:35', '2019-05-10 11:28:35'),
('88ae12a0f394f3f711e5f9946db4c4df17838079ba238d9ec4ae10836159066902ff2d794089b4ad', 37, 1, 'mobile', '[]', 0, '2018-05-21 15:21:53', '2018-05-21 15:21:53', '2019-05-21 10:21:53'),
('8912f349bb88f63a3b8a2b395a5c1f2e269a686d87e2dcba589dd67cf01b463696312ee0bc812f87', 34, 1, 'mobile', '[]', 0, '2018-05-13 14:17:29', '2018-05-13 14:17:29', '2019-05-13 09:17:29'),
('8943b06da16f8dcb13d9a174bd09fc341deb7c9f3f9190b2c30965a9df4a011530073189e5e1f34b', 37, 1, 'mobile', '[]', 0, '2018-05-16 15:53:36', '2018-05-16 15:53:36', '2019-05-16 10:53:36'),
('89d47b226b9eea7831480bbe9fed25d377e55751d64b7f845c107be832a80552eb926f34bcf96770', 1, 1, 'mobile', '[]', 0, '2018-09-18 06:38:52', '2018-09-18 06:38:52', '2019-09-18 09:38:52'),
('8a06f6a590c544537f4046cd053aaa3aa72938db0c2f529987d086743c5f6e4fa27e790a225ef10c', 42, 1, 'mobile', '[]', 0, '2018-10-22 15:39:35', '2018-10-22 15:39:35', '2019-10-22 08:39:35'),
('8a0e4c7dd8b19a0019ed81e7472598480377764217b8d7b6149de3f2af9341138f87429f89d8fd33', 33, 1, 'mobile', '[]', 1, '2018-05-21 13:42:44', '2018-05-21 13:42:44', '2019-05-21 08:42:44'),
('8a16a4589ab3c0021a2b14353f91b073277b1a6b25fb4a83af0530ac0554ec3864c78aef7feba227', 37, 1, 'mobile', '[]', 0, '2018-05-20 17:38:37', '2018-05-20 17:38:37', '2019-05-20 12:38:37'),
('8a1daacce53a0fc297a821c47bb41ba04541d7fb49590ddb85f0346490da6f0663dd4f3ee68372dc', 37, 1, 'mobile', '[]', 0, '2018-05-09 14:23:19', '2018-05-09 14:23:19', '2019-05-09 09:23:19'),
('8a58f9effe072327e3222b827b670e45261a1af2520307bce764e4334c47804485dcdfac8a1900ab', 43, 1, 'access_token', '[]', 0, '2018-05-13 14:41:21', '2018-05-13 14:41:21', '2019-05-13 09:41:21'),
('8aa6149ff872b11968a3814b240e73fe73eb18c28b49cd912bf354556229b88e073c0fac7e195585', 52, 1, 'mobile', '[]', 0, '2018-06-09 00:56:57', '2018-06-09 00:56:57', '2019-06-08 19:56:57'),
('8ac5b316a45c564afc13c2a83d418e963b4d0a51aab5195cea863f5712ea1df137c57a9893063154', 37, 1, 'mobile', '[]', 0, '2018-05-16 16:19:56', '2018-05-16 16:19:56', '2019-05-16 11:19:56'),
('8afb418232e4819b854db8a79409302c9df20e982138e2499b823afb84a069b184e819e3ee447047', 54, 1, 'mobile', '[]', 0, '2018-07-01 14:13:46', '2018-07-01 14:13:46', '2019-07-01 09:13:46'),
('8b4c4ea80a06171389d4592e2db8bd00c08830204b013237eac37b2d9729e8ca7b970edb34422a57', 52, 1, 'mobile', '[]', 0, '2018-07-04 14:03:50', '2018-07-04 14:03:50', '2019-07-04 09:03:50'),
('8c7f21f52820adfeb0a43ef7c027845d6e61fd75c42477c10aa390c96957eacd98b4c91e7f19334c', 37, 1, 'mobile', '[]', 0, '2018-05-10 12:34:46', '2018-05-10 12:34:46', '2019-05-10 07:34:46'),
('8cc2426e13277e6eff9add568197d48690f4eb57b22f60ce6479322fd388b8d4184e623ad9d6c49f', 37, 1, 'mobile', '[]', 0, '2018-05-14 14:58:22', '2018-05-14 14:58:22', '2019-05-14 09:58:22'),
('8cdfa34088c6b23fd08cac36cc2fabb014628ff290071a8eb1f23ce267aab7429708d83370df0990', 34, 1, 'mobile', '[]', 0, '2018-05-16 16:09:48', '2018-05-16 16:09:48', '2019-05-16 11:09:48'),
('8ce2a63bf7635aca3dc3994c67ca2c3ecdff869dfe00fd7d30bceed6ce2e14a3462550ccbbad261c', 37, 1, 'mobile', '[]', 0, '2018-05-28 17:35:46', '2018-05-28 17:35:46', '2019-05-28 12:35:46'),
('8cf0a517ab1ba3c29b3c4fc8228b5c201f88232d6bd7922061eef95b2f632e6d88b0d782512a1ac2', 37, 1, 'mobile', '[]', 0, '2018-05-13 16:19:26', '2018-05-13 16:19:26', '2019-05-13 11:19:26'),
('8cfade0c6558c23d3367adfc9ffcb932869959ec1a1846264b9c947d5cc5eff2802d249f013fe603', 37, 1, 'mobile', '[]', 0, '2018-05-09 13:52:14', '2018-05-09 13:52:14', '2019-05-09 08:52:14'),
('8d3c12c0fc1b9238ac14a53359789a83b9538c53e310c0fdb7d48a47a6d79e50518ac54b0f5ebd29', 20, 1, 'mobile', '[]', 0, '2018-10-11 15:04:57', '2018-10-11 15:04:57', '2019-10-11 08:04:57'),
('8d6924ffcef52dec893fe2699848869ac94f6913bcef5d2402c0f1f514346c859e7669152defc7a1', 37, 1, 'mobile', '[]', 0, '2018-05-15 14:44:54', '2018-05-15 14:44:54', '2019-05-15 09:44:54'),
('8d7bffb1cca540d2ad85b2cb72474c28d5de496d2afb49a50872b3b4a2abd9f49736ff7f6ac2ad24', 37, 1, 'mobile', '[]', 0, '2018-05-10 11:44:43', '2018-05-10 11:44:43', '2019-05-10 06:44:43'),
('8dfa4dfbbf2c30f38aaa92995f2f696aedbc27c04f663bb3d77e82e6568fe1aadb2fd92049c589cd', 52, 1, 'mobile', '[]', 0, '2018-07-08 12:04:41', '2018-07-08 12:04:41', '2019-07-08 07:04:41'),
('8e4fa17cd772e4365cc972f2b1cc73e196d81890c647fb14977566e140e2297e432a2c9b9d188acb', 34, 1, 'mobile', '[]', 0, '2018-06-21 11:21:14', '2018-06-21 11:21:14', '2019-06-21 06:21:14'),
('8e7b13f2b552f73e8434b363cef365da368a203827ea1689e02e4edd62868da208fbf771cc54d676', 37, 1, 'mobile', '[]', 0, '2018-05-17 13:47:49', '2018-05-17 13:47:49', '2019-05-17 08:47:49'),
('8eb7cf9d783846691037b4e700237f20585558bcf72fd7ead9738bbd88045be723d09eae3c2d108f', 9, 1, 'mobile', '[]', 0, '2018-10-11 16:53:27', '2018-10-11 16:53:27', '2019-10-11 09:53:27'),
('8ed9af7f64b6b52db0e9b53782fa066525739b12644af741f1a368c3f0d22a186ca7486343b08714', 46, 1, 'access_token', '[]', 0, '2018-05-23 12:47:46', '2018-05-23 12:47:46', '2019-05-23 07:47:46');
INSERT INTO `oauth_access_tokens` (`id`, `user_id`, `client_id`, `name`, `scopes`, `revoked`, `created_at`, `updated_at`, `expires_at`) VALUES
('8edb24d364d4b854b8c396576186e31cb75fc93d5afcb94de0cdfe412edf073f75bef2242b03aa1a', 25, 1, 'mobile', '[]', 0, '2018-10-11 20:24:10', '2018-10-11 20:24:10', '2019-10-11 13:24:10'),
('8f1080a493211b532e0e753f4e29b0596b236594a1b0500c2215919f4ab1e6ca730432a2fb134ee1', 52, 1, 'mobile', '[]', 0, '2018-06-08 19:20:44', '2018-06-08 19:20:44', '2019-06-08 14:20:44'),
('8f152d0ab2a8a2a9979a28b805d5328c3c5f39ee2b73d8d611dfc22c04b69868b33f7a975c858842', 34, 1, 'mobile', '[]', 0, '2018-05-01 13:21:57', '2018-05-01 13:21:57', '2019-05-01 08:21:57'),
('8f5ee20619e02b8d91e2d5f6d91320c06aaffa5e630f096ec84deb20589883fb91be75aa6a5d3f00', 34, 1, 'mobile', '[]', 0, '2018-05-23 14:26:40', '2018-05-23 14:26:40', '2019-05-23 09:26:40'),
('8f8a9bb2d0dedf18e8cae61906ceb7d72a739dbfbe88783f6d5c460bef8678d45f019f154ea712a7', 37, 1, 'mobile', '[]', 0, '2018-05-09 15:25:24', '2018-05-09 15:25:24', '2019-05-09 10:25:24'),
('8f8aac37b3141687ad1c69641a6dec3f60eb21acf67d71d5929328f57704edfcd39fe0f203fcaa79', 37, 1, 'mobile', '[]', 0, '2018-05-20 14:55:47', '2018-05-20 14:55:47', '2019-05-20 09:55:47'),
('8fce916e550f98bc45aa614890c80866e6605d5f8758249824a86adf07ab444fba7321af280b2b11', 34, 1, 'mobile', '[]', 0, '2018-04-09 11:36:51', '2018-04-09 11:36:51', '2019-04-09 06:36:51'),
('90100fbd2f7a3b0b5f5eb8e2d4203471a4023e61bf15d99ea23c788f39d87ec572dee9a617a0eb37', 37, 1, 'mobile', '[]', 1, '2018-05-23 13:48:31', '2018-05-23 13:48:31', '2019-05-23 08:48:31'),
('903f095e0030152dceb838fd20ea212d8a7af351272fdd23bdde029db24dc57f8b64de24021b2551', 37, 1, 'mobile', '[]', 0, '2018-05-15 12:16:39', '2018-05-15 12:16:39', '2019-05-15 07:16:39'),
('907308eefa9df0960721b95253f988ee264383c74bac0c270e45a7545cdec4c88674c0a8d5126d4b', 32, 1, 'mobile', '[]', 0, '2018-04-08 17:19:47', '2018-04-08 17:19:47', '2019-04-08 12:19:47'),
('908856a03d71cd6de0cce12c68e9e8508f05cb2d0d0eac1568f31120022b67d655e53ee9388c3b17', 37, 1, 'mobile', '[]', 0, '2018-05-15 16:36:53', '2018-05-15 16:36:53', '2019-05-15 11:36:53'),
('90a3ebe98c6efcd0f2173bdb0bd610cfcdf993fdeefa2cb43405933a4677efc1c9816907256620dc', 37, 1, 'mobile', '[]', 0, '2018-05-14 14:22:55', '2018-05-14 14:22:55', '2019-05-14 09:22:55'),
('90bcccbd18d4c6a8decd22a2a6801ee590da6f89c4f7aafa56cc1b65e0592f8d0d3afcbd5b42f847', 26, 1, 'mobile', '[]', 0, '2018-10-18 16:06:17', '2018-10-18 16:06:17', '2019-10-18 09:06:17'),
('90d7c7f4d0cc10ae92ba507f7ba86ec65299342b82a4081771ea8167e8bec10dbdfdef8adc8c24ff', 27, 1, 'mobile', '[]', 1, '2018-10-21 16:46:13', '2018-10-21 16:46:13', '2019-10-21 09:46:13'),
('90fd7c77a10703020e36843b5177f5ac87c4aa578b669bb2f6934b2444bf16ed7fbf761439f36ee9', 37, 1, 'mobile', '[]', 0, '2018-10-20 22:04:56', '2018-10-20 22:04:56', '2019-10-20 15:04:56'),
('91504235cc938bde9d5eb5b59f5e7eb431807606b206cb2b887083ac67b328e3113b81aa4a874aa1', 37, 1, 'mobile', '[]', 1, '2018-06-05 17:19:50', '2018-06-05 17:19:50', '2019-06-05 12:19:50'),
('91a6b35fc648d40425c074fb7258752ae6da34d884459bbbd608ea08a9327adc89386aff3d508aac', 1, 1, 'mobile', '[]', 0, '2018-09-18 06:38:26', '2018-09-18 06:38:26', '2019-09-18 09:38:26'),
('921b7a6d8005b6cbffd13cb9b70734a14166d36f4c60f580b893f3836affa7b3521c0aa5c5bc0f83', 51, 1, 'mobile', '[]', 0, '2018-06-08 02:06:59', '2018-06-08 02:06:59', '2019-06-07 21:06:59'),
('927937615753e9d3a1ec60643ee8e485af25326f76cff4ad0a3a3c6a8d6426c34a33729637cf7360', 2, 1, 'mobile', '[]', 0, '2018-09-23 07:06:17', '2018-09-23 07:06:17', '2019-09-23 10:06:17'),
('92808c91d3e735dc0096758d1c16c01f73b3b29813da4046b7d2f5b9b617402733221184cc028d06', 37, 1, 'mobile', '[]', 0, '2018-05-15 15:01:24', '2018-05-15 15:01:24', '2019-05-15 10:01:24'),
('92912313bb81163dd09284b739efc774ac26b4a3f9fc6bceeaa14841929f3db6958d96317b26f763', 37, 1, 'mobile', '[]', 0, '2018-05-28 17:31:19', '2018-05-28 17:31:19', '2019-05-28 12:31:19'),
('92a25175eb5f3fa1b0734310486c66055b836146bf533957ea4db9ea9c6e000e32a0dbeaa1e63b39', 37, 1, 'mobile', '[]', 0, '2018-05-20 17:25:17', '2018-05-20 17:25:17', '2019-05-20 12:25:17'),
('939bd032096ade979f038c9c339b4d1bdf684b5d5426b4d32ad96f63d70e19a2f306a3e1d187924b', 42, 1, 'mobile', '[]', 0, '2018-10-21 17:00:53', '2018-10-21 17:00:53', '2019-10-21 10:00:53'),
('9411ef69b9f9368806c95b299e68a36cda72538212fb4dff0190664c7a0f8bd68850e252155fbaa3', 37, 1, 'mobile', '[]', 0, '2018-05-16 16:01:31', '2018-05-16 16:01:31', '2019-05-16 11:01:31'),
('9459fdac77d1e6a3fc72fa4c6a8fd245a9a747c537016f6045bfca0191f7d52f03086f4669316a55', 1, 1, 'mobile', '[]', 0, '2018-09-26 15:30:18', '2018-09-26 15:30:18', '2019-09-26 08:30:18'),
('94876a5177bfd0c324f11373ee6a2f378d0f1cda711d4b13d975253ac3242f17e5edcb329fd623f8', 43, 1, 'access_token', '[]', 0, '2018-05-13 14:40:02', '2018-05-13 14:40:02', '2019-05-13 09:40:02'),
('94d849638d1d078a0e2bc7e911f8dc808e9c45c7a46a4108a34a289a4d5dc14997d596265ccc6fba', 31, 1, 'mobile', '[]', 1, '2018-10-18 17:24:07', '2018-10-18 17:24:07', '2019-10-18 10:24:07'),
('950373eee3b6f4ba6fd0a5279eb6a4c327acaea5662995317da8f37c6cf40d40d099faa331d82701', 8, 1, 'mobile', '[]', 0, '2018-04-08 11:27:18', '2018-04-08 11:27:18', '2019-04-08 06:27:18'),
('952d47365e2a58e29c7fe87d1dff6d0d27a2480606104878f1dc635d9f04289077a924cf175d2640', 37, 1, 'mobile', '[]', 0, '2018-05-09 17:59:45', '2018-05-09 17:59:45', '2019-05-09 12:59:45'),
('954d5034856ef7a8367617cda1e4df7e1ea55399e44fbef5a89c1f08729c8a982af163950100a5e9', 25, 1, 'mobile', '[]', 0, '2018-10-22 14:10:22', '2018-10-22 14:10:22', '2019-10-22 07:10:22'),
('9552a5d152ff0040ccbe021d3ff08f3507b86d94c12bb41466bb152b8ad603a62a7b027e0d9317c5', 37, 1, 'mobile', '[]', 1, '2018-05-22 18:23:15', '2018-05-22 18:23:15', '2019-05-22 13:23:15'),
('9578d8388cd7c2fa5a3816d48deb67a0ac5a3063ca357ac6c5be66efb36b4e82a9a7923ab71f5e25', 37, 1, 'mobile', '[]', 0, '2018-06-11 16:52:53', '2018-06-11 16:52:53', '2019-06-11 11:52:53'),
('95ccc60af9be6e4382702970a751682de72c1658f6790a9f8e293198e445743c6ea67abc767bbc48', 50, 1, 'mobile', '[]', 0, '2018-06-27 16:09:07', '2018-06-27 16:09:07', '2019-06-27 11:09:07'),
('95d019b98656625247b0a17bef1c35df1a5765ec538baebe8ee6cfee7fe02532640f92b5ac82612c', 37, 1, 'mobile', '[]', 1, '2018-05-21 13:50:14', '2018-05-21 13:50:14', '2019-05-21 08:50:14'),
('963cb615b6139df78ff829f3e713dacceb515316d95968f8ffc92bb7f5463988556e5e0d7f6560c3', 37, 1, 'mobile', '[]', 0, '2018-05-20 15:04:46', '2018-05-20 15:04:46', '2019-05-20 10:04:46'),
('96433082b7f726d78f20f526f1fe3d35bdf49b33479217e7c95070d5f84bd4c42aae6240b74cb679', 18, 1, 'mobile', '[]', 0, '2018-10-11 12:40:37', '2018-10-11 12:40:37', '2019-10-11 05:40:37'),
('96a3f131210e37cc18552560b229b7b5fb0c086fe08f0f69a8495162c35b08d0f6b9420cb0e19d94', 12, 1, 'mobile', '[]', 0, '2018-10-07 14:31:37', '2018-10-07 14:31:37', '2019-10-07 07:31:37'),
('96b982a966fa27362bdf30217838cd733438de987803077d39c8f4dc747b798925c05b8ce7dbda73', 18, 1, 'mobile', '[]', 1, '2018-10-14 15:49:51', '2018-10-14 15:49:51', '2019-10-14 08:49:51'),
('96ccc6f9c0bd8b0e2bd70126159fd2b54fd08730500b6d5ca45ecb80efb4008a95a3325b83aee38f', 37, 1, 'mobile', '[]', 0, '2018-05-29 15:37:04', '2018-05-29 15:37:04', '2019-05-29 10:37:04'),
('975750f4a0e37d592f693dc9237f72cf3fd5c370a40d7456996d2de0347c3df76430b9bbb19d816e', 37, 1, 'mobile', '[]', 1, '2018-05-21 14:25:52', '2018-05-21 14:25:52', '2019-05-21 09:25:52'),
('97bd93fc4bffa238647baa5a629b7d9fab0892f5e62708bb85b7f0a08f4d787e327f4b3e2e689cfc', 52, 1, 'mobile', '[]', 0, '2018-06-09 00:51:19', '2018-06-09 00:51:19', '2019-06-08 19:51:19'),
('97bef59052c01f81e5941d2fa0152b0e66f2e9ea6c063e1a97db57a1b526a0c819c8b133029ade1c', 16, 1, 'mobile', '[]', 0, '2018-10-10 14:56:10', '2018-10-10 14:56:10', '2019-10-10 07:56:10'),
('97c78b9045e87c341da0e1b6175408452f0816edda1d56673fd5c2d37a2d16adfd79778f4ca2e32c', 53, 1, 'mobile', '[]', 0, '2018-06-23 01:14:11', '2018-06-23 01:14:11', '2019-06-22 20:14:11'),
('97f7afd9644b8cd0a13d5dc2b3d94ff3c4a234e348e7ef83bf2394885c7609fdd8288e4016f627c1', 37, 1, 'mobile', '[]', 0, '2018-05-16 17:13:31', '2018-05-16 17:13:31', '2019-05-16 12:13:31'),
('989242a09f588501e62df4fd7198fb1a6252a6639af3507a6d716dc12d7438b39237d88a2dbec0a1', 37, 1, 'mobile', '[]', 0, '2018-05-21 14:12:39', '2018-05-21 14:12:39', '2019-05-21 09:12:39'),
('98e834333eb318670098a89f05f86678044c6901e5ad5a669508eaa00de9a381e72be60956c01a5a', 37, 1, 'mobile', '[]', 0, '2018-05-20 17:48:55', '2018-05-20 17:48:55', '2019-05-20 12:48:55'),
('98f0c0ff2db90f43790e1102b7d70e018fbbd2ed6f0a00b2588eeba8a6471ecd0292c7b5cba67872', 15, 1, 'mobile', '[]', 0, '2018-10-10 17:14:55', '2018-10-10 17:14:55', '2019-10-10 10:14:55'),
('9a0969fb33580534808d838f6ea968964d4686eb2072fe5fce426ea3f2a382b8c00858192bf678ee', 54, 1, 'mobile', '[]', 0, '2018-07-10 15:17:13', '2018-07-10 15:17:13', '2019-07-10 10:17:13'),
('9aae0315c579bb156d7a41aba14208f2d72146453c494467d6027236bb911189357e323f7e67c56c', 14, 1, 'mobile', '[]', 0, '2018-10-10 19:13:49', '2018-10-10 19:13:49', '2019-10-10 12:13:49'),
('9af1a4fcd23647975d060cc12aca93d1f721edc901fa1922209d14ebf38d2fa5fe6b0f43b007c2b9', 26, 1, 'mobile', '[]', 0, '2018-10-14 19:26:00', '2018-10-14 19:26:00', '2019-10-14 12:26:00'),
('9af2dcbcda6fbeccdecf2e2c01dbfe5d198517a05a39d77df4fb90fe4cefae331bd449cbd74b938c', 37, 1, 'mobile', '[]', 0, '2018-05-13 13:50:54', '2018-05-13 13:50:54', '2019-05-13 08:50:54'),
('9b2b7e7caed7c180b1647d343f76ac94c7dfcae5aae1b4eb5521d631e011e08c5c5ed31ea3acc162', 37, 1, 'mobile', '[]', 0, '2018-05-14 17:53:52', '2018-05-14 17:53:52', '2019-05-14 12:53:52'),
('9b3323cf1c9b4a6b57ae88f6ce71266abe7766e495984f62ca1442d7182c9f1cd9805c33b33bf1e7', 52, 1, 'mobile', '[]', 0, '2018-07-04 15:46:50', '2018-07-04 15:46:50', '2019-07-04 10:46:50'),
('9b9698032c7edcfe99c69b381b084175cdea85b2de5186955e90b6cd8a91ba8b396853d2d70a4e88', 37, 1, 'mobile', '[]', 0, '2018-05-16 14:53:53', '2018-05-16 14:53:53', '2019-05-16 09:53:53'),
('9bc1957ef58ec2dd735fdb83e67b59bf10bc4a0283d64b71b24a5dc49e694b8edf36c77a646d0603', 37, 1, 'mobile', '[]', 0, '2018-05-17 14:36:55', '2018-05-17 14:36:55', '2019-05-17 09:36:55'),
('9c1f2f38a5fe2483fd41efd9ec52aec3f8f4e6bdfefaec06bc68e75feaf12f2e892c6ebf70e41710', 54, 1, 'mobile', '[]', 0, '2018-06-30 16:33:30', '2018-06-30 16:33:30', '2019-06-30 11:33:30'),
('9cd638dfcd14be1bea7ee57d374ac7be20eb3978e27e8b9407e766f060342016b5ffd60faf114216', 2, 1, 'mobile', '[]', 0, '2018-09-24 06:13:04', '2018-09-24 06:13:04', '2019-09-24 09:13:04'),
('9d69087fec96efdf548b31545a119eb78d99a03e2aeda561473388db6635cec334a963debde1b19b', 52, 1, 'mobile', '[]', 0, '2018-07-10 17:31:33', '2018-07-10 17:31:33', '2019-07-10 12:31:33'),
('9d88f15a50f15d01f2ea9b817a76a265e17cd4e19eda0f5315fa2559ec52566daf5e3d94cb97b842', 37, 1, 'mobile', '[]', 0, '2018-05-13 18:24:00', '2018-05-13 18:24:00', '2019-05-13 13:24:00'),
('9de44bb281f5603547b4f05601f715fda88180286e8d7fb62023bdf4bab37ce781e514fd91d45840', 37, 1, 'mobile', '[]', 0, '2018-05-20 15:19:23', '2018-05-20 15:19:23', '2019-05-20 10:19:23'),
('9dee983de00f57be0b36b33938ccfab2d74f4724418ac0a0ef1cd4b35bcad033fe80e7cfb440c930', 50, 1, 'mobile', '[]', 0, '2018-06-27 16:24:14', '2018-06-27 16:24:14', '2019-06-27 11:24:14'),
('9e089ede9724a5fe4ff4dc932e23e62fa0c3a9c4828b458232374bfa75d159e175d40e581cc52308', 35, 1, 'mobile', '[]', 0, '2018-04-26 15:12:03', '2018-04-26 15:12:03', '2019-04-26 10:12:03'),
('9e74973a7999ccc12358e5f0a710664b0cfcc958fc13835212a94f12076903929130b3dd0016d755', 27, 1, 'mobile', '[]', 0, '2018-10-22 17:44:00', '2018-10-22 17:44:00', '2019-10-22 10:44:00'),
('9e960087192cb81e7390050bad4029ef543b1ba3fdc3671028ec65f7d9f925b0659c4509d96661ab', 37, 1, 'mobile', '[]', 0, '2018-06-11 16:07:00', '2018-06-11 16:07:00', '2019-06-11 11:07:00'),
('9ebf3b55717a5fdd9a22950928b9664d82bf84a83bcd97b6bf4ddfbe689128ca37797cc3ca37020f', 37, 1, 'mobile', '[]', 0, '2018-05-20 17:34:05', '2018-05-20 17:34:05', '2019-05-20 12:34:05'),
('9ece0b3b3144adc32dd4c2096b3bcbc193c823d29027ed01b64ca781761815e7f956efd6b9c89e9f', 52, 1, 'mobile', '[]', 0, '2018-06-09 00:52:00', '2018-06-09 00:52:00', '2019-06-08 19:52:00'),
('9f2682d22c6ef6da1b6785f34e242e8e0384782f274efd2bdfe85276472a4c1795b24b67a7e1c366', 37, 1, 'mobile', '[]', 0, '2018-05-15 16:19:36', '2018-05-15 16:19:36', '2019-05-15 11:19:36'),
('9f3bbe29dd616eceac9daf826a8179007e6f6f9e53af0659b72b695bce474ad5276b552898fd41a8', 24, 1, 'mobile', '[]', 0, '2018-04-08 16:13:42', '2018-04-08 16:13:42', '2019-04-08 11:13:42'),
('9f791797a9a4ea637e77cfe6d852b17c035d94581bfe52169183486077f97f0264c7e844316f9931', 37, 1, 'mobile', '[]', 0, '2018-05-10 11:36:49', '2018-05-10 11:36:49', '2019-05-10 06:36:49'),
('a0418b15741db2af327e175589bdeaf17748971926643d47a3c1a10e5e9a9d4023616a893816af22', 52, 1, 'mobile', '[]', 0, '2018-07-03 18:44:37', '2018-07-03 18:44:37', '2019-07-03 13:44:37'),
('a08bf804939e84fd24e0df862c9472e764c310a8457669702b768a9c7892565bdb93fad366f53906', 50, 1, 'mobile', '[]', 0, '2018-06-25 15:55:07', '2018-06-25 15:55:07', '2019-06-25 10:55:07'),
('a11ae4b9cb41edf1774c3a96566e9a0d0ba6a84f8f3740cc2af376c471cf2c9c0b56ecc6b0af395b', 37, 1, 'mobile', '[]', 0, '2018-06-24 11:20:04', '2018-06-24 11:20:04', '2019-06-24 06:20:04'),
('a13c413461dcf70800bcbb75df8490378b3fa6f5f3f401cf23af0557009f82faaef3bd0c5b84b0bb', 49, 1, 'mobile', '[]', 1, '2018-06-05 15:30:34', '2018-06-05 15:30:34', '2019-06-05 10:30:34'),
('a16dd0788c524c26c41dee262205785908048ac51bce421fe7594ebac09611b8f580fecfbc21de84', 53, 1, 'mobile', '[]', 1, '2018-06-23 01:16:55', '2018-06-23 01:16:55', '2019-06-22 20:16:55'),
('a1810d299cb3c815db84469d662190b575d1fae25b72572dcdbdd1f9f0851fb47a624c4cfb2f6bdf', 26, 1, 'mobile', '[]', 0, '2018-10-16 16:23:32', '2018-10-16 16:23:32', '2019-10-16 09:23:32'),
('a190fbe03b0339d82f3d9cebaa1fff122ac0983d1c616d78592b795f5692bd03a608ad27cb8b8156', 1, 1, 'mobile', '[]', 0, '2018-09-24 05:52:38', '2018-09-24 05:52:38', '2019-09-24 08:52:38'),
('a1e9d0d59b3c66c32cca52d58fdf3af6249d34eccc2dd1e78f35fed818020fe3e689cd71c2dbc40a', 26, 1, 'mobile', '[]', 1, '2018-10-14 16:28:33', '2018-10-14 16:28:33', '2019-10-14 09:28:33'),
('a24484ac8ae4c8cc5d6d29e23ae7f74556350b0af9a24530c95795d550a7dd80f54dbfbd80bfc1e2', 37, 1, 'mobile', '[]', 0, '2018-05-13 17:39:15', '2018-05-13 17:39:15', '2019-05-13 12:39:15'),
('a249531ed8f731f73a7698d8377d67a4f03ea5b76dcd9b4a7ee59fc763b4b50f95ecad0ed9af37bb', 37, 1, 'mobile', '[]', 0, '2018-05-20 18:54:18', '2018-05-20 18:54:18', '2019-05-20 13:54:18'),
('a28ec66c6f54e4dc6ac0d985eb6e0ed0688308e5e7bc91842da48b92676ff467bc12500e3b0c2202', 32, 1, 'mobile', '[]', 0, '2018-04-09 11:08:01', '2018-04-09 11:08:01', '2019-04-09 06:08:01'),
('a29ec0113d5a5ebf4acd808e55ea010c6ff1c37734bc2bd796250064a5c9cc16d55c014edd8a2eb7', 34, 1, 'mobile', '[]', 0, '2018-07-01 01:05:43', '2018-07-01 01:05:43', '2019-06-30 20:05:43'),
('a2b46e7e8692227e3e7c22280da5aa870e2caed1222f87e72828aad21e11bbfe33326553f10990eb', 37, 1, 'mobile', '[]', 0, '2018-06-18 16:07:19', '2018-06-18 16:07:19', '2019-06-18 11:07:19'),
('a2b8ae9fc1fb4c9dad46a7bf371ee795f81b23115d5b6c53c7d2e0c52a8d748f4360de4f95e2cb4c', 26, 1, 'mobile', '[]', 0, '2018-10-22 15:21:01', '2018-10-22 15:21:01', '2019-10-22 08:21:01'),
('a2bce3cf81571fbd711e8197d78a0f2d5dae8d773fe244657272d425a990750c55a1bd04423649ab', 37, 1, 'mobile', '[]', 0, '2018-06-24 11:06:29', '2018-06-24 11:06:29', '2019-06-24 06:06:29'),
('a2ffac85c47bf00a9cfc4be143c33f83fb6db03a1dfcd5f0b84b5c11c31fe0fcc7fccea12506c873', 27, 1, 'mobile', '[]', 0, '2018-04-08 16:21:07', '2018-04-08 16:21:07', '2019-04-08 11:21:07'),
('a327a20da4af68630d2b98da9f04fbfddfe1d3081be153473e3d46b864a1c7f4f12a63f7b44b9fda', 34, 1, 'mobile', '[]', 0, '2018-04-26 17:10:02', '2018-04-26 17:10:02', '2019-04-26 12:10:02'),
('a3ac4ea91df24a339985ec79335db124c3ec226a05a49701662c45b5c3afbca14418bbe3a0093fae', 37, 1, 'mobile', '[]', 0, '2018-05-20 17:35:11', '2018-05-20 17:35:11', '2019-05-20 12:35:11'),
('a41c2fc21710f71b036d9b3ccef068df7296cd84a69eb7bee23792c99085e869888f3cbb96cdaa41', 53, 1, 'mobile', '[]', 0, '2018-06-23 01:47:15', '2018-06-23 01:47:15', '2019-06-22 20:47:15'),
('a425e349e360f39318c931ae8f4134940ff09b495dd81db75f150f453dd0eb5c57e3ac8fd3cf3c18', 37, 1, 'mobile', '[]', 0, '2018-05-13 18:26:03', '2018-05-13 18:26:03', '2019-05-13 13:26:03'),
('a4277f5ada169a0ad5387697cc107b3fccb4a4f5f80f7bbe0deb9fad2e17bde3e4eae0a69002fd24', 53, 1, 'mobile', '[]', 0, '2018-06-24 14:29:38', '2018-06-24 14:29:38', '2019-06-24 09:29:38'),
('a431328314b87939b6aa1c64d3ac0fedada5b881223ebe0fa1efdb4d68816a72e772c2850e60cf51', 34, 1, 'mobile', '[]', 0, '2018-05-07 10:51:33', '2018-05-07 10:51:33', '2019-05-07 05:51:33'),
('a43199fafa4706e257496492e81771faf0a62727b85c9d54f48d12abcd07619212dba13e6ffdc940', 32, 1, 'mobile', '[]', 0, '2018-04-08 17:20:20', '2018-04-08 17:20:20', '2019-04-08 12:20:20'),
('a4791ddfcd72522c56a8d67c013a9add1f8bf5f6700560b47d65113ae149671db9ab1cdfa2d9943e', 52, 1, 'mobile', '[]', 0, '2018-06-08 22:57:36', '2018-06-08 22:57:36', '2019-06-08 17:57:36'),
('a4cee51ebb07b7c4a43355166b76a5ab5317b684395a3822986e0691e8c78ff55bd2ffe28e8b906d', 37, 1, 'mobile', '[]', 1, '2018-06-05 16:11:21', '2018-06-05 16:11:21', '2019-06-05 11:11:21'),
('a51d371abdcaea4b42d80e141301a8d8b4d5478612ecade29291c37638e53238f86ea044fb3f74ab', 15, 1, 'mobile', '[]', 0, '2018-10-14 15:46:08', '2018-10-14 15:46:08', '2019-10-14 08:46:08'),
('a5a0c7ea34ea34dbc69068aa0264f00d7fd73c3c63e442ac3688f2440ebdf7d60ff2e7716d19d199', 37, 1, 'mobile', '[]', 0, '2018-05-14 12:53:07', '2018-05-14 12:53:07', '2019-05-14 07:53:07'),
('a5a81650892e0fcfad6f8e50a4c3b6f14eba37ba9943134d83154bcc200a95dbee3f06606532d46c', 52, 1, 'mobile', '[]', 0, '2018-07-08 16:13:21', '2018-07-08 16:13:21', '2019-07-08 11:13:21'),
('a5f5004dfd6eebd7ec1ff18fca5d756a9e794f3cb237380bc0bd3e96a1f008a8855dd1c016c0d0d0', 37, 1, 'mobile', '[]', 0, '2018-05-08 15:46:30', '2018-05-08 15:46:30', '2019-05-08 10:46:30'),
('a60007a9a328c7581b137291eb6df0cb5fd418c1dc6c68bdf43bd45bf3ffdc3982b8afbc42e1788c', 36, 1, 'mobile', '[]', 0, '2018-10-18 18:06:44', '2018-10-18 18:06:44', '2019-10-18 11:06:44'),
('a604d5bcef76f2c614662a7e6d1c277c29ed8660279819d51d846ee7de196a8d8c1808de3f649e47', 37, 1, 'mobile', '[]', 0, '2018-05-22 16:27:41', '2018-05-22 16:27:41', '2019-05-22 11:27:41'),
('a6095456c9cf9065e2b7e9744327853e5aa98b37ac70b23a780a6ae0ef8c3a8b3f6ca889aae35787', 37, 1, 'mobile', '[]', 0, '2018-05-20 16:09:26', '2018-05-20 16:09:26', '2019-05-20 11:09:26'),
('a68347f1ff5e2a36df3577198e14591d17f9d3bf301a1dd6a0dbd38c76240e87229d7014856267c3', 37, 1, 'mobile', '[]', 0, '2018-05-17 15:36:46', '2018-05-17 15:36:46', '2019-05-17 10:36:46'),
('a6e20db303b248a872f98ff148796f4117d4ce1a22d2b58b9a64937535be93be887b02af5ea4579d', 37, 1, 'mobile', '[]', 0, '2018-05-20 16:06:55', '2018-05-20 16:06:55', '2019-05-20 11:06:55'),
('a6e4d449360a9d9c16cc57cd142e8b40c0b5e4c7d2edae0ef1287adf4eadd594c2efbe3d16ea2a1e', 53, 1, 'mobile', '[]', 0, '2018-06-24 14:30:03', '2018-06-24 14:30:03', '2019-06-24 09:30:03'),
('a702a83210390aaaa2c48ab1c0d0b710c79c29b39b9e51aef7e1cc47ae90ca8d6d0a6864ee251a17', 25, 1, 'mobile', '[]', 0, '2018-10-14 13:34:50', '2018-10-14 13:34:50', '2019-10-14 06:34:50'),
('a70489b30e67912ca011cb118746f0d278b323e0b7a7f1a4db9abb080a7ea0be95ac44d79130a838', 18, 1, 'mobile', '[]', 0, '2018-10-14 15:47:24', '2018-10-14 15:47:24', '2019-10-14 08:47:24'),
('a74ae1920c26ae2a8f137799e52bc33d434ec38ab1d3ef773014a19b4ffb569cc5512afa519b29ff', 37, 1, 'mobile', '[]', 0, '2018-05-22 16:59:00', '2018-05-22 16:59:00', '2019-05-22 11:59:00'),
('a839a3e6751aef7129ecdd3719bbda5b5dd06aeda9f8d5ecd13971ef3700bf3285141545f796ea9a', 31, 1, 'mobile', '[]', 1, '2018-10-18 17:38:34', '2018-10-18 17:38:34', '2019-10-18 10:38:34'),
('a848ea7519255d2f3a463fd3526c0ee7ab9531a58b1ede306bef33f8bf92beafeba71f007a17049d', 34, 1, 'mobile', '[]', 1, '2018-06-21 17:07:39', '2018-06-21 17:07:39', '2019-06-21 12:07:39'),
('a84aa35c8c9c3d625938f141d4cfbd54031b92e6b8ea301d8cc40a3e905650a2147d48f03e10f8ef', 1, 1, 'mobile', '[]', 0, '2018-10-18 17:00:51', '2018-10-18 17:00:51', '2019-10-18 10:00:51'),
('a8e1d05f5e7ae22f01be4dba454d34c89ddf6b66d8105f5741abdfef146eea3eb031fe3a49c7f09d', 37, 1, 'mobile', '[]', 0, '2018-05-10 13:50:45', '2018-05-10 13:50:45', '2019-05-10 08:50:45'),
('a8f246152acb657f814cc33b7e094c7f5cd16fb856ea518c7a4b9206f5b78a629cd15e182dfee22f', 37, 1, 'mobile', '[]', 0, '2018-05-16 14:21:20', '2018-05-16 14:21:20', '2019-05-16 09:21:20'),
('a8f35de1322f1c56fbd7a75d502c468565dc028578262812d512ca7f3660480159b382e686f7fa23', 26, 1, 'mobile', '[]', 1, '2018-10-18 16:08:52', '2018-10-18 16:08:52', '2019-10-18 09:08:52'),
('a933e92cc66091cb5d0c5839e2d2c3a3cac58fed6c47d7bc248b3e4823d4348d2e815ae429a42539', 33, 1, 'mobile', '[]', 0, '2018-05-13 11:14:59', '2018-05-13 11:14:59', '2019-05-13 06:14:59'),
('a95599cc0e77b38e3c4039bd594ef26130d53b8fd784fc12276ecacbacc0ead8b456f497e4d21d48', 27, 1, 'mobile', '[]', 1, '2018-10-15 18:55:50', '2018-10-15 18:55:50', '2019-10-15 11:55:50'),
('a9bfeaab0ebfc7333503b248aa96bf88b93e398ee115dde7085ca9910831ed684fc7e4fbdea369fc', 54, 1, 'mobile', '[]', 0, '2018-07-09 18:52:11', '2018-07-09 18:52:11', '2019-07-09 13:52:11'),
('aa154a194057793d235661a4a9fd3ff015676bca1f576d3589025e97df95278017e7215ec9f2a899', 54, 1, 'mobile', '[]', 0, '2018-06-30 16:09:18', '2018-06-30 16:09:18', '2019-06-30 11:09:18'),
('aa4383a33a334998ebeb1c02ed240b2a5860db685bd68fed178652b7eafb589eeb38f56c57f7d727', 1, 1, 'mobile', '[]', 0, '2018-09-18 08:13:21', '2018-09-18 08:13:21', '2019-09-18 11:13:21'),
('ab2798cf7eacf17f70ba28e171cc7de86d4e115e195df72cfdb108b9a1f9430bb4f349114141a5a3', 52, 1, 'mobile', '[]', 1, '2018-07-04 12:53:13', '2018-07-04 12:53:13', '2019-07-04 07:53:13'),
('ab2b190acb5128b3662f315ce5614077e9cf78482e9a56e9d3c47eea35871fcc4698def31d707c6d', 34, 1, 'mobile', '[]', 0, '2018-05-27 17:24:16', '2018-05-27 17:24:16', '2019-05-27 12:24:16'),
('ab49b102f6d25bcfea01a8085fbe264e137453c3cdc1aaaefcc5cab8ebe73761ba4bc15b7cc9a830', 37, 1, 'mobile', '[]', 0, '2018-05-17 12:24:56', '2018-05-17 12:24:56', '2019-05-17 07:24:56'),
('ab6fa64f8e4b6a1a274ebb42ea823ce6d02e909dc276838224ffea8bfeb8a6587eeab4d6023f5ba0', 37, 1, 'mobile', '[]', 0, '2018-05-16 16:42:19', '2018-05-16 16:42:19', '2019-05-16 11:42:19'),
('abab0c03e5b7b359c6a2f72841e12ebc811ef32721383b1f1053bcd6fb0b0ee00255824403629595', 34, 1, 'mobile', '[]', 0, '2018-04-25 13:03:30', '2018-04-25 13:03:30', '2019-04-25 08:03:30'),
('ac35e2af2cd15d64b93e5537a226abe5cebc8f3c60b58142e9309c25608ac606a87552ffd2564b5f', 54, 1, 'mobile', '[]', 0, '2018-07-09 18:35:26', '2018-07-09 18:35:26', '2019-07-09 13:35:26'),
('ac5d7513188aaa5916cdb9efbe08029e862602d7f4382c9c0c2018cbf81bdd50f440284853d5c0fc', 42, 1, 'mobile', '[]', 0, '2018-10-21 18:21:55', '2018-10-21 18:21:55', '2019-10-21 11:21:55'),
('ac8ee32bf626794391df3ea2c35753fe9125d4033cd0262f3c2f4cb075da76f541be1f86dc0c7b0a', 35, 1, 'mobile', '[]', 0, '2018-10-18 22:53:18', '2018-10-18 22:53:18', '2019-10-18 15:53:18'),
('ac94cf5c8d0f954d404de0678c7a9b1a81e190e7cd31167f1ed1eefbcf653477b89fd6ddb1de5bc3', 33, 1, 'mobile', '[]', 0, '2018-05-15 14:53:32', '2018-05-15 14:53:32', '2019-05-15 09:53:32'),
('aca56319ebaeabbef00976d2783e619a364ef6bdf0d0bf0cc320d7c39337b68ad98e0ad9ff931a23', 37, 1, 'mobile', '[]', 0, '2018-05-21 13:33:13', '2018-05-21 13:33:13', '2019-05-21 08:33:13'),
('acaa40ceb60cdc962fd60a6d9bfd115158b8870a35c0428bf6f5b8dec0983025e5a9da00012ee98a', 37, 1, 'mobile', '[]', 0, '2018-05-08 13:57:56', '2018-05-08 13:57:56', '2019-05-08 08:57:56'),
('acaaf6e76c94721a9ae53786b6f1c1c253f82b0074496f496a1579a7c21168cf03bbcda9f701fdd9', 37, 1, 'mobile', '[]', 0, '2018-05-10 13:38:22', '2018-05-10 13:38:22', '2019-05-10 08:38:22'),
('ad2e237568f7956fb2c155190ce9555a27f45f3d1ec33e9b9d7f4fcc5a9663c74b55bec097ca7461', 37, 1, 'mobile', '[]', 0, '2018-05-10 14:42:07', '2018-05-10 14:42:07', '2019-05-10 09:42:07'),
('ad3c0a9268bdf7b09e6eb80ea1bef103225290fdff51c7a0dff390deb65be7a3fc46c5cd55ae57bb', 34, 1, 'mobile', '[]', 0, '2018-05-06 18:06:00', '2018-05-06 18:06:00', '2019-05-06 13:06:00'),
('ae30eeb512b90b623233d91bb092ad365a8667ebfeefe00854bc0e8cbdf73f6ebb9208c6166e832f', 37, 1, 'mobile', '[]', 0, '2018-05-22 14:16:36', '2018-05-22 14:16:36', '2019-05-22 09:16:36'),
('ae6e42728b2c839555a9bb98c761da8f8feed9414e2ea68fa537a6f9a201021c3ade9c073ce2a312', 37, 1, 'mobile', '[]', 0, '2018-05-16 15:32:57', '2018-05-16 15:32:57', '2019-05-16 10:32:57'),
('ae936b000e3da5dbdec20cd3772eb8c96b2cb56fa1d07937eb1728168e7346060cbf20dfe3c779e2', 52, 1, 'mobile', '[]', 0, '2018-06-08 22:47:57', '2018-06-08 22:47:57', '2019-06-08 17:47:57'),
('aea56df6047492c12196e31840ac273d3b0343d6fccb9e6b8475a1f388fda32ad5f5ba67ff1101de', 27, 1, 'mobile', '[]', 0, '2018-10-14 17:41:52', '2018-10-14 17:41:52', '2019-10-14 10:41:52'),
('af0599392ad8f66b5311ebb19fab097f74b1a68dd32141f775a50e6eeb05564c6d0bc96d414b4502', 48, 1, 'access_token', '[]', 0, '2018-05-22 14:55:55', '2018-05-22 14:55:55', '2019-05-22 09:55:55'),
('af347199976f1c87c77c1f02f02a81649bed416366f618199e99931525b2300a4083e26cbf3ff034', 21, 1, 'mobile', '[]', 0, '2018-10-11 19:17:21', '2018-10-11 19:17:21', '2019-10-11 12:17:21'),
('b0008ce4f42890b731dfaa3ac379586f0e93fb283266317a0da059b4f3f77bb609743cd36caafdf2', 34, 1, 'mobile', '[]', 0, '2018-06-24 14:05:23', '2018-06-24 14:05:23', '2019-06-24 09:05:23'),
('b03f1f9c9c2a1dd90ec37c49ebae2e7ade0124f94a3990b66aed3270a17f50433d79d00cf63a891b', 16, 1, 'mobile', '[]', 0, '2018-10-10 15:03:37', '2018-10-10 15:03:37', '2019-10-10 08:03:37'),
('b05003a5d8cb53fc31a6ca53b6741cd225b8b308774e1401417608105935967f3c5ee7a13e3fa419', 27, 1, 'mobile', '[]', 0, '2018-10-14 15:59:14', '2018-10-14 15:59:14', '2019-10-14 08:59:14'),
('b105b652d231bd0ed12c4c216dfa0cc6f07df214eb8ed81cbf47b185459f35c1a2c30e259a53b194', 54, 1, 'mobile', '[]', 0, '2018-07-01 13:52:19', '2018-07-01 13:52:19', '2019-07-01 08:52:19'),
('b125f9845abf425c8e80957dc72d6c5b20c0c40b1f155284600a4bb380a0d14c3a33f8bf706643e5', 34, 1, 'mobile', '[]', 0, '2018-05-07 11:00:59', '2018-05-07 11:00:59', '2019-05-07 06:00:59'),
('b172c3d9866712f3fd103f8b93ae71c16fccdd02e8d284b89e6aa401769e362e668c9140cca3aac4', 1, 1, 'mobile', '[]', 0, '2018-10-17 14:27:02', '2018-10-17 14:27:02', '2019-10-17 07:27:02'),
('b1b09d1493d0f55a42ed377d00ad0dfd3445ac079403e91f621f62feb95b9616e4c3ce0dd465bc0a', 37, 1, 'mobile', '[]', 0, '2018-05-21 13:52:32', '2018-05-21 13:52:32', '2019-05-21 08:52:32'),
('b1de01e02e27b2b8eba535d62f502bc8ea80b012c71074441690bf699b69f12f33b88184fb0d92e3', 22, 1, 'mobile', '[]', 0, '2018-10-11 19:27:06', '2018-10-11 19:27:06', '2019-10-11 12:27:06'),
('b207cfb84a0549bb551badbaf2ffa299541e3508d9ab1033c9483f454baea2b7c3cfc60ce76a7489', 1, 1, 'mobile', '[]', 0, '2018-10-03 17:39:45', '2018-10-03 17:39:45', '2019-10-03 10:39:45'),
('b2f8961f1d267a02b6c1043655108df28d58301e42371fade32fc31c5feae3db9531dec18b1a6657', 50, 1, 'mobile', '[]', 0, '2018-06-13 13:28:15', '2018-06-13 13:28:15', '2019-06-13 08:28:15'),
('b30d8b8573ec2ecbea4347d29edcc2914e44909b12ce209d8d97ae32bcbd42f047519f93d286c08c', 37, 1, 'mobile', '[]', 0, '2018-05-14 15:06:50', '2018-05-14 15:06:50', '2019-05-14 10:06:50'),
('b39f2d32add21144d3cbea9b15ba28560d34c77b75c5d7f1b9ecba5e7dcc6638dbd659b7f53fcca5', 26, 1, 'mobile', '[]', 0, '2018-10-22 18:41:40', '2018-10-22 18:41:40', '2019-10-22 11:41:40'),
('b3feae878578795266f49ac2dc6979e8cfbcdd66f4efa696a939c52c7c54c02177574412608edb93', 31, 1, 'mobile', '[]', 0, '2018-10-16 21:20:10', '2018-10-16 21:20:10', '2019-10-16 14:20:10'),
('b4e381972839390d2aa189c97c78c6a875bbb879e7b4b3ea5fac729d0421d6ed3f34f1531960a4d2', 26, 1, 'mobile', '[]', 0, '2018-10-16 14:17:58', '2018-10-16 14:17:58', '2019-10-16 07:17:58'),
('b4f6566401dc889ea5b03e6c690e0f48e6b94f5709f87d5968b1eb559a65ed196639e0eb8a608d0a', 34, 1, 'mobile', '[]', 0, '2018-05-29 16:18:45', '2018-05-29 16:18:45', '2019-05-29 11:18:45'),
('b50da4b458e661a105e3590fb306c031a78d66be362b231fd5a216a8a93fa09a5437c546bdbae863', 37, 1, 'mobile', '[]', 0, '2018-05-29 14:49:54', '2018-05-29 14:49:54', '2019-05-29 09:49:54'),
('b512e4368a45db11351534b36797028a4217a90cef6de03816f92b97d333a74fde82a4b83901827f', 33, 1, 'mobile', '[]', 0, '2018-04-29 17:39:28', '2018-04-29 17:39:28', '2019-04-29 12:39:28'),
('b5ab67707a187f55fe0fb3462e9707adb887726a712a769b5e5cbbc06695cfa13c41198d2b517949', 28, 1, 'mobile', '[]', 0, '2018-10-16 19:13:14', '2018-10-16 19:13:14', '2019-10-16 12:13:14'),
('b690122bec61150955c24b683f29504595d0e4cef1edf030cf7dd59e17c0a967f023c82ef1af86fa', 6, 1, 'mobile', '[]', 0, '2018-09-23 07:07:01', '2018-09-23 07:07:01', '2019-09-23 10:07:01'),
('b695d298c30cf2c764fcf57898e1a2f0bcb56b2281503ab58b2a98e8f3f9a1d69d172d12eaa9c07c', 36, 1, 'mobile', '[]', 0, '2018-10-20 22:04:54', '2018-10-20 22:04:54', '2019-10-20 15:04:54'),
('b69df37bd05de0e9d9186857ef6f632b794888902495c16426760c67e5c3337847cc95bf9e55f73d', 37, 1, 'mobile', '[]', 0, '2018-06-11 16:43:27', '2018-06-11 16:43:27', '2019-06-11 11:43:27'),
('b70cb093834f8b9528ae877b5d27d42e16b9b732bde82f7ba73c335983b2e03867a0f4402a3c79c8', 48, 1, 'access_token', '[]', 0, '2018-05-22 13:28:42', '2018-05-22 13:28:42', '2019-05-22 08:28:42'),
('b815097b91c30f94b36566032787c64e13e7982057bd0244daeb716159df6b7b741d811f76d2c987', 22, 1, 'mobile', '[]', 0, '2018-10-11 19:28:24', '2018-10-11 19:28:24', '2019-10-11 12:28:24'),
('b83f253b8caea094ab6dcc22ee5f906e50f0405760a75159c65630ff2a380386349e09bde5f5448c', 27, 1, 'mobile', '[]', 1, '2018-10-17 14:00:06', '2018-10-17 14:00:06', '2019-10-17 07:00:06'),
('b90708e096777eafd57f3ffb6c10c84e5824f91cb3419f1ad0b40c55428b2c3e0834bcded07b7998', 37, 1, 'mobile', '[]', 0, '2018-05-22 16:23:12', '2018-05-22 16:23:12', '2019-05-22 11:23:12'),
('b96aafa1949fa4ca287e154af975c74a81eaee7f139614a0fa517edae8ae9ae12f56621cfc611445', 26, 1, 'mobile', '[]', 1, '2018-10-14 17:11:35', '2018-10-14 17:11:35', '2019-10-14 10:11:35'),
('ba7faa7ea426d6e2c6cca5412e96da96629e67bf1db8382f4949641f68ae6cb5d8eec9c01fa9190e', 14, 1, 'mobile', '[]', 1, '2018-10-08 15:22:44', '2018-10-08 15:22:44', '2019-10-08 08:22:44'),
('bac056bd202268279b405124943b34580a9ae59d5a5dc52e8328a004bdeb8d8fa1b4d77e9499b862', 7, 1, 'mobile', '[]', 0, '2018-04-08 14:53:55', '2018-04-08 14:53:55', '2019-04-08 09:53:55'),
('bb33696190959175f8d4651296c45bbb4f90e25e3defc18db75050c9b6bef9ee46525d35521a6d3a', 26, 1, 'mobile', '[]', 0, '2018-10-16 14:52:10', '2018-10-16 14:52:10', '2019-10-16 07:52:10'),
('bba4bfce5316a4da1beabcec15e22bf734e57ef309d35c2cd52688edc245142b83d20cdcbada4a0b', 37, 1, 'mobile', '[]', 0, '2018-05-15 16:38:59', '2018-05-15 16:38:59', '2019-05-15 11:38:59'),
('bbb1c10120aa5141bb605a7a0b9dcdd70cc6c4269ce6d05a4a09862666279220ce36763f030aeacf', 37, 1, 'mobile', '[]', 0, '2018-05-28 18:17:10', '2018-05-28 18:17:10', '2019-05-28 13:17:10'),
('bbe57da616ee3b6bcec9c9164c5087531050ef3a3519c110bbf33877be3a0afe88e564f66a7f7d49', 52, 1, 'mobile', '[]', 0, '2018-07-04 14:47:49', '2018-07-04 14:47:49', '2019-07-04 09:47:49'),
('bc9421844bac041defcd6a16977d69af22a65077a8ffbe440b9e6a30d92301f281986605b681fbc4', 37, 1, 'mobile', '[]', 1, '2018-05-22 14:16:57', '2018-05-22 14:16:57', '2019-05-22 09:16:57'),
('bcb25903b9364c1147fec748daf486c8d9a3a77ad800fa5ec4744e03368973182502660e8adcef71', 37, 1, 'mobile', '[]', 0, '2018-05-21 15:55:17', '2018-05-21 15:55:17', '2019-05-21 10:55:17'),
('bd925abb48f4d7fc47a98431dd420dabe296990e9948c8a173f2aa6f28749ccc8aa2da5f64d7612e', 52, 1, 'mobile', '[]', 1, '2018-07-03 18:35:18', '2018-07-03 18:35:18', '2019-07-03 13:35:18'),
('bda95f2dbbfeeaf1d592adcd6065bc92c88e9c4a0893fd15d4f9d279addf676251be89750c86dc44', 46, 1, 'access_token', '[]', 1, '2018-05-22 15:22:15', '2018-05-22 15:22:15', '2019-05-22 10:22:15'),
('be1176840ff67b6d49a2c99306189b5353a644c4732ed682489e70525288c4494c29f938422d9407', 37, 1, 'mobile', '[]', 0, '2018-05-10 15:29:20', '2018-05-10 15:29:20', '2019-05-10 10:29:20'),
('c0074c3bbb07eefa7e584c673fa9ec2f896bfd246a7eb9698cc74fdf36004ca2a3d44c7b3097f6eb', 34, 1, 'mobile', '[]', 0, '2018-06-05 17:00:37', '2018-06-05 17:00:37', '2019-06-05 12:00:37'),
('c01714aff1b89c856557b1a6e5430925bfa591eab457a42a8c85a92333920ff56ecb21a16921f0ac', 37, 1, 'mobile', '[]', 0, '2018-05-16 14:30:31', '2018-05-16 14:30:31', '2019-05-16 09:30:31'),
('c02e522a986296cc824519ab2159bb75f749678ef9fadae87c04e29f0ea1a25fdb93b6b3b1aae855', 37, 1, 'mobile', '[]', 1, '2018-05-21 13:51:02', '2018-05-21 13:51:02', '2019-05-21 08:51:02'),
('c0b58bdd361b988633366c311bc2e92c8b48547b754444bd0802fe0b59db06c0b178d1faa35dbb4d', 37, 1, 'mobile', '[]', 0, '2018-05-10 17:44:14', '2018-05-10 17:44:14', '2019-05-10 12:44:14'),
('c0e099f1375f6e1a395ae4b208eeddbe11590cb6aa18187bd5032be8535459713daed77ae3b26371', 37, 1, 'mobile', '[]', 0, '2018-05-21 13:34:59', '2018-05-21 13:34:59', '2019-05-21 08:34:59'),
('c0ed24d59a744cfd14ac8bc0198444e7f127ba5dfd7279478735f67f694bcc26c6143fad59639673', 31, 1, 'mobile', '[]', 1, '2018-10-18 18:06:57', '2018-10-18 18:06:57', '2019-10-18 11:06:57'),
('c138272c4cca3337cf754ba03ae5b7e479f80a4c3f332f43b7007ac53477e73702cb044db14816ec', 37, 1, 'mobile', '[]', 0, '2018-05-15 15:35:11', '2018-05-15 15:35:11', '2019-05-15 10:35:11'),
('c15974f404050d34bcebb5dd891bd24dca84a304cca91051c1452ba0f8972e576ea4dc567484b011', 1, 1, 'mobile', '[]', 0, '2018-09-18 08:10:12', '2018-09-18 08:10:12', '2019-09-18 11:10:12'),
('c16b8436bc1f71c95576915d742dcbe45f0ca6615e43593edabd1c45cf11f00c8804218c62288e32', 37, 1, 'mobile', '[]', 0, '2018-05-16 17:20:10', '2018-05-16 17:20:10', '2019-05-16 12:20:10'),
('c17d77bd33ab3917e1c7ddb4273587835019327c2f10624d2956e24cc21009a6ad6524986d8594b1', 37, 1, 'mobile', '[]', 0, '2018-06-06 16:58:43', '2018-06-06 16:58:43', '2019-06-06 11:58:43'),
('c180aa99f4fb5b9bd41693b1801fa7349cb85e27aa09220bd63eefe125b757d020fa4a9238230518', 37, 1, 'mobile', '[]', 0, '2018-05-29 15:04:16', '2018-05-29 15:04:16', '2019-05-29 10:04:16'),
('c19de6f649d4e3d63093328e79960ea42611903be07eaf6ab06900d722fa01e0c1803027175f25b5', 37, 1, 'mobile', '[]', 0, '2018-05-17 17:39:51', '2018-05-17 17:39:51', '2019-05-17 12:39:51'),
('c1b71e3271f9047dca6491d26d035220512461fb36e04311a6fbbe0008437e87f3533835d027c8af', 50, 1, 'mobile', '[]', 1, '2018-06-30 15:54:09', '2018-06-30 15:54:09', '2019-06-30 10:54:09'),
('c204d5879a868641997ad65208b29d249035e4df37676b1761c6247443b9184c2e4753f70102dfda', 37, 1, 'mobile', '[]', 0, '2018-05-21 16:00:36', '2018-05-21 16:00:36', '2019-05-21 11:00:36'),
('c22f10422cefad1b82788bb1a1c2f366dd66d81bdcfdf37d786768da3d4881b930b9093af2d83463', 26, 1, 'mobile', '[]', 0, '2018-10-14 16:54:11', '2018-10-14 16:54:11', '2019-10-14 09:54:11'),
('c23c98fcb0cc671c7179f428f668258e0db7c12e7047e083cd179b1296d89a2d0082c8cc8ac6f5b4', 55, 1, 'mobile', '[]', 0, '2020-07-28 13:28:17', '2020-07-28 13:28:17', '2021-07-28 16:28:17'),
('c261b4e2647147358f48c4f038c471ec91e2fb0d0032391d97a0e54413eb94f69d7369cd4de58351', 37, 1, 'mobile', '[]', 0, '2018-05-10 10:33:39', '2018-05-10 10:33:39', '2019-05-10 05:33:39'),
('c2be40be9800551a63e1adaaf4adc1409e090c770097256f0ea6329881abbc9176cc1d53426442b8', 32, 1, 'mobile', '[]', 0, '2018-04-08 17:56:03', '2018-04-08 17:56:03', '2019-04-08 12:56:03'),
('c2df909e7bff3eb304978adcf854958c98d4eb46e00759933c12593dd2910e9df85f4cd4b16fe1c2', 37, 1, 'mobile', '[]', 0, '2018-05-20 17:27:58', '2018-05-20 17:27:58', '2019-05-20 12:27:58'),
('c3497c0f53cafebba921a2e072268018f653e28586f491bc3fe908e98260c11ac6219d148fda5a60', 35, 1, 'mobile', '[]', 0, '2018-05-08 17:14:08', '2018-05-08 17:14:08', '2019-05-08 12:14:08'),
('c3bce08357f91dfd7e3c37a159d929f0bd61819e8bf4a078689ea7ee47711943c28f4dd56ae689cc', 37, 1, 'mobile', '[]', 0, '2018-05-20 17:59:18', '2018-05-20 17:59:18', '2019-05-20 12:59:18'),
('c4024637d35695ce2d58d6f39c586e72e0e9db3f1764f6560490dc6790eab48c495ecced6edf13c0', 27, 1, 'mobile', '[]', 1, '2018-10-16 14:51:22', '2018-10-16 14:51:22', '2019-10-16 07:51:22'),
('c413296d9cd05ce654aef09868f16d4c137bc07b261816b21f4f67f0389453cc90d000eb7b4dabaf', 37, 1, 'mobile', '[]', 0, '2018-06-07 13:52:20', '2018-06-07 13:52:20', '2019-06-07 08:52:20'),
('c4a8877a6fdcada25e46b92a4c6336239d98e9dddfb592814f78a7f761ebd30c120f241653b37824', 37, 1, 'mobile', '[]', 0, '2018-05-15 16:33:41', '2018-05-15 16:33:41', '2019-05-15 11:33:41'),
('c4b40090e880ba235b3f39b89476d9417da357653aa45631cb2aca36540db6bc410d37b89489176c', 52, 1, 'mobile', '[]', 0, '2018-06-09 00:13:01', '2018-06-09 00:13:01', '2019-06-08 19:13:01'),
('c54728e0c8bc11ca731939ba5d550dfbfade48a52dd86e081f43942d5d92c5d194b48473aafc2462', 26, 1, 'mobile', '[]', 1, '2018-10-22 17:37:39', '2018-10-22 17:37:39', '2019-10-22 10:37:39'),
('c567166deb56dc95b106fd2c596ac302fa7d254a4b017e9df5b566a2f18f88d4cedddccfea6997d1', 34, 1, 'mobile', '[]', 0, '2018-06-25 13:44:41', '2018-06-25 13:44:41', '2019-06-25 08:44:41'),
('c5e7ed7e03ee63af4f8ce0c44aee2e82d835779589be03fd6cfdfba37cc69ade7892a53732b86bfd', 32, 1, 'mobile', '[]', 0, '2018-04-09 11:00:41', '2018-04-09 11:00:41', '2019-04-09 06:00:41'),
('c663d01b9725b3064916cf3c87d55a51d636e5e3bad718bf2ef1a4d091907c7bc81b172c8701ff02', 37, 1, 'mobile', '[]', 0, '2018-05-20 18:14:40', '2018-05-20 18:14:40', '2019-05-20 13:14:40'),
('c67843f2bac49bc3cea0682e8df1c1cb9855c54a42c681b3b9fbc5477b29e5825a70aad3cf46e81f', 37, 1, 'mobile', '[]', 0, '2018-05-10 13:11:25', '2018-05-10 13:11:25', '2019-05-10 08:11:25'),
('c67d9738cb554aea656d6d3c91bd3991592242723e13be57a670b569282db00826dd6a2e144543d0', 54, 1, 'mobile', '[]', 0, '2018-07-01 17:47:17', '2018-07-01 17:47:17', '2019-07-01 12:47:17'),
('c720139707c9450ac7ea133de0ff0efd94f59c98994e01a160375df56e2353e0dab92f5548f4ddbb', 34, 1, 'mobile', '[]', 0, '2018-07-01 01:18:03', '2018-07-01 01:18:03', '2019-06-30 20:18:03'),
('c73c2a4c76be090cbb8d4d55ce3774404b935fe9c4da1babbe76661814ad1165dbb2a912d6be4d97', 37, 1, 'mobile', '[]', 0, '2018-05-20 16:14:47', '2018-05-20 16:14:47', '2019-05-20 11:14:47'),
('c74ab5b0497fc7302429890ee1002eec0db42206e859e64c002092bc459c1783bba983177080d224', 33, 1, 'mobile', '[]', 0, '2018-04-08 16:40:00', '2018-04-08 16:40:00', '2019-04-08 11:40:00'),
('c780f84c2fc623a13f7625c842f2662e2859a6dd819e2c239404e6013b4e71977cd31b85a36b9394', 9, 1, 'mobile', '[]', 0, '2018-10-11 18:59:02', '2018-10-11 18:59:02', '2019-10-11 11:59:02'),
('c7a71eea2a2e3493f9e4c39bff69fd5a00d68906b3132791864b321ec2d7765564681d992577e1ed', 52, 1, 'mobile', '[]', 1, '2018-07-08 16:14:34', '2018-07-08 16:14:34', '2019-07-08 11:14:34'),
('c83c114bc9937794e6252bf4f57b91b3427c9d8d7788e20009122f9761c804b7feb1ff11631bb927', 51, 1, 'mobile', '[]', 0, '2018-06-08 07:06:21', '2018-06-08 07:06:21', '2019-06-08 02:06:21'),
('c8548284e27ead4e8a5e72222c742b43f19cdfa0249c6b0fa3c582fec848fd69a97dc732a8ee0e20', 14, 1, 'mobile', '[]', 0, '2018-10-08 18:53:22', '2018-10-08 18:53:22', '2019-10-08 11:53:22'),
('c856debe6b23e9aca070050b7d9684fa6a532e9a7938200726837bb7cc1d02e75ba08d6ea0e90602', 42, 1, 'mobile', '[]', 0, '2018-05-13 13:43:06', '2018-05-13 13:43:06', '2019-05-13 08:43:06'),
('c876864dd0dcc46f30494482e58ce1dd5814c04e432dcb3ae754745eae8ee589c29b13a2f05344fa', 52, 1, 'mobile', '[]', 0, '2018-07-04 14:10:25', '2018-07-04 14:10:25', '2019-07-04 09:10:25'),
('c88148e9c2fb531aab6bed034b9f8ecbac0ee7f9a293d1009aa936336a3b95fe2a4df96ee39a168b', 28, 1, 'mobile', '[]', 0, '2018-10-16 16:12:18', '2018-10-16 16:12:18', '2019-10-16 09:12:18'),
('c88ad6f2c97cacaba2a6665a6dc5bfcd44c6eb1cfbf3f5b98c70e61e699d5de47b366ef9dd864749', 37, 1, 'mobile', '[]', 0, '2018-05-17 12:22:15', '2018-05-17 12:22:15', '2019-05-17 07:22:15'),
('c8bed1c98fbf1c2b41a203f1f07643a3c0b877450ae90f36523b0a60aca138fd982c76e0772c56bb', 36, 1, 'mobile', '[]', 1, '2018-10-18 21:32:49', '2018-10-18 21:32:49', '2019-10-18 14:32:49'),
('c96fb89f3dcf5df1bf6cb81a4998ee55782fb4abde0f530ed1ff6b9e419944b27b80e4d81cfdc75b', 34, 1, 'mobile', '[]', 0, '2018-06-24 18:04:14', '2018-06-24 18:04:14', '2019-06-24 13:04:14'),
('c9d863fc767727f4a7c51e594ec7aa5339955eecfd95c2372e8d1a98a2063a64bc11be5a1f93c60f', 46, 1, 'access_token', '[]', 1, '2018-06-05 16:23:56', '2018-06-05 16:23:56', '2019-06-05 11:23:56'),
('ca3b870123f9ef896c5d256690bab8bf3a936c2b095d1d5bea4703034c39d649320c90d2195fd587', 46, 1, 'access_token', '[]', 1, '2018-06-05 16:18:34', '2018-06-05 16:18:34', '2019-06-05 11:18:34'),
('cac48c9cc28edb4981d602e8bff902dc53cfc01432f1ef7cc8edce7aba327231752469c296f74f84', 34, 1, 'mobile', '[]', 0, '2018-06-24 18:04:20', '2018-06-24 18:04:20', '2019-06-24 13:04:20'),
('cad40ccb4b11c99a3b70a7b12ed067a068cb8b13591251d97f329a6736197fe3a484c462c393ea71', 37, 1, 'mobile', '[]', 0, '2018-05-23 13:01:47', '2018-05-23 13:01:47', '2019-05-23 08:01:47'),
('cb5750ab4c5526d66b1d42e3aa01ca69811553d6915151389067382c1611b975bf652e9168567ff3', 50, 1, 'mobile', '[]', 0, '2018-07-05 21:47:21', '2018-07-05 21:47:21', '2019-07-05 16:47:21'),
('cb6cbfe3b9454d989e12935ad2f9d8c9b917a40c6ba0f6b3b7d748b83ee51ddd54db8816471ceb91', 51, 1, 'mobile', '[]', 1, '2018-06-08 07:16:16', '2018-06-08 07:16:16', '2019-06-08 02:16:16'),
('cbbeb233f8fdd44d79df3d19e424c8091fc082bcc6cb1018518140f15637021379a28512955f1b80', 54, 1, 'mobile', '[]', 0, '2018-07-05 11:52:37', '2018-07-05 11:52:37', '2019-07-05 06:52:37'),
('cbc8b85d756f7be5be8d6cf6bc98ed19d1cb42cdc5361723d0ccdeada6feed1e97c8849626b78e24', 1, 1, 'mobile', '[]', 0, '2018-09-18 06:25:08', '2018-09-18 06:25:08', '2019-09-18 09:25:08'),
('cbcf6bebc5848603f06859ed88431e7dc5e4b608a7b265bf5668bfc06c36906a34e932a846c80d81', 52, 1, 'mobile', '[]', 0, '2018-06-08 23:49:08', '2018-06-08 23:49:08', '2019-06-08 18:49:08'),
('cbe6ecc0a3dd2a0808def30962f4a0dd54f7918d203e2a495a65998c2e32c3d3363cb4efebf4c723', 37, 1, 'mobile', '[]', 0, '2018-05-15 17:41:48', '2018-05-15 17:41:48', '2019-05-15 12:41:48'),
('cc242f53cd4f231465d287f70281de41b5169abaeef3289a9ec78d1ce85d1bd6b619ed411d05d57f', 7, 1, 'mobile', '[]', 0, '2018-04-08 15:11:09', '2018-04-08 15:11:09', '2019-04-08 10:11:09'),
('cc7a5b9a99d01383d8875853478b8dc05728c33511f8d8b0039ff15daaa5b8524f0202452a03ffa8', 37, 1, 'mobile', '[]', 0, '2018-05-17 17:16:56', '2018-05-17 17:16:56', '2019-05-17 12:16:56'),
('ccc3101120de5c70cdf52bbe72becc87bd83238cb56098f6becf8f210e2d9d62bcf5acbdf0d6b4cb', 16, 1, 'mobile', '[]', 0, '2018-10-10 15:06:47', '2018-10-10 15:06:47', '2019-10-10 08:06:47'),
('cdc40e246004e1809758d4ce5c3eb910957dec0dd64a5b075308dae95023651b00be451d2721ef6f', 50, 1, 'mobile', '[]', 1, '2018-06-27 17:37:07', '2018-06-27 17:37:07', '2019-06-27 12:37:07'),
('cdd31180ebdbf12d1842780b5c0865c23ad210b8da0ead1e0538fa985039cdeaf02493971c2098f8', 37, 1, 'mobile', '[]', 0, '2018-05-20 17:48:00', '2018-05-20 17:48:00', '2019-05-20 12:48:00'),
('cde2798ecb9701c2e190cb13ec85949b2c36e0aedec6df49040271a8d687a24e520ef4791a47aee5', 32, 1, 'mobile', '[]', 1, '2018-10-17 19:36:01', '2018-10-17 19:36:01', '2019-10-17 12:36:01'),
('cdf4ddf9116403f28cc4f89b2f8f0ef5659679f55cda24452166a945591341139046dce8c32fa3b9', 37, 1, 'mobile', '[]', 0, '2018-05-16 15:57:01', '2018-05-16 15:57:01', '2019-05-16 10:57:01'),
('ce0b12120749e1662086475de769b29181d7ca7d969fee16c1fe204622682711b09a30114c397b87', 52, 1, 'mobile', '[]', 0, '2018-06-08 16:58:12', '2018-06-08 16:58:12', '2019-06-08 11:58:12'),
('ce0cd9f0d9f3fb4e37d415bdb8a41996a2e0fce3f7b3e1a76f4c9103c91006f3167b9cf5f74987bd', 23, 1, 'mobile', '[]', 0, '2018-04-08 16:10:55', '2018-04-08 16:10:55', '2019-04-08 11:10:55'),
('ce954ad27c5ea4b166a1439e59ab16d8cdcca45a8a869062376bb5ea0d809a288bb5b2e4e72657bc', 34, 1, 'mobile', '[]', 0, '2018-05-06 13:41:48', '2018-05-06 13:41:48', '2019-05-06 08:41:48'),
('ceb22286bee3750d045e6dbfb5950e3e44b279b6cc81e919b208c62ef831c64666dd916e9b7a701f', 37, 1, 'mobile', '[]', 0, '2018-06-24 17:00:57', '2018-06-24 17:00:57', '2019-06-24 12:00:57'),
('cebe5e3e90324ce3b2337f9ce3cab77c1a83006644ce0f8de7840ccb39e163afc8a6c759b6c64a2b', 31, 1, 'mobile', '[]', 1, '2018-10-18 14:45:43', '2018-10-18 14:45:43', '2019-10-18 07:45:43'),
('cf1fe8672edf083ad2314e6b205776fe4070b1f2c6cf279920f2838ae3b24aa823f3238f7a0e4624', 37, 1, 'mobile', '[]', 0, '2018-05-14 12:06:19', '2018-05-14 12:06:19', '2019-05-14 07:06:19'),
('cf350ff71d93fbe5db29354b826105eb651c33e2ef174bcbb932d00349be0bdd40e32810f83d9948', 50, 1, 'mobile', '[]', 0, '2018-06-24 15:51:52', '2018-06-24 15:51:52', '2019-06-24 10:51:52'),
('cf740f2bcfdb713528bd1a8a47924901053e26d7bb7d05ae6a51292b9b61c5be03b8018ec9b58b7a', 34, 1, 'mobile', '[]', 0, '2018-04-25 13:50:34', '2018-04-25 13:50:34', '2019-04-25 08:50:34'),
('cfa54f38327082cbd1657e9d251b571016fd602fa254527cd0829f58abd0b046031a575b90ac01bd', 30, 1, 'mobile', '[]', 1, '2018-10-16 20:26:32', '2018-10-16 20:26:32', '2019-10-16 13:26:32'),
('cfcb7d39d138a7853bd09c930060cbc5e7bfdb12e811b97d3240b7c9c6cfee6c61f499ad773fc41b', 37, 1, 'mobile', '[]', 0, '2018-05-23 12:57:04', '2018-05-23 12:57:04', '2019-05-23 07:57:04'),
('d04f402c3ef1b04f605d791592161a9fc442e680eca5aa67f507bd40710f46d5870ead59e1bfc3c6', 34, 1, 'mobile', '[]', 0, '2018-04-26 17:34:02', '2018-04-26 17:34:02', '2019-04-26 12:34:02'),
('d143dfd0d77bfad9817de3b794f4a9322b1997b852a8dc7c90a68dff63cdf646f1a7bc6ec657839e', 37, 1, 'mobile', '[]', 0, '2018-05-15 14:18:58', '2018-05-15 14:18:58', '2019-05-15 09:18:58'),
('d18524ad26cee30aad174a15ad74a245d9a24c09c03b3a869cdf220d329e257a9687cee396f546f6', 37, 1, 'mobile', '[]', 0, '2018-05-15 16:11:23', '2018-05-15 16:11:23', '2019-05-15 11:11:23'),
('d199cffc86577bfd6ec4d34d9983ba5177ba45ef5b06dedb4d6188014ad2074cbdbc3d0842382446', 37, 1, 'mobile', '[]', 0, '2018-05-22 18:17:58', '2018-05-22 18:17:58', '2019-05-22 13:17:58'),
('d1a65e4c24d040aa93d41ce6fef841f1cf36c5be803a8edecf6bf182b41dba9a32cc15d8e2f5d853', 39, 1, 'mobile', '[]', 0, '2018-05-13 13:28:12', '2018-05-13 13:28:12', '2019-05-13 08:28:12'),
('d1ba2999cc324f2c1bb850fffca37e9b41fc56deb7e9259f9879e47e041475f180af963f64944979', 7, 1, 'mobile', '[]', 0, '2018-04-08 12:00:37', '2018-04-08 12:00:37', '2019-04-08 07:00:37'),
('d242a9f173cfad3ea11955d1ff0592da31c0c3996939cc93f5600d8139b6a88dcf1ea24272b328fe', 37, 1, 'mobile', '[]', 0, '2018-05-08 15:35:24', '2018-05-08 15:35:24', '2019-05-08 10:35:24'),
('d26712e0893d7b51e11e9f3f361bb4d26d3a0e6f39b643a5f075d59f919a5fccab34fb59b1f4bac6', 37, 1, 'mobile', '[]', 0, '2018-05-08 15:01:34', '2018-05-08 15:01:34', '2019-05-08 10:01:34'),
('d30cd7ce6fa33767a20ececafcf0cba62d2e7c1228656c7141e2fbebb3630735f8ee66b2ea2ed33a', 34, 1, 'mobile', '[]', 0, '2018-05-20 17:20:24', '2018-05-20 17:20:24', '2019-05-20 12:20:24'),
('d30df273b1113c741b39270f94155a0454026dc30e3bcf7ab1e40e1efb631e03cd3450a42b04cb34', 37, 1, 'mobile', '[]', 0, '2018-05-08 14:24:57', '2018-05-08 14:24:57', '2019-05-08 09:24:57'),
('d381e5b749f89ecd19dba363ba9075090d701879b25c686166cf6c02f0348d404786bdc4718145c0', 37, 1, 'mobile', '[]', 0, '2018-05-15 15:09:20', '2018-05-15 15:09:20', '2019-05-15 10:09:20'),
('d3964be3af8f08f705bad4184f0da29f4c71b108b2fd62a29569048730d703d94495998c4a81365e', 37, 1, 'mobile', '[]', 0, '2018-05-16 16:45:26', '2018-05-16 16:45:26', '2019-05-16 11:45:26'),
('d3befdd6bbae463abef04026154778c911e50239040e122b112f64cc49b3a35d64d73623423a390f', 32, 1, 'mobile', '[]', 0, '2018-04-30 15:04:16', '2018-04-30 15:04:16', '2019-04-30 10:04:16'),
('d3c4c80063d59013363cd202e0f736009534640f0f1b70e67dfcda47f7dd6e04213da5f5e12e2954', 37, 1, 'mobile', '[]', 0, '2018-05-20 17:18:12', '2018-05-20 17:18:12', '2019-05-20 12:18:12'),
('d3c54cb62d5e10430db1fac751f5038928167c269f51d31d245a0e04e8db3877d5a3269c8ae4e00c', 37, 1, 'mobile', '[]', 0, '2018-05-13 16:21:48', '2018-05-13 16:21:48', '2019-05-13 11:21:48'),
('d3fcd0706a54002524fcbbb03e9bc06907638e0c0524904e1f7a5720d53bd4aebb5d7a3c7367e3c6', 53, 1, 'mobile', '[]', 0, '2018-06-24 14:30:16', '2018-06-24 14:30:16', '2019-06-24 09:30:16'),
('d4679580d4824adcec56781610182f7f73678fbfff40b680bf57d5156896f0ebb0aff8df63a736ae', 26, 1, 'mobile', '[]', 1, '2018-10-14 16:36:34', '2018-10-14 16:36:34', '2019-10-14 09:36:34'),
('d49229e9de2b346e95c0f53996b1021c9d49cdac580591830e8dc99866db27b52c3964de44011661', 9, 1, 'mobile', '[]', 0, '2018-10-11 18:45:50', '2018-10-11 18:45:50', '2019-10-11 11:45:50'),
('d4a048fabaa1ab846b3ee99b9f6d4d003a4fd0cccc6f307b659807a8ddabd8a461b7afcd14122b3f', 37, 1, 'mobile', '[]', 0, '2018-05-08 15:19:43', '2018-05-08 15:19:43', '2019-05-08 10:19:43'),
('d4aad4dd9f34206e4c127964be6f89b104db9897deae5476b1bc44af44f7054411dd8e59d3ed6a60', 22, 1, 'mobile', '[]', 0, '2018-10-11 19:28:44', '2018-10-11 19:28:44', '2019-10-11 12:28:44'),
('d4dee35b6831cca6d9244f080df4e73bd0821f70ab405f340a5a0297474fca1b27fc98f1640081e8', 37, 1, 'mobile', '[]', 0, '2018-05-16 14:20:06', '2018-05-16 14:20:06', '2019-05-16 09:20:06'),
('d517440a7b8cc76e69338942ceaddc0ef0da1ee3bcdb4dcb4a6892158d86b8a2cb22738eabea6689', 34, 1, 'mobile', '[]', 0, '2018-05-08 10:52:09', '2018-05-08 10:52:09', '2019-05-08 05:52:09'),
('d547153d1b06d453e7020fc68b5dc51965e70d41b0c138745b738e0df3023d91f77d432103208865', 48, 1, 'access_token', '[]', 0, '2018-06-05 16:07:04', '2018-06-05 16:07:04', '2019-06-05 11:07:04'),
('d549190cf6fcff0c67ea5137433e476114ad18cf159d53281e70b077474c4a70c67532fbddafddfa', 37, 1, 'mobile', '[]', 0, '2018-05-13 14:51:43', '2018-05-13 14:51:43', '2019-05-13 09:51:43'),
('d623fb0a521c90a91e4b2346eed4be69ea710e5a11d0434d9d0a2403f3de716489a80f4a4f06c56e', 26, 1, 'mobile', '[]', 0, '2018-10-14 19:12:04', '2018-10-14 19:12:04', '2019-10-14 12:12:04'),
('d65737115422a394217c1d0acda4dfaecfe7a91466880db2d51694ead0e7fe40cc1b90d9d91868b0', 37, 1, 'mobile', '[]', 0, '2018-05-28 18:15:03', '2018-05-28 18:15:03', '2019-05-28 13:15:03'),
('d69161d8bce61cf76f432e9ee5850450e16f57d29018fd433c8c6367b5bb8c6740b4219d381d0ee2', 27, 1, 'mobile', '[]', 0, '2018-10-14 16:32:05', '2018-10-14 16:32:05', '2019-10-14 09:32:05'),
('d6ebc401375b35ae6658e0e7ac4ebb8d8cf6af2e6f0fe46c5bcd92fde6761979077be5ab1fdcfe3a', 37, 1, 'mobile', '[]', 0, '2018-06-07 13:48:09', '2018-06-07 13:48:09', '2019-06-07 08:48:09'),
('d7012a51ed7bbcc1880c55d939435cf05264810dc87192cb8386ea4d75a446a4dc28060b00843081', 34, 1, 'mobile', '[]', 0, '2018-04-24 13:20:51', '2018-04-24 13:20:51', '2019-04-24 08:20:51'),
('d72724be8cd39f85ebc835a6e02ebc0f5dbd75084c5623b26f1c3ce424a5ce6b061889a4bc6e137c', 37, 1, 'mobile', '[]', 0, '2018-05-21 14:56:29', '2018-05-21 14:56:29', '2019-05-21 09:56:29'),
('d767dd7db3eebcde1c48e3c51f5c9053dd317db4ea40a85234b9ba019645c22831d8e0ebef07e2c5', 34, 1, 'mobile', '[]', 0, '2018-06-24 18:12:12', '2018-06-24 18:12:12', '2019-06-24 13:12:12'),
('d778dfed13718902ec42de7371dbad9b8a6ab646982b315d0a5d2eadeed3d7b5e14b66647480f718', 20, 1, 'mobile', '[]', 0, '2018-04-08 16:09:47', '2018-04-08 16:09:47', '2019-04-08 11:09:47');
INSERT INTO `oauth_access_tokens` (`id`, `user_id`, `client_id`, `name`, `scopes`, `revoked`, `created_at`, `updated_at`, `expires_at`) VALUES
('d83c5d46bdb5582c56cbc3460f3e8f73f2ac05cdd55d0af2143facf00de760d518f522298c8816f6', 37, 1, 'mobile', '[]', 0, '2018-05-29 12:45:58', '2018-05-29 12:45:58', '2019-05-29 07:45:58'),
('d8613799ec82805f54e96d2e8e64af233d4a6c44d77528febb01d227ac6b949310bedab6ea408f84', 35, 1, 'mobile', '[]', 1, '2018-10-18 18:07:12', '2018-10-18 18:07:12', '2019-10-18 11:07:12'),
('d8f06be6a42ba3261877a36e72561dfbc2919a983f1d32a3bc6ddeb318c39b254030217c68c5667f', 34, 1, 'mobile', '[]', 0, '2018-05-16 15:18:53', '2018-05-16 15:18:53', '2019-05-16 10:18:53'),
('d902e5134649d20062f8cbc7ec4647c2621f281b182e74e64e62505ed352a13894866de4ec20c60f', 37, 1, 'mobile', '[]', 0, '2018-05-16 12:10:15', '2018-05-16 12:10:15', '2019-05-16 07:10:15'),
('d963c27173029f915d323205c4e87021f36a61b510d067cee4a5f498a3afcf7ebd944e06816d1de7', 26, 1, 'mobile', '[]', 0, '2018-10-14 15:57:48', '2018-10-14 15:57:48', '2019-10-14 08:57:48'),
('d98ed93166a44d39dc6113ee0efbdd329384b02381706a7589ceba58bce422df5e6a8534e1265a3d', 32, 1, 'mobile', '[]', 0, '2018-04-08 17:16:19', '2018-04-08 17:16:19', '2019-04-08 12:16:19'),
('d9cc21e2d5ef9297200505b9dc8dd6d9694c52a1aa4d1f18261e86ba4c709ebac71a4098156aeb9f', 33, 1, 'mobile', '[]', 0, '2018-05-21 13:42:42', '2018-05-21 13:42:42', '2019-05-21 08:42:42'),
('da2d9a42380747749edc31558fb80f2ccd6227c155c8d486a2b7efe79654e26eafc5540ad50daa9a', 46, 1, 'access_token', '[]', 1, '2018-05-23 12:43:45', '2018-05-23 12:43:45', '2019-05-23 07:43:45'),
('da765bc97c74bcfb6897a514da9d7ba66912f560a6bed93f5530389e297a1d06d195904dce592869', 26, 1, 'mobile', '[]', 0, '2018-04-08 16:18:06', '2018-04-08 16:18:06', '2019-04-08 11:18:06'),
('dab5ffa85c6048f25e6039e69c569c314c295cfdc89c285ee9c17fbb7697002d00c167f233cd3a59', 34, 1, 'mobile', '[]', 0, '2018-05-13 16:29:34', '2018-05-13 16:29:34', '2019-05-13 11:29:34'),
('db3e2638116422a226b5857d16cdfd1560bfb6a50f6d898387ef352a531ed8cdba337b2b42898049', 50, 1, 'mobile', '[]', 0, '2018-06-20 14:41:46', '2018-06-20 14:41:46', '2019-06-20 09:41:46'),
('db50cbae40f04f4c02365059d16e0ed5e00a95249be776038b2022d69c881594e9176df34fce3c90', 37, 1, 'mobile', '[]', 0, '2018-05-21 15:25:09', '2018-05-21 15:25:09', '2019-05-21 10:25:09'),
('db86627d41c91527ebe1b9d2d67cbf5ba7cd90f2070ce0733ae6163246cbc55c8ad5b7e36dbaa97e', 50, 1, 'mobile', '[]', 0, '2018-06-27 17:33:05', '2018-06-27 17:33:05', '2019-06-27 12:33:05'),
('dc5ed73bd31544ba109e0426f7cb486fcf0f434978f24b91607e28a68362804c895f638c1e8d57a6', 37, 1, 'mobile', '[]', 0, '2018-05-21 13:23:17', '2018-05-21 13:23:17', '2019-05-21 08:23:17'),
('dc6042214b97b41ca4027f5cebf1172a01b62bde325c4a447abcc348886fe8729e82976a35a61fb2', 34, 1, 'mobile', '[]', 0, '2018-04-30 02:37:38', '2018-04-30 02:37:38', '2019-04-29 21:37:38'),
('dc98076c25d6533f4b438cd112596baca543cf8197e4a2b19549b394d5b54abb06f6662517a92738', 54, 1, 'mobile', '[]', 0, '2018-07-09 18:53:32', '2018-07-09 18:53:32', '2019-07-09 13:53:32'),
('dcb793690ed5f576390786fc390d6bbbb0e7545e56a8964c1ab86e7b4909f8660a889986abf07122', 37, 1, 'mobile', '[]', 0, '2018-05-14 12:26:25', '2018-05-14 12:26:25', '2019-05-14 07:26:25'),
('dcf4f329f37240f141dc5bf94090d8fd46e479043c94813e33aa34426f34a03eb0674565ea56296f', 54, 1, 'mobile', '[]', 1, '2018-06-30 16:14:36', '2018-06-30 16:14:36', '2019-06-30 11:14:36'),
('dd7575e93aa30ac65ae424ef1d176915d325292ab88eadeb79bb9e5eb03c171035a340ee7f123dc3', 34, 1, 'mobile', '[]', 0, '2018-04-29 12:21:24', '2018-04-29 12:21:24', '2019-04-29 07:21:24'),
('dd7e2ef9f956160701084bcb9dda9f302377361edb5e73eb9d369097d188e59c209ba01d57a2c954', 34, 1, 'mobile', '[]', 0, '2018-05-02 17:17:44', '2018-05-02 17:17:44', '2019-05-02 12:17:44'),
('dd90b75482aacd06501cfae46ef6ab03fb16b7fd9b7cef4d9999443c8f77a103379458122c0d5ea0', 37, 1, 'mobile', '[]', 0, '2018-05-17 15:35:51', '2018-05-17 15:35:51', '2019-05-17 10:35:51'),
('dde278f30c3e168d7fbc03284a148e647565eb57865f6af32b3cab274d4f61be2d1e0d4bf305a79c', 37, 1, 'mobile', '[]', 0, '2018-05-22 17:06:58', '2018-05-22 17:06:58', '2019-05-22 12:06:58'),
('de0ae91c0f4fc8394c804a474765ac55589ce9c8ea2510d57e77f100b12d78922a2bc5213d80a332', 26, 1, 'mobile', '[]', 1, '2018-10-21 16:34:09', '2018-10-21 16:34:09', '2019-10-21 09:34:09'),
('de527a438074b83a971ce5c1bfb3eeff0fe2144884d0fcea0009323d871932d78c0eed6b0f2e6d5c', 50, 1, 'mobile', '[]', 0, '2018-06-27 16:06:06', '2018-06-27 16:06:06', '2019-06-27 11:06:06'),
('dedcc5aae521b42672542f53a76f18f619c27a0c5004ea989d8b4e10becdfe14e5ea532b1d1882ec', 37, 1, 'mobile', '[]', 0, '2018-05-16 16:56:19', '2018-05-16 16:56:19', '2019-05-16 11:56:19'),
('deea951ade9292d0f9dcc0d969e50c5ab637d989c010c9c203f9d8ba13c760077541ab26fa7c8238', 54, 1, 'mobile', '[]', 0, '2018-07-09 18:58:52', '2018-07-09 18:58:52', '2019-07-09 13:58:52'),
('df0ca04915bcda72e38bd26d6dc13e1198dfd783b086ce1e9346a629c295587f612f91b7d7be5e88', 37, 1, 'mobile', '[]', 0, '2018-05-21 15:02:05', '2018-05-21 15:02:05', '2019-05-21 10:02:05'),
('df12124d326ca54a5a02ae1a5d686fa33b0a7fc6b67cbfce69a2a823f0a64aec76ca601cefdc20cc', 16, 1, 'mobile', '[]', 0, '2018-10-10 15:06:54', '2018-10-10 15:06:54', '2019-10-10 08:06:54'),
('df77197899aaa6db714e5ddc1d71e11ffaeced80064c3f736ce2d9199f5803ef8a123d661f3f0270', 37, 1, 'mobile', '[]', 0, '2018-05-22 18:04:40', '2018-05-22 18:04:40', '2019-05-22 13:04:40'),
('df9d433bc4a59eb1904dc8885295f3c5896ac9bcbe71341f4403b875bfed8c13a6dc6199351de0c1', 37, 1, 'mobile', '[]', 0, '2018-05-10 13:13:03', '2018-05-10 13:13:03', '2019-05-10 08:13:03'),
('dfa2a0b803c6695f8217c25e577520f551043026d7475302019463b0b9654b1f10c7b8f169c4d069', 1, 1, 'mobile', '[]', 0, '2018-09-23 07:04:08', '2018-09-23 07:04:08', '2019-09-23 10:04:08'),
('dfccd31a9efb503bb8ff093c7a4220368881f4bd93251347cd85349e5d2b27d3d29bd56dcb273fc5', 13, 1, 'mobile', '[]', 0, '2018-10-07 17:55:56', '2018-10-07 17:55:56', '2019-10-07 10:55:56'),
('dfda9edab18b4b5d0bd2343f4b36d882293e11f53b37f9ef1525386d24c39513f229aa1fdf17fd3d', 52, 1, 'mobile', '[]', 0, '2018-07-08 14:38:42', '2018-07-08 14:38:42', '2019-07-08 09:38:42'),
('dfdaf46c18ddf1393a8756b36e1b12e2701887d254abc32073fbb56df051739d734b9271ad3e3a2e', 24, 1, 'mobile', '[]', 0, '2018-10-11 20:06:39', '2018-10-11 20:06:39', '2019-10-11 13:06:39'),
('dff0a874607787c6bcf1812b0b8810091a9f3c394a7776c4ec76cad1fc71a1cea54d2c8363710bf3', 37, 1, 'mobile', '[]', 0, '2018-05-15 16:41:23', '2018-05-15 16:41:23', '2019-05-15 11:41:23'),
('e000893cd2341837edc9c7b309a8a2a6c3a841f68574e94ad6790ba934668f5cb3579f89542dcdd0', 34, 1, 'mobile', '[]', 0, '2018-04-29 13:39:31', '2018-04-29 13:39:31', '2019-04-29 08:39:31'),
('e03e2b98250da34e377c656244799b7182d1b07a1f1bc705461bf1fb742507e31dd1ad6dd4e59943', 37, 1, 'mobile', '[]', 0, '2018-05-10 15:19:19', '2018-05-10 15:19:19', '2019-05-10 10:19:19'),
('e1181f989364311e3494bb563a81ab535c4ac822e97fccd7804c0eecf26d1d31d1c4c8519722f0a1', 31, 1, 'mobile', '[]', 0, '2018-04-08 16:27:48', '2018-04-08 16:27:48', '2019-04-08 11:27:48'),
('e15e1c7a520854b0ab6bb0eb25d28abbb4022263c53dd22ed1a1b616d5025384c6ec5f39c086476e', 37, 1, 'mobile', '[]', 1, '2018-06-18 16:34:47', '2018-06-18 16:34:47', '2019-06-18 11:34:47'),
('e16673f38df4e963edb1983b8d7f4319de9ca4beffc965a075d75f9f3279152c7bf9b4f880d889a1', 37, 1, 'mobile', '[]', 0, '2018-05-17 15:53:46', '2018-05-17 15:53:46', '2019-05-17 10:53:46'),
('e1a3a196b726d11891bce002cfab3135f5a3a4530252eaffdbc9a9a01fb7dff4f58ad50a332cce20', 50, 1, 'mobile', '[]', 0, '2018-06-27 17:44:52', '2018-06-27 17:44:52', '2019-06-27 12:44:52'),
('e1edec5c0bafbdfe19d68cee7d17690365c521265e2cd939c61393d74204cccf2ea66b599a900ab3', 27, 1, 'mobile', '[]', 0, '2018-10-15 13:30:26', '2018-10-15 13:30:26', '2019-10-15 06:30:26'),
('e1f68b8b132fea6d27471c792eb748bcd62df3cc903b0fe7b8bd7d9dd9c0dc158938b027cf7d5fdd', 37, 1, 'mobile', '[]', 0, '2018-05-28 14:15:37', '2018-05-28 14:15:37', '2019-05-28 09:15:37'),
('e2ccaff1daf7877c1b461b968dbaf6c87fec403473779b8329cf6fb5054afee08710255dd9a60c38', 37, 1, 'mobile', '[]', 0, '2018-05-15 14:43:02', '2018-05-15 14:43:02', '2019-05-15 09:43:02'),
('e2d915f440a3246b1ab61b33b4e2f58ba2ef46c47f9433769797cf72e65dd9438e8b0ba3a9267208', 37, 1, 'mobile', '[]', 0, '2018-06-05 17:15:01', '2018-06-05 17:15:01', '2019-06-05 12:15:01'),
('e2f32b7cab277641b7f453d7decc1fd2671e8937deab8e3a42da121940701ded7b75077a0afe14bd', 37, 1, 'mobile', '[]', 0, '2018-05-16 11:20:33', '2018-05-16 11:20:33', '2019-05-16 06:20:33'),
('e3426946082a4fc96d337f188c94ffdf63a7588e2ab16404e3d4da7a104c15f1522c858e2d1f8d58', 37, 1, 'mobile', '[]', 0, '2018-05-20 15:35:27', '2018-05-20 15:35:27', '2019-05-20 10:35:27'),
('e38c569d1b8082f7a3caffc188fbb6f40e4d82b0a0b3bf3bc24fe83b2057097b9fd53c7dc1a5478e', 26, 1, 'mobile', '[]', 1, '2018-10-17 13:06:11', '2018-10-17 13:06:11', '2019-10-17 06:06:11'),
('e39b268939986ad7b19172fc2dc0e1e4291216f12722782bbe457d6bb9d3c15265e31c08ad32edfa', 1, 1, 'mobile', '[]', 0, '2018-09-19 04:36:11', '2018-09-19 04:36:11', '2019-09-19 07:36:11'),
('e3b7654924245913e0113b5b98286ecaac55d0c252ebfe8a96ec9f73ceb5df77858b5da0e29c1310', 34, 1, 'mobile', '[]', 0, '2018-05-22 18:25:14', '2018-05-22 18:25:14', '2019-05-22 13:25:14'),
('e3ddde58fc391bd60f027eaf4a08dd5d3d1a93701f34e4975daf63019231679e1419a43013a94143', 54, 1, 'mobile', '[]', 0, '2018-07-04 17:17:20', '2018-07-04 17:17:20', '2019-07-04 12:17:20'),
('e3e03edd801e434c1a58f8083e1a52db76acd8330794f9df062c81433e8b45bc6bc2c5dc22aa8374', 14, 1, 'mobile', '[]', 0, '2018-10-08 13:48:24', '2018-10-08 13:48:24', '2019-10-08 06:48:24'),
('e47dce77a06bb5c330e6eb6a333574656f6d7864cbd6a9077cb0039fcfe0517cafe2dec47f7ce364', 37, 1, 'mobile', '[]', 0, '2018-05-10 13:46:50', '2018-05-10 13:46:50', '2019-05-10 08:46:50'),
('e4d781d76bd9c054f59b7358a0478427ce099ad310adc2b0acebed4c154ce81917a7053e716a3325', 15, 1, 'mobile', '[]', 0, '2018-10-11 13:57:03', '2018-10-11 13:57:03', '2019-10-11 06:57:03'),
('e4f7be53eaa0bbc28679d2e25d4f0ffe50936cd56fb010cba90984437c0f99969260224bb32d3bf9', 27, 1, 'mobile', '[]', 0, '2018-10-15 19:59:32', '2018-10-15 19:59:32', '2019-10-15 12:59:32'),
('e5466ae5eef12a979deab582e8ce73868581949de968b71ea0b9b9bc7e4358520c1bc3ab34477146', 37, 1, 'mobile', '[]', 0, '2018-05-10 15:00:53', '2018-05-10 15:00:53', '2019-05-10 10:00:53'),
('e5600f2339f51213bd6ebfbfea8b5723f85ab4a355e0c795127b028311f724fe9f06d7cdca142e8c', 37, 1, 'mobile', '[]', 0, '2018-05-14 17:56:18', '2018-05-14 17:56:18', '2019-05-14 12:56:18'),
('e58394d07eeab28fb027a3e69fb51359f146719a1bca93ebc9c9bd27bf0d5cc9415c8da4734543ab', 48, 1, 'access_token', '[]', 0, '2018-06-05 16:26:29', '2018-06-05 16:26:29', '2019-06-05 11:26:29'),
('e595f63ee974dcee20635e1cf0a97ae65913ff8cd13b64deb4eada9ae5543e4d1c703b25b2ae4a1a', 37, 1, 'mobile', '[]', 0, '2018-05-10 10:49:52', '2018-05-10 10:49:52', '2019-05-10 05:49:52'),
('e596cfc5907957e4618465792f5d68d543d89e1a9b2753653a4b9604009b83889c63e0258750ceda', 37, 1, 'mobile', '[]', 0, '2018-05-10 16:30:24', '2018-05-10 16:30:24', '2019-05-10 11:30:24'),
('e5e025aa7dcebeeb6fd3e3c3826c12073c8e96603a1c1b80654292013d96878d23957b9a0bf75aa4', 37, 1, 'mobile', '[]', 0, '2018-05-14 18:07:42', '2018-05-14 18:07:42', '2019-05-14 13:07:42'),
('e61e5b9c369296b90b6f172741753da1c04d9db493f168a8c234f2e278c3e738ee93785f398ff8dd', 54, 1, 'mobile', '[]', 0, '2018-07-05 12:13:08', '2018-07-05 12:13:08', '2019-07-05 07:13:08'),
('e65474ef97e7b54cf69d17adc2d7ca27aa67bba3e8b7449f1b248bd9bd3d9c4c007ce1707f5f9ca8', 55, 1, 'mobile', '[]', 0, '2020-07-28 13:27:27', '2020-07-28 13:27:27', '2021-07-28 16:27:27'),
('e6c82c81a93051ac34120e6d2b53859cb65cd9103ad4083767a6a435414d1ce34f73120b7d434fea', 41, 1, 'access_token', '[]', 0, '2018-05-13 13:41:10', '2018-05-13 13:41:10', '2019-05-13 08:41:10'),
('e6d393f6c0bdbbc2bdf33580beb101a3c2ced25c1fa6e4dbfda86bd7f1faddce55f0de814e680501', 36, 1, 'mobile', '[]', 0, '2018-10-20 22:01:46', '2018-10-20 22:01:46', '2019-10-20 15:01:46'),
('e74a94eb9d34d5175eba17f22e9a247f0c07cc2f7cbfaca98f47a6027841c53b6827c786bb264ded', 32, 1, 'mobile', '[]', 0, '2018-04-08 17:16:19', '2018-04-08 17:16:19', '2019-04-08 12:16:19'),
('e7550121b1f20f541c6c591a37d38c1dc78271733e6465702e81288cb9347d56157324d05bbc4397', 37, 1, 'mobile', '[]', 0, '2018-05-22 17:15:16', '2018-05-22 17:15:16', '2019-05-22 12:15:16'),
('e76007731fde257f626b99478518a6962894beb25945464b83a318b0da1f460a8ed929b47532c032', 34, 1, 'mobile', '[]', 0, '2018-04-09 11:40:42', '2018-04-09 11:40:42', '2019-04-09 06:40:42'),
('e7aadca2243a94155676bced7fb91e10b0ceea05d72170ea00dcd35e086da2d815c23a76ebfac4cd', 31, 1, 'mobile', '[]', 1, '2018-10-18 17:15:46', '2018-10-18 17:15:46', '2019-10-18 10:15:46'),
('e7b84b0d8b7e47bf7519e4ef498995dca75852a3270e0888b862ec45fbca9ec781778e9999b694a9', 40, 1, 'mobile', '[]', 0, '2018-05-13 13:35:17', '2018-05-13 13:35:17', '2019-05-13 08:35:17'),
('e7ca36b1ceace6dc2db16c19fa46c8f4f03f22e8c2aec0c41e36cfda213b8cd3e91feb0bd202c809', 37, 1, 'mobile', '[]', 0, '2018-05-13 14:38:02', '2018-05-13 14:38:02', '2019-05-13 09:38:02'),
('e7cba840916a371bbe7175a073ac37410ed7511c65ce69b4a12e1fc19f7aaa3e91740f71d476815b', 34, 1, 'mobile', '[]', 0, '2018-05-24 13:08:54', '2018-05-24 13:08:54', '2019-05-24 08:08:54'),
('e7f37347d9ebaa95bf32dd265dbcf8b57314a997973b494892b30bd0aa8a0cb044723423fd636f26', 49, 1, 'mobile', '[]', 0, '2018-05-24 14:16:39', '2018-05-24 14:16:39', '2019-05-24 09:16:39'),
('e806fc3c563fd1a1d4a83a9637103970b03e410eb1b84ccc27f4349dbc32e1b856ee1d44f0239881', 55, 1, 'mobile', '[]', 0, '2020-09-04 08:20:32', '2020-09-04 08:20:32', '2021-09-04 11:20:32'),
('e8078456cc0346038677d60fe3abda7a7d994b7b2efd817b05f176f64d307c40144becedb69f703e', 50, 1, 'mobile', '[]', 0, '2018-07-01 17:46:23', '2018-07-01 17:46:23', '2019-07-01 12:46:23'),
('e822c9ed4f9f5c91bcd22d7da0dd363e3564b2cb4935b72c055a4e5fc80aaf0cfbdeefce2001a09f', 37, 1, 'mobile', '[]', 0, '2018-05-22 18:14:42', '2018-05-22 18:14:42', '2019-05-22 13:14:42'),
('e8249f154d238b27c5b8e2904919a2ef93ae929323a1dbb9c5d5083049abf7cb8697d7b5e65c131f', 37, 1, 'mobile', '[]', 0, '2018-05-22 16:25:37', '2018-05-22 16:25:37', '2019-05-22 11:25:37'),
('e89a57a60d0c29789b3a79b0ed430052b43a6f5c97c3fa6814f65a4bffb5d57b0a805b5070a2157d', 34, 1, 'mobile', '[]', 0, '2018-05-07 10:45:41', '2018-05-07 10:45:41', '2019-05-07 05:45:41'),
('e8b8854a86e7e1ad8180afc77af4a719dab29f59d4a7a3dd0dfb614216a40a4fb8c4b2db3b0af535', 37, 1, 'mobile', '[]', 0, '2018-05-16 12:37:30', '2018-05-16 12:37:30', '2019-05-16 07:37:30'),
('e8c9d86dc31f79e917a2e4f38158acede78988eb5f02d92be06812cbcd479f582aa13ca99b180f7c', 27, 1, 'mobile', '[]', 1, '2018-10-15 14:53:29', '2018-10-15 14:53:29', '2019-10-15 07:53:29'),
('e965e2479f79a902c8b3821aba9ff1684b6866990184a255db392b23282f6f1fb99706cbeec1f207', 42, 1, 'mobile', '[]', 0, '2018-10-21 17:20:12', '2018-10-21 17:20:12', '2019-10-21 10:20:12'),
('e98ef1ddfe7d1ae3adb1ca2a17455691860f372469f69aad2cb7eb65713915b1eebef61cdb5f808a', 37, 1, 'mobile', '[]', 0, '2018-05-16 11:03:49', '2018-05-16 11:03:49', '2019-05-16 06:03:49'),
('e9e59feba34cd886f80d4e0b2e0a3e121e019f5aa3c3d156d41f76f55a2685d6bfc777514e8de2c3', 26, 1, 'mobile', '[]', 0, '2018-10-15 13:29:32', '2018-10-15 13:29:32', '2019-10-15 06:29:32'),
('ea2857706ac7ce69901b9ef80b4847d66edcb98402f697928d8e7414a2457e4b43d78b4dd8755e9e', 1, 1, 'mobile', '[]', 0, '2018-09-18 08:15:49', '2018-09-18 08:15:49', '2019-09-18 11:15:49'),
('eaa91546d9be48692f3d7580bac880cd847a9ce8ef4fa39beb5a5ebd695c984f540baa9aea7a856e', 37, 1, 'mobile', '[]', 0, '2018-05-29 14:27:22', '2018-05-29 14:27:22', '2019-05-29 09:27:22'),
('eac521d38bfb03f0ee626f48ce0bb9f627674c36d9b64948cb8d4136dbc6bb379f420328e0830c2b', 34, 1, 'mobile', '[]', 0, '2018-05-08 14:30:53', '2018-05-08 14:30:53', '2019-05-08 09:30:53'),
('eb47536194580fc7061986a9c52ca243c1966892ea9e1dc8983c40d742dc621455104fa8e29552e0', 18, 1, 'mobile', '[]', 0, '2018-10-14 13:12:04', '2018-10-14 13:12:04', '2019-10-14 06:12:04'),
('eb5160a944eda33b0b2285dc049eeadc19d11b6803ccfc877dd622429c76d436b62c295fe803f6d5', 37, 1, 'mobile', '[]', 0, '2018-05-17 17:01:55', '2018-05-17 17:01:55', '2019-05-17 12:01:55'),
('eb689bed85a80726d71a737f586d2d6ada1af43b05681deb6fabd5e5ca72f6bd718e328a1de75422', 50, 1, 'mobile', '[]', 0, '2018-06-06 15:00:19', '2018-06-06 15:00:19', '2019-06-06 10:00:19'),
('ebc1a92623779843d817b713063dc53c73307dad360aaf7d18e5f91bd3c9f0da8425dd55b3fed91a', 37, 1, 'mobile', '[]', 0, '2018-05-16 11:51:12', '2018-05-16 11:51:12', '2019-05-16 06:51:12'),
('ebc6c82b01e3cacb0aac4b7f4a2aaf0be6e03628981a94302f45bcd253933781b77da694c5cb04b8', 38, 1, 'mobile', '[]', 0, '2018-05-13 13:23:49', '2018-05-13 13:23:49', '2019-05-13 08:23:49'),
('ebe3627c5daa7b72342f14833fcaf07e78f16afa25469712efef9463d6ee1f202b4ff26c52a2f344', 53, 1, 'mobile', '[]', 0, '2018-06-24 14:25:22', '2018-06-24 14:25:22', '2019-06-24 09:25:22'),
('ec0748b7796f99e3df2dda1895b8516232a17f30646d1f7336e0cc65f78a5f6e6c00f620677ef198', 54, 1, 'mobile', '[]', 0, '2018-07-09 22:05:28', '2018-07-09 22:05:28', '2019-07-09 17:05:28'),
('ec6398b2532265441ae9a14b9876421145291b5f6a09ca505b0f92ef9939b75fa410979bfd2d35c8', 37, 1, 'mobile', '[]', 0, '2018-05-17 15:49:14', '2018-05-17 15:49:14', '2019-05-17 10:49:14'),
('ec93abe359e33534dba7bc80f889e90b68b1062854e1327cf540e80f58c613f75452bf9807aa936c', 37, 1, 'mobile', '[]', 0, '2018-06-07 13:48:34', '2018-06-07 13:48:34', '2019-06-07 08:48:34'),
('ece38631fdef2868fb6a23c9dc38b9355a2e54cac7436670f2669fc883b8ad025bcd93ec8e33a2bc', 37, 1, 'mobile', '[]', 0, '2018-05-14 11:16:25', '2018-05-14 11:16:25', '2019-05-14 06:16:25'),
('ecf39d8a4fda30a23a09c6df6b5854fe348cf621cbd5c633eca2869343d06066eaf7bdeb1d1f05ba', 37, 1, 'mobile', '[]', 0, '2018-05-16 14:26:19', '2018-05-16 14:26:19', '2019-05-16 09:26:19'),
('ed325ecbecb7d02e4f3867495c0c7c574e0f4d7c7b8f8c2bc62005d3731e897eee785007520a2f5c', 37, 1, 'mobile', '[]', 0, '2018-05-10 14:03:51', '2018-05-10 14:03:51', '2019-05-10 09:03:51'),
('ed326f618410d57a8c21f13d722f2a64730978f574c36531280c6ffc1088087c6c5bd354435397c3', 37, 1, 'mobile', '[]', 0, '2018-05-13 14:36:49', '2018-05-13 14:36:49', '2019-05-13 09:36:49'),
('ed57e46c1689c96d9d97c81988cb02b29509cc030818ddca137c4a5704ffcf9fb67ae95caf65cf33', 37, 1, 'mobile', '[]', 0, '2018-05-15 12:15:04', '2018-05-15 12:15:04', '2019-05-15 07:15:04'),
('eda1118cdb1078663ef5f37f09faea0d9a33c6acdd1a7c0b8da2a59e5c4d979938f07c3d640e40ed', 32, 1, 'mobile', '[]', 0, '2018-04-30 15:05:34', '2018-04-30 15:05:34', '2019-04-30 10:05:34'),
('edfc436f1d757ddf35fe471b1a55c487785b657e168d8c1d1a676d7329bfc453b486d52180c81ef9', 34, 1, 'mobile', '[]', 0, '2018-04-26 17:15:21', '2018-04-26 17:15:21', '2019-04-26 12:15:21'),
('ee9afd8a4280ecf0d9ae532ed716862e60ee4db8edbace1da94cf594f233ab283fdafaa5a03ea678', 37, 1, 'mobile', '[]', 0, '2018-05-08 15:40:59', '2018-05-08 15:40:59', '2019-05-08 10:40:59'),
('ee9f609e3f68a98cd6b4dede9ed311318fd3bfc63a63498c4bf7bc14afb1ebdb5adb8a83986d3a53', 37, 1, 'mobile', '[]', 0, '2018-05-17 12:19:48', '2018-05-17 12:19:48', '2019-05-17 07:19:48'),
('ef556d433587fc85b1b05b4e66a4068797ba0a5553831075fac7d5e9dbe16705b8e22488eba503b4', 51, 1, 'mobile', '[]', 0, '2018-06-08 07:01:46', '2018-06-08 07:01:46', '2019-06-08 02:01:46'),
('ef675c71805e221dfe68e0fa147d0480ae5c52b23d65e29d59ad0fd3eca9a3c331a4184fe77a136d', 37, 1, 'mobile', '[]', 0, '2018-05-21 14:49:48', '2018-05-21 14:49:48', '2019-05-21 09:49:48'),
('ef79927bbbbf3e18aadcd3c499298cae9c52efb33c112e125c3f6df49e21770a9b1f05aa74b9e32b', 5, 1, 'mobile', '[]', 0, '2018-04-08 10:41:58', '2018-04-08 10:41:58', '2019-04-08 05:41:58'),
('eff6e73fd718e7e04b07c3d7f01783b6d3cbfe30f79c69c4c16560c7571c67964b1c7aac46ff669d', 2, 1, 'mobile', '[]', 0, '2018-09-17 14:40:52', '2018-09-17 14:40:52', '2019-09-17 17:40:52'),
('f0fdaf5117d126950231efd4f5df9fe893925416c1290d2c566d991921702dd732b459c2533cb4ec', 37, 1, 'mobile', '[]', 0, '2018-05-13 14:40:48', '2018-05-13 14:40:48', '2019-05-13 09:40:48'),
('f12c3af03878ca2091846222eea8c150730c8424410363b44cae9f4d14c416cd558dda4dcba4116e', 34, 1, 'mobile', '[]', 0, '2018-04-09 11:04:46', '2018-04-09 11:04:46', '2019-04-09 06:04:46'),
('f133d4cccd7b8f2dce05d7dcc77e636093f884b2f0ea8dec7fb3f75df95701a1193043f8da34fe3b', 37, 1, 'mobile', '[]', 0, '2018-05-10 16:33:30', '2018-05-10 16:33:30', '2019-05-10 11:33:30'),
('f1c5dc79ce6c067ae6b8834ae137dcfd9228ffb1c62917f892efea3a85204d74e8e5b5e96756fba3', 13, 1, 'mobile', '[]', 0, '2018-10-07 17:48:06', '2018-10-07 17:48:06', '2019-10-07 10:48:06'),
('f1d3fa808d4ab51955560e05526ac1ed5070537375b732a602816d957d718122c4dc94983d34b8c4', 37, 1, 'mobile', '[]', 0, '2018-06-11 16:25:56', '2018-06-11 16:25:56', '2019-06-11 11:25:56'),
('f1f29c49e3ef4ba49b37286a14d94b10688d04249f7a32df8c6357376d5170d2086a9d83270b00ef', 27, 1, 'mobile', '[]', 0, '2018-10-18 16:59:08', '2018-10-18 16:59:08', '2019-10-18 09:59:08'),
('f21cf3a9b8706bb8652a55a0584780839da50573c615985ad2ad0d4dec077f63ae0ae72182a92ae8', 37, 1, 'mobile', '[]', 0, '2018-05-17 14:47:59', '2018-05-17 14:47:59', '2019-05-17 09:47:59'),
('f23a21655852403641896050b2222d46a8eb3cc5b5959fdc6ad4115b408e27e8d2907a5dff17f03d', 37, 1, 'mobile', '[]', 0, '2018-05-14 12:19:48', '2018-05-14 12:19:48', '2019-05-14 07:19:48'),
('f27527795293a00202afc52db28a3c479bdbc300a7511cf877e762938730a9aaae2ada2f8e2c100a', 26, 1, 'mobile', '[]', 1, '2018-10-15 18:48:42', '2018-10-15 18:48:42', '2019-10-15 11:48:42'),
('f2b5c4464dde40b04e0a53bc6a4e202b54de89c61ec97fa4084017b017a0b191907060ea98f168e6', 37, 1, 'mobile', '[]', 0, '2018-05-21 14:08:32', '2018-05-21 14:08:32', '2019-05-21 09:08:32'),
('f2d339467f6db5cdd6259792f70543730007af4cdef14251afc4dca20fcfcc698a3af2477bf27ca5', 37, 1, 'mobile', '[]', 0, '2018-05-15 16:23:51', '2018-05-15 16:23:51', '2019-05-15 11:23:51'),
('f2db8302a889dbb022f77c1ce13b8abccf9358db7e850e4c8adb8a22a410f311b3ba09a268ba3221', 26, 1, 'mobile', '[]', 0, '2018-10-15 19:54:16', '2018-10-15 19:54:16', '2019-10-15 12:54:16'),
('f2dec575b26556f03340b5b592c599ed2c1b7a025c8cdc5e7fc564e03c13f5038e4b200286ea0d31', 33, 1, 'mobile', '[]', 0, '2018-05-23 16:37:45', '2018-05-23 16:37:45', '2019-05-23 11:37:45'),
('f392e9ac230887c0ceb7f978876979b1d0a63609717ef6dd5d1a5fc0d902768a3ff2231527017546', 34, 1, 'mobile', '[]', 0, '2018-05-02 17:37:23', '2018-05-02 17:37:23', '2019-05-02 12:37:23'),
('f3e6e2c8ab119201219ebc43345ea8a938d352b44c20b2b321575e7968a9a8c8574b5c35e6ee9722', 37, 1, 'mobile', '[]', 0, '2018-05-09 16:25:45', '2018-05-09 16:25:45', '2019-05-09 11:25:45'),
('f3fa45430bfe85aa5dbc5a71520a7f00dd86e259b77632340679dc97705ae5ccac7f2d5adb68220f', 37, 1, 'mobile', '[]', 0, '2018-05-09 14:21:39', '2018-05-09 14:21:39', '2019-05-09 09:21:39'),
('f41792e9cb5605b1f511b635192e4ee1e3324d3e32c7832f6b56c29936c382881a3d346dc790a0fe', 37, 1, 'mobile', '[]', 0, '2018-05-17 14:39:09', '2018-05-17 14:39:09', '2019-05-17 09:39:09'),
('f48edd3b958e84294c9dc27996bed87676455a7bd85af3387f95912693424d90337dc34256114ab4', 37, 1, 'mobile', '[]', 0, '2018-05-15 14:58:32', '2018-05-15 14:58:32', '2019-05-15 09:58:32'),
('f4d9dc60e1048d85b8de2189e99414400227b875ad31af181a285074b14db26a0619ec4e43488276', 37, 1, 'mobile', '[]', 0, '2018-05-08 14:50:06', '2018-05-08 14:50:06', '2019-05-08 09:50:06'),
('f5654302cf4d9af201268a22029d85da2a01cf8369ae45e30ca58dd6b015f9d73fd0d63c3ddff869', 55, 1, 'mobile', '[]', 0, '2020-09-26 02:52:21', '2020-09-26 02:52:21', '2021-09-26 05:52:21'),
('f56d8a40cad8a7f137380f2fd5013f19e6c4b9c4921dd7e94dc8daedaf4979113ed695f82dba4402', 43, 1, 'mobile', '[]', 0, '2018-10-22 16:11:04', '2018-10-22 16:11:04', '2019-10-22 09:11:04'),
('f5a9f93499055f1d4e455a946554dee1e5fa98baaa545161ea7220c52ec61fa6b0487f22d0b8503e', 32, 1, 'mobile', '[]', 0, '2018-04-08 17:42:17', '2018-04-08 17:42:17', '2019-04-08 12:42:17'),
('f6163deebfdf27a4f45975494612584ec033c831065c432a67f6ccc0363b5cbaf0c17f45cbe56b2d', 37, 1, 'mobile', '[]', 0, '2018-05-08 14:13:58', '2018-05-08 14:13:58', '2019-05-08 09:13:58'),
('f64c754680b73fb68ec7753f4fbbe8899518923cb404ff779ec90e67520b27d2079f1a5c684ef2f6', 37, 1, 'mobile', '[]', 0, '2018-05-29 15:12:28', '2018-05-29 15:12:28', '2019-05-29 10:12:28'),
('f66a32918b2dfdb93a2e30f3fa64f96012a61bc931f4734f9fa8aae9f9431f8ce7e3f04e57516ee6', 37, 1, 'mobile', '[]', 0, '2018-05-20 15:02:45', '2018-05-20 15:02:45', '2019-05-20 10:02:45'),
('f6b860da886739cb39844d732d4aefa28ac8eba483481c1461ab5fb162710dcae35f80195c43aa93', 37, 1, 'mobile', '[]', 0, '2018-05-16 17:17:37', '2018-05-16 17:17:37', '2019-05-16 12:17:37'),
('f70e1cf764c530b6d9659e41d32bc18a0d2eb2652aa751fd1a22ee5a035f7a9224d1ed72f1e4c875', 51, 1, 'mobile', '[]', 0, '2018-06-08 07:06:34', '2018-06-08 07:06:34', '2019-06-08 02:06:34'),
('f734a1c991a3425b305a6bdcd371305c9dfe59bc4de9629d2c875a00559238fad0ea24f186765582', 18, 1, 'mobile', '[]', 1, '2018-10-14 16:11:09', '2018-10-14 16:11:09', '2019-10-14 09:11:09'),
('f8365b88c9daa160e1e6d83ecd8719125ddc29643c527e2a01129ddd314291f56e71216f4f5ef61a', 37, 1, 'mobile', '[]', 0, '2018-05-14 16:11:41', '2018-05-14 16:11:41', '2019-05-14 11:11:41'),
('f86202f0025ae272bcc3e8f97e8538c024c64a8c01ed45f71cef86636ef30d0b6ae6129930aabe34', 18, 1, 'mobile', '[]', 1, '2018-10-14 15:41:40', '2018-10-14 15:41:40', '2019-10-14 08:41:40'),
('f8c20340fada3b6b7cc7f2dd543b4009aa0a26f271d6d0b08208bc0cc22c89951544761acbc9193f', 37, 1, 'mobile', '[]', 0, '2018-05-20 16:13:04', '2018-05-20 16:13:04', '2019-05-20 11:13:04'),
('f8d95af45c9c4b6fc65aa84f767671cb55d9babbbba6f58a59d6f012ce19db6a544f1c666c258529', 37, 1, 'mobile', '[]', 0, '2018-05-10 10:54:07', '2018-05-10 10:54:07', '2019-05-10 05:54:07'),
('f9097a3210595dd1091a993ab47423551b058a1729c9e27fadbdade1be954275ddd40096e277529b', 27, 1, 'mobile', '[]', 0, '2018-10-14 18:42:21', '2018-10-14 18:42:21', '2019-10-14 11:42:21'),
('f945ffacb33358009f4f92bd4372375e447df9d2c7deee9550a859f3def068adafd914f1478d9ba8', 31, 1, 'mobile', '[]', 1, '2018-10-18 17:28:11', '2018-10-18 17:28:11', '2019-10-18 10:28:11'),
('f94d6dcaef9162f1f892f5b9bb486830ec1a426ce8d0c6addd041148846ad1123491aa9854736152', 37, 1, 'mobile', '[]', 0, '2018-05-10 13:45:19', '2018-05-10 13:45:19', '2019-05-10 08:45:19'),
('f96f9a000d62ae10dc136974e6282e4529caf76315280203a6f233e2696f8015f1ce4d20684d7698', 15, 1, 'mobile', '[]', 0, '2018-10-11 18:57:52', '2018-10-11 18:57:52', '2019-10-11 11:57:52'),
('f9f948d62039d6f422fce8d6958cdc3a71379784954c819243ddbd53d214c83ff46a1b752810e0fd', 37, 1, 'mobile', '[]', 0, '2018-05-16 13:46:21', '2018-05-16 13:46:21', '2019-05-16 08:46:21'),
('fa08e5179b69bd49ad271fb20c6aa265a7f43982d6290fb7ce43b610ec3178b0b75b7ddbaaca4d97', 27, 1, 'mobile', '[]', 0, '2018-10-22 15:31:54', '2018-10-22 15:31:54', '2019-10-22 08:31:54'),
('fa3d1ed17fa549c675884029af08fe54e896e2f34cc192d5f2727f25cddd32624f85d89c0bdac5eb', 34, 1, 'mobile', '[]', 0, '2018-04-26 17:26:02', '2018-04-26 17:26:02', '2019-04-26 12:26:02'),
('fa796af678e3621947cfbf82b1be07ea1588285a2e63f4bf5e3b471dcc3637e7fa44daf833481216', 54, 1, 'mobile', '[]', 0, '2018-07-09 19:02:30', '2018-07-09 19:02:30', '2019-07-09 14:02:30'),
('fadd206bc9d4f55f63216e98c88f69c11b285065301d007a00a2274de3bab0f700bf635602635a96', 32, 1, 'mobile', '[]', 0, '2018-04-08 16:30:52', '2018-04-08 16:30:52', '2019-04-08 11:30:52'),
('fb12309060779c0b2e72828f1fb968a61f53e1ed16911283df79a1a9b7e6ff415408a87492d282cb', 37, 1, 'mobile', '[]', 0, '2018-05-20 16:12:03', '2018-05-20 16:12:03', '2019-05-20 11:12:03'),
('fb44a8bde53451721372fdb881771727249e0eaaf30fc0e34dfe59f51810ae4435fc3459b5a55afd', 37, 1, 'mobile', '[]', 0, '2018-05-17 16:24:20', '2018-05-17 16:24:20', '2019-05-17 11:24:20'),
('fb45a3de0a390e709eb20caa96184f726ad0143489712def08de2cabee8cb85a3631d06cc1437fb8', 26, 1, 'mobile', '[]', 0, '2018-10-14 17:13:37', '2018-10-14 17:13:37', '2019-10-14 10:13:37'),
('fb63d2c95bf02ddd6deb55502dc64a744f6d377dec0d2415f8eaba2d3ed4ae1c5c88e79dfc50a2cf', 37, 1, 'mobile', '[]', 0, '2018-05-10 16:11:59', '2018-05-10 16:11:59', '2019-05-10 11:11:59'),
('fb89f2146e4b6f0ab097b129304388e7122ed724a934b0b7ccc4a77c2d31cd26f5df58a8d07244c0', 1, 1, 'mobile', '[]', 0, '2018-10-15 19:39:50', '2018-10-15 19:39:50', '2019-10-15 12:39:50'),
('fbba1d951d9d762a985feaa1388411b257ffb674b146cf64dd31d3825714429c5c1f66455c293fa5', 33, 1, 'mobile', '[]', 0, '2018-06-06 16:46:27', '2018-06-06 16:46:27', '2019-06-06 11:46:27'),
('fbc527a3bd0df07f625551ee572dc848caa08a4eb63433780a473e81e4f1b1094308e5c6f37d2871', 37, 1, 'mobile', '[]', 0, '2018-05-20 18:50:20', '2018-05-20 18:50:20', '2019-05-20 13:50:20'),
('fc97169554fa15bc1697b093f4d7bc052ff12002f977ef55d779d9bb7ddea4b28e0da5cb0441f681', 37, 1, 'mobile', '[]', 0, '2018-05-21 17:45:19', '2018-05-21 17:45:19', '2019-05-21 12:45:19'),
('fcbbe4cc70b5a16ac68217294fceeaa1b1b4ed7b51b60ad9c4cacdd1955d1dcb946c97208f6942f5', 37, 1, 'mobile', '[]', 0, '2018-05-28 13:40:37', '2018-05-28 13:40:37', '2019-05-28 08:40:37'),
('fd7cfb1d231ba2d6e9a938472fc2b1ace85febdfb8ec5f4764b6144bf574fe1d33d09062a28efbd1', 37, 1, 'mobile', '[]', 0, '2018-05-09 16:44:26', '2018-05-09 16:44:26', '2019-05-09 11:44:26'),
('fd9908b3f5873021d7074f55301ef614afb259f27fba43d574dd7009175dbc92ad27e175a9adc9a4', 34, 1, 'mobile', '[]', 0, '2018-05-30 16:36:29', '2018-05-30 16:36:29', '2019-05-30 11:36:29'),
('fd9e9804a54c47e7965849d57a35fc7a9c1c4adebb25a4702926c04af96ed8e0f95391049d186f95', 37, 1, 'mobile', '[]', 0, '2018-05-16 17:32:45', '2018-05-16 17:32:45', '2019-05-16 12:32:45'),
('fdb279619a824c18baca502a890afe7801716f9b6fb91e52a8b662befb7a02f6b9e9526c81fe2303', 37, 1, 'mobile', '[]', 0, '2018-05-17 12:12:50', '2018-05-17 12:12:50', '2019-05-17 07:12:50'),
('fdc1aa42ef5d777d23bb39f7c505c76451276c8b099adcabc253798a79c1c337257ab04a13db7b91', 37, 1, 'mobile', '[]', 0, '2018-05-29 14:31:50', '2018-05-29 14:31:50', '2019-05-29 09:31:50'),
('fdffa57c24dd895e2c0a1fa403c4d2b9345a479f11a91484084cf3a8f633b9ba2fdec8293ad62a2f', 26, 1, 'mobile', '[]', 0, '2018-10-15 17:08:26', '2018-10-15 17:08:26', '2019-10-15 10:08:26'),
('ffb71658e162baf27439a8b4ec4c6b5ee35068401005bffbadfbab2419656ef42836eee99ff5a96f', 37, 1, 'mobile', '[]', 0, '2018-05-22 16:22:50', '2018-05-22 16:22:50', '2019-05-22 11:22:50');

-- --------------------------------------------------------

--
-- Table structure for table `oauth_auth_codes`
--

CREATE TABLE `oauth_auth_codes` (
  `id` varchar(100) COLLATE utf8mb4_unicode_ci NOT NULL,
  `user_id` int(11) NOT NULL,
  `client_id` int(11) NOT NULL,
  `scopes` text COLLATE utf8mb4_unicode_ci,
  `revoked` tinyint(1) NOT NULL,
  `expires_at` datetime DEFAULT NULL
) ENGINE=InnoDB DEFAULT CHARSET=utf8mb4 COLLATE=utf8mb4_unicode_ci;

-- --------------------------------------------------------

--
-- Table structure for table `oauth_clients`
--

CREATE TABLE `oauth_clients` (
  `id` int(10) UNSIGNED NOT NULL,
  `user_id` int(11) DEFAULT NULL,
  `name` varchar(191) COLLATE utf8mb4_unicode_ci NOT NULL,
  `secret` varchar(100) COLLATE utf8mb4_unicode_ci NOT NULL,
  `redirect` text COLLATE utf8mb4_unicode_ci NOT NULL,
  `personal_access_client` tinyint(1) NOT NULL,
  `password_client` tinyint(1) NOT NULL,
  `revoked` tinyint(1) NOT NULL,
  `created_at` timestamp NULL DEFAULT NULL,
  `updated_at` timestamp NULL DEFAULT NULL
) ENGINE=InnoDB DEFAULT CHARSET=utf8mb4 COLLATE=utf8mb4_unicode_ci;

--
-- Dumping data for table `oauth_clients`
--

INSERT INTO `oauth_clients` (`id`, `user_id`, `name`, `secret`, `redirect`, `personal_access_client`, `password_client`, `revoked`, `created_at`, `updated_at`) VALUES
(1, NULL, 'Laravel Personal Access Client', 'b5R7r18pfp92zTbIeNbcAEUnUOKAFj4RF26OQBQ9', 'http://localhost', 1, 0, 0, '2018-04-04 05:12:13', '2018-04-04 05:12:13'),
(2, NULL, 'Laravel Password Grant Client', '8FeNSQNGX4ImJ1IScKBaEi1XzD76DFIifSRBjn9j', 'http://localhost', 0, 1, 0, '2018-04-04 05:12:13', '2018-04-04 05:12:13');

-- --------------------------------------------------------

--
-- Table structure for table `oauth_personal_access_clients`
--

CREATE TABLE `oauth_personal_access_clients` (
  `id` int(10) UNSIGNED NOT NULL,
  `client_id` int(11) NOT NULL,
  `created_at` timestamp NULL DEFAULT NULL,
  `updated_at` timestamp NULL DEFAULT NULL
) ENGINE=InnoDB DEFAULT CHARSET=utf8mb4 COLLATE=utf8mb4_unicode_ci;

--
-- Dumping data for table `oauth_personal_access_clients`
--

INSERT INTO `oauth_personal_access_clients` (`id`, `client_id`, `created_at`, `updated_at`) VALUES
(1, 1, '2018-04-04 05:12:13', '2018-04-04 05:12:13');

-- --------------------------------------------------------

--
-- Table structure for table `oauth_refresh_tokens`
--

CREATE TABLE `oauth_refresh_tokens` (
  `id` varchar(100) COLLATE utf8mb4_unicode_ci NOT NULL,
  `access_token_id` varchar(100) COLLATE utf8mb4_unicode_ci NOT NULL,
  `revoked` tinyint(1) NOT NULL,
  `expires_at` datetime DEFAULT NULL
) ENGINE=InnoDB DEFAULT CHARSET=utf8mb4 COLLATE=utf8mb4_unicode_ci;

-- --------------------------------------------------------

--
-- Table structure for table `orders`
--

CREATE TABLE `orders` (
  `id` int(11) NOT NULL,
  `user_id` int(11) NOT NULL,
  `technical_id` varchar(225) COLLATE utf8_unicode_ci DEFAULT NULL,
  `order_technical_id` varchar(225) COLLATE utf8_unicode_ci DEFAULT NULL,
  `category_id` varchar(11) COLLATE utf8_unicode_ci NOT NULL,
  `title` varchar(255) COLLATE utf8_unicode_ci DEFAULT NULL,
  `image` varchar(225) COLLATE utf8_unicode_ci DEFAULT NULL,
  `name` varchar(225) COLLATE utf8_unicode_ci NOT NULL,
  `mobile` varchar(20) COLLATE utf8_unicode_ci NOT NULL,
  `email` varchar(225) COLLATE utf8_unicode_ci NOT NULL,
  `address` varchar(225) COLLATE utf8_unicode_ci NOT NULL,
  `description` text COLLATE utf8_unicode_ci,
  `price` varchar(225) COLLATE utf8_unicode_ci DEFAULT NULL,
  `type` varchar(255) COLLATE utf8_unicode_ci DEFAULT NULL,
  `status` int(11) NOT NULL DEFAULT '0',
  `payed` int(11) NOT NULL DEFAULT '0',
  `response` text COLLATE utf8_unicode_ci,
  `created_at` timestamp NOT NULL DEFAULT CURRENT_TIMESTAMP,
  `updated_at` timestamp NULL DEFAULT NULL,
  `deleted_at` timestamp NULL DEFAULT NULL
) ENGINE=InnoDB DEFAULT CHARSET=utf8 COLLATE=utf8_unicode_ci;

--
-- Dumping data for table `orders`
--

INSERT INTO `orders` (`id`, `user_id`, `technical_id`, `order_technical_id`, `category_id`, `title`, `image`, `name`, `mobile`, `email`, `address`, `description`, `price`, `type`, `status`, `payed`, `response`, `created_at`, `updated_at`, `deleted_at`) VALUES
(1, 55, '55', '4', '2', 'hi problem describe now test notification', 'uploads/order/5f211d26216dd.jpeg', 'momohamedhddd', '+970599895357', 'mohamed@gmail.com', 'address describe', 'qwqw', NULL, 'order', 1, 1, NULL, '2020-07-29 03:54:30', '2020-08-01 07:44:41', NULL),
(2, 55, NULL, NULL, '2', 'hi problem describe now test notification', 'uploads/order/5f211d3cb42ff.jpeg', 'momohamedhddd', '+970599895357', 'mohamed@gmail.com', 'address describe', 'qwqw', NULL, 'mazad', 0, 0, NULL, '2020-07-29 03:54:52', '2020-07-29 03:54:52', NULL),
(3, 55, NULL, NULL, '2', 'hi problem describe now test notification', NULL, 'momohamedhdddq', '+970599895357', 'mohamed@gmail.com', 'address describe', 'qwqw', NULL, 'mazad', 0, 0, NULL, '2020-09-11 15:52:44', '2020-09-11 15:52:44', NULL),
(4, 55, NULL, NULL, '2', 'hi problem describe now test notification', NULL, 'momohamedhdddq', '+970599895357', 'mohamed@gmail.com', 'address describe', 'qwqw', NULL, 'mazad', 0, 0, NULL, '2020-09-11 15:53:20', '2020-09-11 15:53:20', NULL),
(5, 55, NULL, NULL, '2', 'hi problem describe now test notification', NULL, 'momohamedhdddq', '+970599895357', 'mohamed@gmail.com', 'address describe', 'qwqw', NULL, 'mazad', 0, 0, NULL, '2020-09-11 15:54:15', '2020-09-11 15:54:15', NULL),
(6, 55, NULL, NULL, '2', 'hi problem describe now test notification', NULL, 'momohamedhdddq', '+970599895357', 'mohamed@gmail.com', 'address describe', 'qwqw', NULL, 'mazad', 0, 0, NULL, '2020-09-11 15:54:43', '2020-09-11 15:54:43', NULL),
(7, 55, NULL, NULL, '2', 'hi problem describe now test notification', NULL, 'momohamedhdddq', '+970599895357', 'mohamed@gmail.com', 'address describe', 'qwqw', NULL, 'mazad', 0, 0, NULL, '2020-09-11 15:55:04', '2020-09-11 15:55:04', NULL),
(8, 55, NULL, NULL, '2', 'hi problem describe now test notification', NULL, 'momohamedhdddq', '+970599895357', 'mohamed@gmail.com', 'address describe', 'qwqw', NULL, 'mazad', 0, 0, NULL, '2020-09-11 15:56:10', '2020-09-11 15:56:10', NULL),
(9, 55, NULL, NULL, '2', 'hi problem describe now test notification', NULL, 'momohamedhdddq', '+970599895357', 'mohamed@gmail.com', 'address describe', 'qwqw', NULL, 'mazad', 0, 0, NULL, '2020-09-11 15:56:32', '2020-09-11 15:56:32', NULL),
(10, 55, NULL, NULL, '2', 'hi problem describe now test notification', NULL, 'momohamedhdddq', '+970599895357', 'mohamed@gmail.com', 'address describe', 'qwqw', NULL, 'mazad', 0, 0, NULL, '2020-09-11 16:12:13', '2020-09-11 16:12:13', NULL),
(11, 55, NULL, NULL, '2', 'hi problem describe now test notification', NULL, 'momohamedhdddq', '+970599895357', 'mohamed@gmail.com', 'address describe', 'qwqw', NULL, 'mazad', 0, 0, NULL, '2020-09-11 16:12:25', '2020-09-11 16:12:25', NULL),
(12, 55, NULL, NULL, '2', 'hi problem describe now test notification', NULL, 'momohamedhdddq', '+970599895357', 'mohamed@gmail.com', 'address describe', 'qwqw', NULL, 'mazad', 0, 0, NULL, '2020-09-11 16:17:50', '2020-09-11 16:17:50', NULL),
(13, 55, NULL, NULL, '2', 'hi problem describe now test notification', NULL, 'momohamedhdddq', '+970599895357', 'mohamed@gmail.com', 'address describe', 'qwqw', NULL, 'mazad', 0, 0, NULL, '2020-09-11 16:18:09', '2020-09-11 16:18:09', NULL),
(14, 55, NULL, NULL, '2', 'hi problem describe now test notification', NULL, 'momohamedhdddq', '+970599895357', 'mohamed@gmail.com', 'address describe', 'qwqw', NULL, 'mazad', 0, 0, NULL, '2020-09-11 16:18:29', '2020-09-11 16:18:29', NULL),
(15, 56, NULL, NULL, '', NULL, NULL, 'qwf', '98785746', 'ekfj@g.com', '', NULL, '10', NULL, 0, 0, NULL, '2020-12-18 17:42:59', '2020-12-18 17:42:59', NULL),
(16, 56, NULL, NULL, '', NULL, NULL, 'qwf', '98785746', 'ekfj@g.com', '', NULL, '10', NULL, 0, 0, NULL, '2020-12-18 17:43:23', '2020-12-18 17:43:23', NULL),
(17, 56, NULL, NULL, '', NULL, NULL, 'qwf', '98785746', 'ekfj@g.com', '', NULL, '10', NULL, 0, 0, NULL, '2020-12-18 17:44:08', '2020-12-18 17:44:08', NULL),
(18, 56, NULL, NULL, '', NULL, NULL, 'qwf', '98785746', 'ekfj@g.com', '', NULL, '10', NULL, 0, 0, NULL, '2020-12-18 18:03:24', '2020-12-18 18:03:24', NULL),
(19, 56, NULL, NULL, '', NULL, NULL, 'qwf', '98785746', 'ekfj@g.com', '', NULL, '10', NULL, 0, 0, NULL, '2020-12-18 18:03:59', '2020-12-18 18:03:59', NULL),
(20, 56, NULL, NULL, '', NULL, NULL, 'qwf', '98785746', 'ekfj@g.com', '', NULL, '10', NULL, 0, 0, NULL, '2020-12-18 18:12:45', '2020-12-18 18:12:45', NULL),
(21, 56, NULL, NULL, '', NULL, NULL, 'qwf', '98785746', 'ekfj@g.com', '', NULL, '10', NULL, 0, 0, NULL, '2020-12-18 18:12:54', '2020-12-18 18:12:54', NULL),
(22, 56, NULL, NULL, '', NULL, NULL, 'qwf', '98785746', 'ekfj@g.com', '', NULL, '10', NULL, 0, 0, NULL, '2021-01-02 07:13:15', '2021-01-02 07:13:15', NULL),
(23, 56, NULL, NULL, '', NULL, NULL, 'qwf', '98785746', 'ekfj@g.com', '', NULL, '10', NULL, 0, 0, NULL, '2021-01-02 07:14:07', '2021-01-02 07:14:07', NULL),
(24, 56, NULL, NULL, '', NULL, NULL, 'qwf', '98785746', 'ekfj@g.com', '', NULL, '10', NULL, 0, 0, NULL, '2021-01-02 07:14:09', '2021-01-02 07:14:09', NULL),
(25, 56, NULL, NULL, '', NULL, NULL, 'qwf', '98785746', 'ekfj@g.com', '', NULL, '10', NULL, 0, 0, NULL, '2021-01-02 07:14:45', '2021-01-02 07:14:45', NULL),
(26, 56, NULL, NULL, '', NULL, NULL, 'qwf', '98785746', 'ekfj@g.com', '', NULL, '10', NULL, 0, 0, NULL, '2021-01-02 07:15:37', '2021-01-02 07:15:37', NULL),
(27, 56, NULL, NULL, '', NULL, NULL, 'qwf', '98785746', 'ekfj@g.com', '', NULL, '10', NULL, 0, 0, NULL, '2021-01-07 15:25:40', '2021-01-07 15:25:40', NULL);

-- --------------------------------------------------------

--
-- Table structure for table `orders_technical`
--

CREATE TABLE `orders_technical` (
  `id` int(11) NOT NULL,
  `technical_id` varchar(25) COLLATE utf8_unicode_ci NOT NULL,
  `order_id` varchar(11) COLLATE utf8_unicode_ci NOT NULL,
  `price` varchar(25) COLLATE utf8_unicode_ci DEFAULT NULL,
  `status` int(11) NOT NULL DEFAULT '0',
  `created_at` timestamp NOT NULL DEFAULT CURRENT_TIMESTAMP,
  `updated_at` timestamp NULL DEFAULT NULL,
  `deleted_at` timestamp NULL DEFAULT NULL
) ENGINE=InnoDB DEFAULT CHARSET=utf8 COLLATE=utf8_unicode_ci;

--
-- Dumping data for table `orders_technical`
--

INSERT INTO `orders_technical` (`id`, `technical_id`, `order_id`, `price`, `status`, `created_at`, `updated_at`, `deleted_at`) VALUES
(4, '55', '1', '400', 1, '2020-07-29 05:00:32', '2020-08-01 07:44:42', NULL),
(5, '55', '1', '300', 0, '2020-08-01 10:34:12', NULL, NULL);

-- --------------------------------------------------------

--
-- Table structure for table `pages`
--

CREATE TABLE `pages` (
  `id` int(11) NOT NULL,
  `image` varchar(225) COLLATE utf8mb4_unicode_ci NOT NULL,
  `view` int(11) NOT NULL DEFAULT '0',
  `created_at` timestamp NOT NULL DEFAULT CURRENT_TIMESTAMP,
  `updated_at` timestamp NULL DEFAULT NULL,
  `deleted_at` timestamp NULL DEFAULT NULL
) ENGINE=InnoDB DEFAULT CHARSET=utf8mb4 COLLATE=utf8mb4_unicode_ci;

--
-- Dumping data for table `pages`
--

INSERT INTO `pages` (`id`, `image`, `view`, `created_at`, `updated_at`, `deleted_at`) VALUES
(1, 'fgegefg.jpg', 0, '2018-09-18 10:00:38', NULL, NULL),
(2, 'fgegefg.jpg', 0, '2018-09-18 10:00:41', NULL, NULL),
(3, 'gdflhb.png', 0, '2018-09-18 10:00:50', NULL, NULL);

-- --------------------------------------------------------

--
-- Table structure for table `page_translations`
--

CREATE TABLE `page_translations` (
  `id` int(11) NOT NULL,
  `page_id` int(11) NOT NULL,
  `locale` varchar(11) COLLATE utf8mb4_unicode_ci NOT NULL,
  `title` varchar(225) COLLATE utf8mb4_unicode_ci NOT NULL,
  `slug` varchar(225) COLLATE utf8mb4_unicode_ci NOT NULL,
  `description` varchar(225) COLLATE utf8mb4_unicode_ci NOT NULL,
  `key_words` varchar(225) COLLATE utf8mb4_unicode_ci NOT NULL,
  `created_at` timestamp NOT NULL DEFAULT CURRENT_TIMESTAMP,
  `updated_at` timestamp NULL DEFAULT NULL,
  `deleted_at` timestamp NULL DEFAULT NULL
) ENGINE=InnoDB DEFAULT CHARSET=utf8mb4 COLLATE=utf8mb4_unicode_ci;

--
-- Dumping data for table `page_translations`
--

INSERT INTO `page_translations` (`id`, `page_id`, `locale`, `title`, `slug`, `description`, `key_words`, `created_at`, `updated_at`, `deleted_at`) VALUES
(1, 1, 'en', 'AboutUs', 'about-us', '<p style=\"text-align:center\"><strong>About Us</strong></p>\r\n', 'AboutUs', '2018-09-18 10:01:22', NULL, NULL),
(2, 1, 'ar', 'من نحن', 'about-us', '<p style=\"text-align:center\"><strong>About Us</strong></p>\r\n', 'AboutUs', '2018-09-18 10:01:25', NULL, NULL),
(3, 2, 'en', 'Privacy Policy', 'privacy-policy', '<p style=\"text-align:center\"><strong>About Us</strong></p>\r\n', 'Privacy Policy', '2018-09-18 10:01:41', NULL, NULL),
(4, 2, 'ar', 'سياسات الاستخدام', 'privacy-policy', '<p style=\"text-align:center\"><strong>About Us</strong></p>\r\n', 'Privacy Policy', '2018-09-18 10:01:43', NULL, NULL),
(5, 3, 'en', 'Terms Of Use', 'terms-of-use', '<p style=\"text-align:center\"><strong>About Us</strong></p>\r\n', 'Terms Of Use', '2018-09-18 10:35:50', NULL, NULL),
(6, 3, 'ar', 'شروط الاستخدام', 'terms-of-use', '<p style=\"text-align:center\"><strong>About Us</strong></p>\r\n', 'Terms Of Use', '2018-09-18 10:35:53', NULL, NULL);

-- --------------------------------------------------------

--
-- Table structure for table `password_resets`
--

CREATE TABLE `password_resets` (
  `email` varchar(191) COLLATE utf8_unicode_ci NOT NULL,
  `token` varchar(191) COLLATE utf8_unicode_ci NOT NULL,
  `created_at` timestamp NOT NULL DEFAULT CURRENT_TIMESTAMP
) ENGINE=MyISAM DEFAULT CHARSET=utf8 COLLATE=utf8_unicode_ci;

--
-- Dumping data for table `password_resets`
--

INSERT INTO `password_resets` (`email`, `token`, `created_at`) VALUES
('ali@gmail.com', '$2y$10$yurfUedG1Dqq0fWx/Csx8O/SDC2RUyeinpZqf5N866CVDKCYZ381i', '2018-04-09 13:29:58'),
('oo@oo.com', '$2y$10$466U4.nBioi4QQTChrjYueGqrhgRarV.P/SKANjtePzl00nxYivfy', '2018-06-11 16:36:46'),
('asd@asd.com', '$2y$10$/Xf.FssewFdnPzQhi1sfN.dfYoUNPo0Rwg3PzqpUwrQTObArr2dNm', '2018-06-12 15:55:47'),
('emadtraner@gmail.com', '$2y$10$JtftGR.GGloKC3lPx9l/zOLvu/BYgAejM5NS/7pz37E2zqJ682MZO', '2018-07-05 14:30:01'),
('nnn@nnn.nnn', '$2y$10$ntHzK8T2q6mwXcBjr9ISTusCGwK5qQdGsfrJglykgr0XuInsxWsN6', '2018-10-11 16:17:50'),
('zezoorose45@gmail.com', '$2y$10$nzervCFVjYQrRXIyglXiV.Hx8Kdzl5qNDrHmmiTAYg3t9rTblzWDK', '2018-10-20 22:04:04'),
('mohamed.alijla@gmail.com', '$2y$10$DrnnJqbyd/n9Qgjael1Z6O9sBmvOAWn/j3COJGoQcyvX8KSYNTZlC', '2018-10-21 14:27:18'),
('ttt@tyt.ttt', '$2y$10$vGtkoun0p7a1qxNpwE8r7u4MESAxx3Kf071YIqF3KIzKoyaeMx6AG', '2018-10-22 15:30:52');

-- --------------------------------------------------------

--
-- Table structure for table `rates`
--

CREATE TABLE `rates` (
  `id` int(11) NOT NULL,
  `user_id` int(11) NOT NULL,
  `technical_id` int(11) NOT NULL,
  `rate` int(11) NOT NULL,
  `status` int(11) DEFAULT '0',
  `created_at` timestamp NOT NULL DEFAULT CURRENT_TIMESTAMP,
  `updated_at` timestamp NOT NULL DEFAULT '0000-00-00 00:00:00',
  `deleted_at` timestamp NULL DEFAULT NULL
) ENGINE=InnoDB DEFAULT CHARSET=utf8 COLLATE=utf8_unicode_ci;

--
-- Dumping data for table `rates`
--

INSERT INTO `rates` (`id`, `user_id`, `technical_id`, `rate`, `status`, `created_at`, `updated_at`, `deleted_at`) VALUES
(6, 55, 2, 3, 0, '2020-07-29 05:32:21', '2020-07-29 05:32:21', NULL);

-- --------------------------------------------------------

--
-- Table structure for table `settings`
--

CREATE TABLE `settings` (
  `id` int(10) UNSIGNED NOT NULL,
  `url` varchar(255) COLLATE utf8mb4_unicode_ci NOT NULL,
  `logo` varchar(255) COLLATE utf8mb4_unicode_ci NOT NULL,
  `admin_email` varchar(255) COLLATE utf8mb4_unicode_ci DEFAULT NULL,
  `app_store_url` varchar(255) COLLATE utf8mb4_unicode_ci DEFAULT NULL,
  `play_store_url` varchar(255) COLLATE utf8mb4_unicode_ci DEFAULT NULL,
  `info_email` varchar(255) COLLATE utf8mb4_unicode_ci DEFAULT NULL,
  `mobile` varchar(20) COLLATE utf8mb4_unicode_ci DEFAULT NULL,
  `phone` varchar(20) COLLATE utf8mb4_unicode_ci DEFAULT NULL,
  `facebook` varchar(255) COLLATE utf8mb4_unicode_ci DEFAULT NULL,
  `twitter` varchar(255) COLLATE utf8mb4_unicode_ci DEFAULT NULL,
  `linked_in` varchar(255) COLLATE utf8mb4_unicode_ci DEFAULT NULL,
  `instagram` varchar(255) COLLATE utf8mb4_unicode_ci DEFAULT NULL,
  `google_plus` varchar(255) COLLATE utf8mb4_unicode_ci DEFAULT NULL,
  `distance` varchar(11) COLLATE utf8mb4_unicode_ci DEFAULT NULL,
  `subscribe` varchar(255) COLLATE utf8mb4_unicode_ci DEFAULT NULL,
  `paginate` int(255) DEFAULT NULL,
  `latitude` varchar(255) COLLATE utf8mb4_unicode_ci DEFAULT NULL,
  `longitude` varchar(255) COLLATE utf8mb4_unicode_ci DEFAULT NULL,
  `image` varchar(255) COLLATE utf8mb4_unicode_ci DEFAULT NULL,
  `vedio` varchar(225) COLLATE utf8mb4_unicode_ci NOT NULL,
  `note` varchar(255) COLLATE utf8mb4_unicode_ci DEFAULT NULL,
  `created_at` timestamp NULL DEFAULT NULL,
  `updated_at` timestamp NULL DEFAULT NULL
) ENGINE=InnoDB DEFAULT CHARSET=utf8mb4 COLLATE=utf8mb4_unicode_ci;

--
-- Dumping data for table `settings`
--

INSERT INTO `settings` (`id`, `url`, `logo`, `admin_email`, `app_store_url`, `play_store_url`, `info_email`, `mobile`, `phone`, `facebook`, `twitter`, `linked_in`, `instagram`, `google_plus`, `distance`, `subscribe`, `paginate`, `latitude`, `longitude`, `image`, `vedio`, `note`, `created_at`, `updated_at`) VALUES
(1, 'http://suppliers.com/?region=-1&area=0', '5f52460db7fd9.png', 'mahmoud@linekw.com', 'https://www.apple.com/ios/app-store/', 'https://play.google.com/store?hl=en', 'info@suppliers.org', '9647712020420', '9647712020420', 'https://www.facebook.com/suppliers/?ref=bookmarks', 'https://www.Twitter.com/suppliers', 'https://www.facebook.com/suppliers', 'https://www.instagram.com/suppliers/', 'https://www.google.com/suppliers', '500', '60', 15, '33.3536884', '44.357568000000015', '5f5231979d189.png', 'https://www.youtube.com/embed/aBiYiymg_sk', NULL, NULL, '2020-09-04 10:50:05');

-- --------------------------------------------------------

--
-- Table structure for table `setting_translations`
--

CREATE TABLE `setting_translations` (
  `id` int(10) UNSIGNED NOT NULL,
  `setting_id` int(11) NOT NULL,
  `locale` varchar(191) COLLATE utf8mb4_unicode_ci NOT NULL,
  `title` varchar(255) COLLATE utf8mb4_unicode_ci NOT NULL,
  `address` varchar(255) COLLATE utf8mb4_unicode_ci NOT NULL,
  `description` text COLLATE utf8mb4_unicode_ci NOT NULL,
  `key_words` text COLLATE utf8mb4_unicode_ci NOT NULL,
  `how_it_work` text COLLATE utf8mb4_unicode_ci,
  `created_at` timestamp NULL DEFAULT NULL,
  `updated_at` timestamp NULL DEFAULT NULL
) ENGINE=InnoDB DEFAULT CHARSET=utf8mb4 COLLATE=utf8mb4_unicode_ci;

--
-- Dumping data for table `setting_translations`
--

INSERT INTO `setting_translations` (`id`, `setting_id`, `locale`, `title`, `address`, `description`, `key_words`, `how_it_work`, `created_at`, `updated_at`) VALUES
(1, 1, 'en', 'Suppliers', 'Saudia - Riyad', 'S A Leading Mobile Application That Can Help You To Book Your Maintenance Services, And Civil Works In Less Than A Minute. All What You Need Is To Submit A Request Through The Web Application For The Job You Want To Be Done In Your Home Or Office, And Will Connect You With Qualified (Venders) From Trusted Local Professionals. We Use Technology To Deliver High-quality Enjaze To Save Your Time And Money.', 'Suppliers', 'Dsadv', NULL, '2020-09-04 09:22:10'),
(2, 1, 'ar', 'مزودين', 'السعودية - الرياض', 'صمم ونفذ هذا التطبيق من قبل شركة دقة الانجاز للخدمات والصيانة العامة ...انجاز  مفهوم جديد و متطور في ادارة خدمات الصيانة المتنوعة ، حيث تستخدم تكنلوجيا المعلومات في ادارة و تنسيق العلاقة بين مزود الخدمة و الزبون من خلال تطبيق انجاز الموجود على المتاجر الالكترونية و التي تتيح للعميل الحفاظ على ممتلكاته من الابنية و الاجهزه و توفر له الجهد وتقلل  الكلفة و متابعتها اسبوعيا و شهريا ،. و تعمل شركتنا في جميع انحاء العراق و باستخدام مجموعة منتخبة من مجهزي الخدمة المعتمدين و التي ندعوك للاضمام اليها و تحاول جاهدة ان تقدم خدمة متميزة للموسسات الحكومية و القطاع الخاص ، من ابنية و مستشفيات و جامعات ...الخ  ولمزيد من المعلومات يرجى الاتصال بشركتنا على الهاتف المسجل في ايكونة اتصل بنا والذين يرغبون بتصميم وتنفيذ التطبيقات الالكترونية في شتى المجالات', 'مزودين', 'كيف يعمل التطبيق', NULL, '2020-09-04 09:19:46');

-- --------------------------------------------------------

--
-- Table structure for table `sliders`
--

CREATE TABLE `sliders` (
  `id` int(11) NOT NULL,
  `type` int(11) NOT NULL,
  `image` varchar(300) COLLATE utf8_unicode_ci NOT NULL,
  `status` enum('active','not_active') COLLATE utf8_unicode_ci NOT NULL DEFAULT 'active',
  `created_at` timestamp NOT NULL DEFAULT CURRENT_TIMESTAMP,
  `updated_at` timestamp NOT NULL DEFAULT '0000-00-00 00:00:00',
  `deleted_at` timestamp NULL DEFAULT NULL
) ENGINE=InnoDB DEFAULT CHARSET=utf8 COLLATE=utf8_unicode_ci;

--
-- Dumping data for table `sliders`
--

INSERT INTO `sliders` (`id`, `type`, `image`, `status`, `created_at`, `updated_at`, `deleted_at`) VALUES
(1, 1, 'uploads/images/sliders/IAJcLV4eGjwGXFAAKVhTDbyZRJpbyd4LQk4N99PU.png', 'active', '2018-04-10 10:07:04', '2018-05-08 14:25:19', NULL),
(2, 2, 'uploads/clinic/5ac1d20f95e99.jpg', 'active', '2018-04-15 12:13:35', '2018-05-08 16:26:06', '2018-05-08 16:26:06'),
(3, 2, 'uploads/clinic/5ac1d20f95e99.jpg', 'active', '2018-04-24 08:12:20', '2018-05-08 16:27:03', '2018-05-08 16:27:03'),
(4, 1, 'uploads/images/sliders/zhqX4NZSp0YedG2Ze69RUbJSZ88c9LMDNSPD6437.jpeg', 'active', '2018-05-08 14:26:05', '2018-05-08 14:26:05', NULL),
(5, 1, 'uploads/images/sliders/vc3kxYR8qh5zI7DtUMpnlKqyAzgbwJsZokxwXpkz.png', 'active', '2018-05-08 14:26:16', '2018-05-08 14:26:16', NULL),
(6, 2, 'uploads/images/sliders/Abi2AhEUVRiZFgiwVyol2MTA09gMjLUSqObJD62k.jpeg', 'active', '2018-05-08 14:26:48', '2018-05-08 14:26:48', NULL),
(7, 1, 'uploads/images/sliders/xSYRoO4r3I3xLaSoV70MpxGARzNQoM52AQY8Cbc2.png', 'active', '2018-05-08 14:26:58', '2018-06-07 13:23:54', NULL),
(8, 1, 'uploads/images/sliders/MbtihfK4WgicPXo8xUcJvxCVu30MUPgRhWmInGrb.png', 'active', '2018-06-07 13:20:03', '2018-09-27 14:22:10', NULL);

-- --------------------------------------------------------

--
-- Table structure for table `slider_translations`
--

CREATE TABLE `slider_translations` (
  `id` int(11) NOT NULL,
  `slider_id` int(11) NOT NULL,
  `locale` varchar(300) COLLATE utf8_unicode_ci NOT NULL,
  `title` varchar(300) COLLATE utf8_unicode_ci NOT NULL,
  `created_at` timestamp NOT NULL DEFAULT CURRENT_TIMESTAMP,
  `updated_at` timestamp NOT NULL DEFAULT '0000-00-00 00:00:00',
  `deleted_at` timestamp NULL DEFAULT NULL
) ENGINE=InnoDB DEFAULT CHARSET=utf8 COLLATE=utf8_unicode_ci;

--
-- Dumping data for table `slider_translations`
--

INSERT INTO `slider_translations` (`id`, `slider_id`, `locale`, `title`, `created_at`, `updated_at`, `deleted_at`) VALUES
(1, 1, 'en', 'Dacsfvsdvb', '2018-04-10 10:07:04', '2018-04-10 10:07:04', NULL),
(2, 1, 'ar', 'Sfvsfbfdsbdbfd', '2018-04-10 10:07:04', '2018-04-10 10:07:04', NULL),
(3, 2, 'en', 'Wwwwwwww', '2018-04-15 12:13:35', '2018-04-15 12:15:38', NULL),
(4, 2, 'ar', 'Sssssssss', '2018-04-15 12:13:35', '2018-04-15 12:13:35', NULL),
(5, 3, 'en', 'efsfs', '2018-04-24 08:12:44', '0000-00-00 00:00:00', NULL),
(6, 3, 'ar', 'efsfs', '2018-04-24 08:12:47', '0000-00-00 00:00:00', NULL),
(7, 4, 'en', 'Qawseg', '2018-05-08 14:26:05', '2018-05-08 14:26:05', NULL),
(8, 4, 'ar', 'Asdfghj', '2018-05-08 14:26:05', '2018-05-08 14:26:05', NULL),
(9, 5, 'en', 'Qawsrty', '2018-05-08 14:26:16', '2018-05-08 14:26:16', NULL),
(10, 5, 'ar', 'Awse', '2018-05-08 14:26:16', '2018-05-08 14:26:16', NULL),
(11, 6, 'en', 'Waeuh', '2018-05-08 14:26:48', '2018-05-08 14:26:48', NULL),
(12, 6, 'ar', 'Wash', '2018-05-08 14:26:48', '2018-05-08 14:26:48', NULL),
(13, 7, 'en', 'Qewaru', '2018-05-08 14:26:58', '2018-05-08 14:26:58', NULL),
(14, 7, 'ar', 'Asejkl', '2018-05-08 14:26:58', '2018-05-08 14:26:58', NULL),
(15, 8, 'en', 'World Cup', '2018-06-07 13:20:03', '2018-06-07 13:20:03', NULL),
(16, 8, 'ar', 'World Cup', '2018-06-07 13:20:03', '2018-06-07 13:20:03', NULL);

-- --------------------------------------------------------

--
-- Table structure for table `subadmins`
--

CREATE TABLE `subadmins` (
  `id` int(10) UNSIGNED NOT NULL,
  `name` varchar(191) COLLATE utf8mb4_unicode_ci NOT NULL,
  `email` varchar(191) COLLATE utf8mb4_unicode_ci NOT NULL,
  `image` varchar(300) COLLATE utf8mb4_unicode_ci DEFAULT NULL,
  `mobile` varchar(30) COLLATE utf8mb4_unicode_ci NOT NULL,
  `password` varchar(191) COLLATE utf8mb4_unicode_ci NOT NULL,
  `remember_token` varchar(100) COLLATE utf8mb4_unicode_ci DEFAULT NULL,
  `created_at` timestamp NULL DEFAULT NULL,
  `updated_at` timestamp NULL DEFAULT NULL,
  `deleted_at` timestamp NULL DEFAULT NULL
) ENGINE=InnoDB DEFAULT CHARSET=utf8mb4 COLLATE=utf8mb4_unicode_ci ROW_FORMAT=COMPACT;

--
-- Dumping data for table `subadmins`
--

INSERT INTO `subadmins` (`id`, `name`, `email`, `image`, `mobile`, `password`, `remember_token`, `created_at`, `updated_at`, `deleted_at`) VALUES
(1, 'subadmin', 'sub@sub.sub', 'uploads/users/5b16433b54a44.jpeg', '3678326', '$2y$10$Dfrvq3PHOAq9q9gPFvfuY.Beg1ztEM3p65C8i4/JsV/PRLgaH8huG', 'moRDBRQAwM2IJknf4PwrnurlE3TOv6riEZUtLNytljC4PhPz4RA5wZlgAX3W', NULL, '2018-06-05 05:00:59', NULL),
(4, 'ali', 'ali@gmail.com', 'uploads/users/5b3b6cd849925.jpg', '123564654', '$2y$10$iR9U9pvnU9cV0fQ80ptDwO6KoEyTYRiRM8r4mddQxpUTmf80csX36', 'gXsp9Csr0FS1fZRgn5W25QyEP2AprQcKuBigLdSy3P4QifsjTLC2hhWHrhIf', '2018-07-03 17:32:24', '2018-07-03 17:32:24', NULL),
(6, 'mazen', 'm@gmail.com', NULL, '435', '$2y$10$7cvT4ivRhDgKILGB8EZq5uY8y0xUwMYVQA7XQ70QxfbNnwRJVRWqm', 'VOVbDE706W0R32EwZFmPR92sngFNiLw4ukaxVFbNLPI3s1JGoVnmTRCiXQpG', '2018-07-05 14:22:32', '2018-07-05 14:22:32', NULL);

-- --------------------------------------------------------

--
-- Table structure for table `subadmin_password_resets`
--

CREATE TABLE `subadmin_password_resets` (
  `email` varchar(191) COLLATE utf8_unicode_ci NOT NULL,
  `token` varchar(191) COLLATE utf8_unicode_ci NOT NULL,
  `created_at` timestamp NOT NULL DEFAULT CURRENT_TIMESTAMP
) ENGINE=MyISAM DEFAULT CHARSET=utf8 COLLATE=utf8_unicode_ci;

-- --------------------------------------------------------

--
-- Table structure for table `subcategory_companies`
--

CREATE TABLE `subcategory_companies` (
  `id` int(11) NOT NULL,
  `company_id` int(11) NOT NULL,
  `subcategory_id` int(11) NOT NULL,
  `created_at` timestamp NOT NULL DEFAULT CURRENT_TIMESTAMP,
  `updated_at` timestamp NULL DEFAULT NULL
) ENGINE=InnoDB DEFAULT CHARSET=utf8mb4 COLLATE=utf8mb4_unicode_ci;

--
-- Dumping data for table `subcategory_companies`
--

INSERT INTO `subcategory_companies` (`id`, `company_id`, `subcategory_id`, `created_at`, `updated_at`) VALUES
(7, 2, 4, '2018-07-25 02:56:55', '2018-07-25 02:56:55'),
(8, 2, 5, '2018-07-25 02:56:55', '2018-07-25 02:56:55'),
(11, 1, 1, '2018-07-25 05:07:19', '2018-07-25 05:07:19'),
(12, 1, 2, '2018-07-25 05:07:19', '2018-07-25 05:07:19'),
(13, 3, 6, '2018-07-25 08:05:57', '2018-07-25 08:05:57'),
(14, 3, 7, '2018-07-25 08:05:57', '2018-07-25 08:05:57');

-- --------------------------------------------------------

--
-- Table structure for table `tokens`
--

CREATE TABLE `tokens` (
  `id` int(11) NOT NULL,
  `user_id` int(11) NOT NULL,
  `token` text COLLATE utf8_unicode_ci NOT NULL,
  `type` varchar(225) COLLATE utf8_unicode_ci NOT NULL,
  `accept` int(11) NOT NULL DEFAULT '1',
  `created_at` timestamp NOT NULL DEFAULT CURRENT_TIMESTAMP,
  `updated_at` timestamp NULL DEFAULT NULL
) ENGINE=MyISAM DEFAULT CHARSET=utf8 COLLATE=utf8_unicode_ci;

--
-- Dumping data for table `tokens`
--

INSERT INTO `tokens` (`id`, `user_id`, `token`, `type`, `accept`, `created_at`, `updated_at`) VALUES
(3, 25, 'eNHcngXt4gQ:APA91bGh_CTe6Z4iuWGpHrMmFIOzbc1Pea-SRktJBHn2pVnPEGezErY6oOl9nzgVmtOZ-Q_JC3xcY4X4A9RL7pwl3fT5q-NS1tM3lW8Vk49dbIyx4rZPOnz7ozzuFtZhiqS0Bf1A3zpf', 'android', 1, '2018-10-17 14:35:05', '2018-10-17 14:35:05'),
(4, 23, 'cQGJ96uXRSGPCPg-YIHBkl:APA91bGzzi82XYV3e7w1L2BmIEGxr0NCwztpvRd-f61GPaPwAGBP45e54ImDtyuydtqSt1mcsR_UD-rEektNTV-tAWLfu9iC5qZi4ZyMGfA85G1uJaKOKitgE5mR9uJsvUlej8fkkyr5', 'android', 1, '2018-10-17 16:43:53', '2018-10-17 16:43:53'),
(29, 41, 'eBN4ceciS62Y3Ery62f1Gp:APA91bGJTLzvXp4RDXBHidQbtfVi-ni1NqXy8ilVH644Qu5CEQRJQbdH-mxPslv12cYy-WhGgIyOB7YrlO40bi3KfrxHNpLhfBJtX47yReGOhj2sLNYmnF_0r12IUTgzRJcsjd3ezv5E', 'android', 1, '2018-10-18 22:53:19', '2018-10-18 22:53:19'),
(45, 42, 'fYKlemW_Sdur7vwIe0IMFf:APA91bEAGVzJjuD2fYRycz7vChfvGrlJ_2P4TqVOEVSxrn-HZO4hTSosM52cH0NqW873iPO61JnAT2qgj7QEFo4Dm2wFDM1Dir9VNZFYeSkhl3gtKY8m-pLChRQLQV86WpbyjNy33FNo', 'ios', 1, '2018-10-21 17:20:13', '2018-10-21 17:20:13');

-- --------------------------------------------------------

--
-- Table structure for table `transactions`
--

CREATE TABLE `transactions` (
  `id` int(11) NOT NULL,
  `user_id` int(11) DEFAULT NULL,
  `order_id` int(11) DEFAULT NULL,
  `amount` int(11) DEFAULT NULL,
  `type` varchar(255) COLLATE utf8_unicode_ci DEFAULT NULL,
  `available` int(11) NOT NULL DEFAULT '0',
  `status` varchar(255) COLLATE utf8_unicode_ci DEFAULT NULL,
  `created_at` timestamp NOT NULL DEFAULT CURRENT_TIMESTAMP,
  `updated_at` timestamp NULL DEFAULT NULL,
  `deleted_at` timestamp NULL DEFAULT NULL
) ENGINE=InnoDB DEFAULT CHARSET=utf8 COLLATE=utf8_unicode_ci;

--
-- Dumping data for table `transactions`
--

INSERT INTO `transactions` (`id`, `user_id`, `order_id`, `amount`, `type`, `available`, `status`, `created_at`, `updated_at`, `deleted_at`) VALUES
(1, 55, 2, 50, 'r', 0, '0', '2020-08-22 05:24:32', NULL, NULL),
(2, 55, 1, 30, 'w', 0, '0', '2020-08-22 05:24:37', NULL, NULL),
(3, 55, NULL, 100, 'r', 1, '0', '2020-08-22 05:37:13', NULL, NULL),
(4, 55, NULL, 20, 'w', 1, '0', '2020-08-22 05:37:20', NULL, NULL);

-- --------------------------------------------------------

--
-- Table structure for table `users`
--

CREATE TABLE `users` (
  `id` int(10) UNSIGNED NOT NULL,
  `name` varchar(191) COLLATE utf8mb4_unicode_ci DEFAULT NULL,
  `email` varchar(191) COLLATE utf8mb4_unicode_ci DEFAULT NULL,
  `profile_image` varchar(300) COLLATE utf8mb4_unicode_ci DEFAULT NULL,
  `mobile` varchar(30) COLLATE utf8mb4_unicode_ci DEFAULT NULL,
  `password` varchar(191) COLLATE utf8mb4_unicode_ci DEFAULT NULL,
  `remember_token` varchar(100) COLLATE utf8mb4_unicode_ci DEFAULT NULL,
  `admin` int(11) NOT NULL DEFAULT '0',
  `department` int(11) DEFAULT NULL,
  `city` int(11) DEFAULT NULL,
  `code` varchar(11) COLLATE utf8mb4_unicode_ci DEFAULT NULL,
  `verification` int(11) NOT NULL DEFAULT '0',
  `status` enum('active','not_active') COLLATE utf8mb4_unicode_ci NOT NULL DEFAULT 'not_active',
  `status2` enum('new','not_new') COLLATE utf8mb4_unicode_ci NOT NULL DEFAULT 'new',
  `rate` varchar(11) COLLATE utf8mb4_unicode_ci DEFAULT '0',
  `created_at` timestamp NULL DEFAULT NULL,
  `updated_at` timestamp NULL DEFAULT NULL,
  `deleted_at` timestamp NULL DEFAULT NULL
) ENGINE=InnoDB DEFAULT CHARSET=utf8mb4 COLLATE=utf8mb4_unicode_ci ROW_FORMAT=COMPACT;

--
-- Dumping data for table `users`
--

INSERT INTO `users` (`id`, `name`, `email`, `profile_image`, `mobile`, `password`, `remember_token`, `admin`, `department`, `city`, `code`, `verification`, `status`, `status2`, `rate`, `created_at`, `updated_at`, `deleted_at`) VALUES
(1, 'momohamedhddd', 'mohamed.alijlqwa@gmail.com', 'uploads/users/5ba0c7abefccd.jpeg', '+97059989332235357', '$2y$10$9M7aeix/EM.jX3pzzMfFUuyJ7s9.nG3gwOokkMSmId5Ff3OVoaaCq', NULL, 0, NULL, NULL, '1111', 1, 'not_active', 'new', '', '2018-09-18 05:36:54', '2018-10-14 13:14:53', NULL),
(2, 'sabri', 'sabri@gmail.com', 'uploads/users/5ba0c71c6bdd3.jpeg', '+970599895355', '$2y$10$xB.E67OjI0bjdEELCtphBuNwiGqv2bF8IUipyS961XlXhtQnlASXi', NULL, 1, NULL, NULL, '1111', 2, 'not_active', 'new', '3.0000', '2018-09-18 06:36:28', '2018-10-04 13:49:42', NULL),
(6, 'ali', 'ali@gmail.com', 'uploads/users/5baa06e7abf3b.png', '+970599895333', '$2y$10$hFRa2DtaZXyDRAfZ4wE9FuRoX5sfh0lEL20hV1PB435NKyinkZyYG', NULL, 1, NULL, NULL, '1111', 2, 'not_active', 'new', '4.0000', '2018-09-18 08:05:24', '2018-10-04 13:49:28', NULL),
(8, 'rami', 'rami@g.com', NULL, '23455343456', '$2y$10$aq9FItgv1duAt/XXPViWheGnlJvnDkkRgpSpvl4TCF4LNLhhXsxrW', NULL, 0, NULL, NULL, '1111', 0, 'not_active', 'new', '0', '2018-09-25 04:27:18', '2018-09-27 14:53:35', NULL),
(9, 'rrr', 'rai@g.com', NULL, '+9642345534345', '$2y$10$m3L9DEcXX3WrBP46Bk29i.02Sml1B1tFe2t0X4AwpIiMQMz6KiybC', NULL, 1, NULL, NULL, '1111', 2, 'not_active', 'new', '0', '2018-03-25 07:13:16', '2018-09-25 07:13:16', NULL),
(10, 'ss', 'ss@g.com', NULL, '7346587346', '$2y$10$LfnG18sv8NaPeQBDEtfC0OdWMm3X/Ac7XIv6.eSDdCHcdZjkWjcse', NULL, 1, NULL, NULL, '1111', 2, 'not_active', 'new', '0', '2018-09-25 07:14:19', '2018-10-04 13:25:55', NULL),
(11, 'iMustafa', 'qq@ww.ee', 'uploads/users/5bac978f5de3b.jpeg', '+964000000000', '$2y$10$JkeYDLVqsWuDoPeJh6.Il.FO2fIXYUV59vV2eMQp8mzBTsX8Oh1Ke', NULL, 0, NULL, NULL, '1111', 3, 'not_active', 'new', '0', '2018-09-27 15:40:47', '2018-10-04 14:22:05', NULL),
(12, 'iMo', 'aaa@aaa.aaa', 'uploads/users/5bb9b5340b4d8.jpeg', '+964111111111', '$2y$10$wNcli/RdjMT6Ht8/35wo7u43lmhlUBMCTrbFC0qZx0MctduAaBc3G', NULL, 0, NULL, NULL, '1111', 1, 'not_active', 'new', '0', '2018-10-07 14:26:44', '2018-10-07 14:26:50', NULL),
(13, 'Tester', 'www@wee.eee', 'uploads/users/5bb9df6c509b4.jpeg', '+964222222222', '$2y$10$/sdBXhFO9hhUJQ5p0RtLI.QZtBiOfoRkq6gT9a8g7KlVErk1znac2', NULL, 1, NULL, NULL, '1111', 2, 'not_active', 'new', '0', '2018-10-07 17:26:52', '2018-10-07 17:27:05', NULL),
(14, 'TestTech', 'qwe@qwe.qwe', 'uploads/users/5bb9e7968886a.jpeg', '+964555555555', '$2y$10$UXdHp1Rc1/oznCKQKv21Dub6V23sKbMaeqKlmbwmSjF3onWeDMz4K', NULL, 1, NULL, NULL, '1111', 2, 'not_active', 'new', '0', '2018-10-07 18:01:42', '2018-10-08 19:18:53', NULL),
(15, 'test customer', 'qqabbb@bbb.bbb', 'uploads/users/5bbb4e45e06ed.jpeg', '+964666666666', '$2y$10$STWhqOphuJ73pMs4PZ3KgOBPuUvtJ1Ju/87LQN0Q3jcTMZTxNeCHu', NULL, 0, NULL, NULL, '1111', 1, 'not_active', 'new', '0', '2018-10-08 19:32:06', '2018-10-10 14:57:47', NULL),
(16, 'ahmed idhair123', 'a@a.com', NULL, '9647501234567', '$2y$10$QM61b5qZPETPFiaBbnMkV.mBYKXOvf1nLRo0qqQO3hCf5pYPIplKy', NULL, 0, NULL, NULL, '1111', 1, 'not_active', 'new', '0', '2018-10-09 15:47:07', '2018-10-10 15:06:54', NULL),
(17, 'ali', 'ali@gm2ail.com', NULL, '+9705998953332', '$2y$10$tdRfKHVJ4b.yIUFmwiuUJ.vpZbO.8DjdE96vVUc4Dv5UDGxoDq01i', NULL, 1, NULL, NULL, '1111', 2, 'not_active', 'new', '0', '2018-10-10 18:25:59', '2018-10-10 18:26:27', NULL),
(18, 'Ahmed Idhair', 'ahmed@gmail.com', 'uploads/users/5bbdf5266143a.jpg', '+9647507654321', '$2y$10$VnpgaI3E.BYEDSC7cHmwCO9mqnITi4GOIcrNk5QZRxL0bynU6O2b2', NULL, 1, NULL, NULL, '1111', 2, 'not_active', 'new', '0', '2018-10-10 19:48:38', '2018-10-14 16:25:59', NULL),
(19, 'inin', 'k.l.llb.higi@guv.jv', NULL, '+9646086868686', '$2y$10$9l9Ds9bnVppPqDyjV3hkO.6NmKGUCWQ4MZUBPvcxIdDmUdA9n5iJK', NULL, 0, NULL, NULL, '1111', 1, 'not_active', 'new', '0', '2018-10-11 14:51:26', '2018-10-11 14:51:34', NULL),
(20, 'iMostafa', 'nnn@nnn.nnn', NULL, '+964444444444', '$2y$10$nhSr7hs0ey3LlBBsGgNOa.tld05QsT/9BRj9FzXN4cUQeQlCvuUY.', NULL, 0, NULL, NULL, '1111', 1, 'not_active', 'new', '0', '2018-10-11 15:03:48', '2018-10-11 15:04:47', NULL),
(21, 'Elissa', 'info@mostafa.com', NULL, '+964111444777', '$2y$10$AtC7ycpytlxPWX.ubCdG8uwe4HraHUsh/hE8brc/SZpJnfs.dGzDG', NULL, 1, NULL, NULL, '1111', 2, 'not_active', 'new', '0', '2018-10-11 19:16:52', '2018-10-11 19:17:08', NULL),
(22, 'Mostafa C', 'qee@wgg.hhf', NULL, '+964222555888', '$2y$10$3pXz.NxR.PRiLA3uvm46t.8ycvWyNYIsCmcE3Uk8fxsImsrGmY2bK', NULL, 0, NULL, NULL, '1111', 1, 'not_active', 'new', '0', '2018-10-11 19:18:18', '2018-10-11 19:18:23', NULL),
(23, 'Mostafa H', 'ghv@ufuc.hh', 'uploads/users/5bbf3fee75c73.jpeg', '+964333666999', '$2y$10$dXOF61VwYBewVIFqM7hAqunz27.KRjNsEntc2aTcdp3Xq49qi5FDq', NULL, 1, NULL, NULL, '1111', 2, 'not_active', 'new', '0', '2018-10-11 19:19:58', '2018-10-11 19:20:12', NULL),
(24, 'محمد نافذ', 'eng.fsifes@gmail.com', NULL, '+964111222333', '$2y$10$nXkD1KP8urwWiOMMJ0.KDeZD06SHZpfqLct5taDwy/7eXe4oSx5GK', NULL, 0, NULL, NULL, '1111', 1, 'not_active', 'new', '0', '2018-10-11 20:06:04', '2018-10-11 20:06:13', NULL),
(25, 'محمد احمد', 'ttt@ttt.ttt', NULL, '+964555333666', '$2y$10$J9wbsOnuzOJAer4CXDjsw.yVFE7lLtBYC/FZlL71BX4HgwSEg7Axi', NULL, 0, NULL, NULL, '1111', 1, 'not_active', 'new', '0', '2018-10-11 20:23:46', '2018-10-11 20:23:53', NULL),
(26, 'Mostafa iOSs', 'zzz@zzz.zzz', 'uploads/users/5bc5dd8db165d.jpg', '+964777777777', '$2y$10$V1BmckBVDK4dFBuIx0xagu0e6C64hO71Lx0hc23/azsY6XN3Dvsfy', NULL, 1, NULL, NULL, '1111', 2, 'not_active', 'new', '5.0000', '2018-10-14 13:34:03', '2018-10-16 19:46:05', NULL),
(27, 'Test customer', 'ttt@tyt.ttt', NULL, '+964888888888', '$2y$10$zhkwGfqKV47cZezPdCwXhOP6WviJdctA/cmgQ44AaHwNX5L3oRqd2', NULL, 0, NULL, NULL, '1111', 1, 'not_active', 'new', '3.0000', '2018-10-14 15:58:57', '2018-10-21 17:39:49', NULL),
(28, 'iCustomer', 'mmm@mmm.mmm', NULL, '+964999999999', '$2y$10$tTD6cHL9U5jMSmx7mY7C6OMc92cD5WO3b5VAaBREd2Rdsj3j6cY1S', NULL, 0, NULL, NULL, '1111', 1, 'not_active', 'new', '0', '2018-10-16 16:11:53', '2018-10-16 16:11:57', NULL),
(29, 'iTechnical', 'ioo@oii.ooo', NULL, '+964333333333', '$2y$10$yb5v6JpXfQOJql7DX3FEVeMvZrEPO8IBe2AFzU8GiTsDmJqWwWLte', NULL, 1, NULL, NULL, '1111', 2, 'not_active', 'new', '0', '2018-10-16 16:14:15', '2018-10-16 16:14:20', NULL),
(30, 'ahmed idhair', 'gg@gg.com', 'uploads/users/5bc5e6e709818.jpg', '+9647509632587', '$2y$10$EEDEFFVAFvRUIemzXU3hJuGm9eTorTerIqvZ1dxxqzAdljNh.rnli', NULL, 1, NULL, NULL, '1111', 2, 'not_active', 'new', '0', '2018-10-16 20:25:59', '2018-10-16 20:26:05', NULL),
(31, 'علي جمال', 'alijamalsami2016@gmail.com', 'uploads/users/5bc5f65e1b2d7.jpg', '+9647800987300', '$2y$10$VZ6X4QebTbNjpZFuPOnrcOluY40B7MfmqkIfer2hr.1rBdTZB8c82', NULL, 1, NULL, NULL, '1111', 2, 'not_active', 'new', '0', '2018-10-16 21:17:57', '2018-10-18 17:20:05', NULL),
(33, 'ممىات', 'hdhdjdjdh@gmail.com', 'uploads/users/5bc837bc187f6.jpg', '+9647737431079', '$2y$10$LIiY4DBvmTtarVIfK0BZQO91AU8X6xSgA3bP8y9/fc.GaQT0wpM5O', NULL, 1, NULL, NULL, '1111', 2, 'not_active', 'new', '0', '2018-10-18 14:35:24', '2018-10-18 14:35:52', NULL),
(34, 'علي', 'zezorose45@gmail.com', NULL, '+9647712523655', '$2y$10$dKKSlUjimKpem.xIl4UMWuR03myF/txWkVfMewO60UykLbxQ5v62C', NULL, 0, NULL, NULL, '1111', 1, 'not_active', 'new', '0', '2018-10-18 17:23:12', '2018-10-18 17:23:17', NULL),
(35, 'samer', 'sameer66_4@yahoo.com', NULL, '+9647700106000', '$2y$10$OAZXimzoPhmDW5IW8uWk4.PQyz3HeizT0OEcq/rm02iXz4Ol.JVtm', NULL, 0, NULL, NULL, '1111', 1, 'not_active', 'new', '0', '2018-10-18 17:50:18', '2018-10-18 17:50:49', NULL),
(36, 'zina', 'zezoorose45@gmail.com', NULL, '+9647740455092', '$2y$10$2QzIYuqK4L2uXMQ8EPZEF.N8q6IHLs1vD769pQDffd20a1zYOz3y6', NULL, 0, NULL, NULL, '1111', 1, 'not_active', 'new', '5.0000', '2018-10-18 18:06:21', '2018-10-18 21:34:53', NULL),
(37, 'مقداد حياوي', 'mokdad_rahman@yahoo.com', NULL, '+9647740458197', '$2y$10$PLdUhcS9JYz5WETrBjXyJOyhI8eqtPjs5L0yPYGEt6BcnVuiK0IS.', NULL, 0, NULL, NULL, '1111', 1, 'not_active', 'new', '2.0000', '2018-10-18 23:38:54', '2018-10-20 14:54:07', NULL),
(38, 'ibrahim sameer', 'baljoumaily@yahoo.com', NULL, '+9647717056711', '$2y$10$b6FXyaQnHlIkuy/sjtk6ROAndiMHHPkcFIhFQZ3IaqyEoe3o8H/dm', NULL, 0, NULL, NULL, '1111', 1, 'not_active', 'new', '0', '2018-10-19 01:13:22', '2018-10-19 01:13:41', NULL),
(39, 'maryam abo reghef', 'cosha1996@yahoo.com', NULL, '+9647506599705', '$2y$10$J8CaqMwKLM6t8qrMytewxeRki1/JiF1Ce2dWcQqIynnuXeUS0rOUm', NULL, 0, NULL, NULL, '1111', 1, 'not_active', 'new', '0', '2018-10-19 04:41:09', '2018-10-19 04:41:26', NULL),
(40, 'زينه', 'zezoore45@gmail.com', 'uploads/users/5f523f50a7442.png', '+9647902632252', '$2y$10$9T6neM7VH5sOtN32rr1uyuIYp59S6OefgMNc2gDhxWqfy4Z.QGLze', NULL, 1, 8, NULL, '1111', 2, 'not_active', 'not_new', '0', '2018-10-20 21:09:58', '2020-09-04 10:24:43', NULL),
(41, 'ibrahim', 'ibrahimlolis@yahoo.com', NULL, '+9647733345729', '$2y$10$xlr7yHCiTCzsLrbNQ1fb3OogP3tAh73Fhu7uEWwN7EvSUA7IeGkTC', NULL, 0, NULL, NULL, '1111', 1, 'not_active', 'not_new', '0', '2018-10-20 23:40:02', '2020-09-29 08:31:58', NULL),
(42, 'دامر', 'ramezadnan4@gmail.com', NULL, '+964112233445', '$2y$10$ZuMiOIvq61OmFUpwe0mv.Ow51pNWFeIA5LsAqlf9zd/4JkZf2R5Nm', NULL, 0, NULL, NULL, '1111', 1, 'not_active', 'not_new', '0', '2018-10-21 14:20:58', '2020-09-04 09:47:22', NULL),
(55, 'momohamedhdddq', 'mohamed@gmail.com', 'uploads/users/5f205221891ab.png', '+970599895357', '$2y$10$gqDpTxs0dhGLn2lBhTgjxumVm8IrvLNRFjTa81Mp1QfNRZGQTSQyi', NULL, 0, 2, 2, '1111', 0, 'active', 'not_new', '0', '2020-07-27 11:11:09', '2020-09-04 10:00:25', NULL),
(56, 'mohamed', 'moh@gmail.com', NULL, '+970499372953', '$2y$10$ogHcUpyaF2sEYObNwJPzbemp9ncaZyBhANYz2HuJjlGoKR4W2ytm2', NULL, 0, 1, 1, '1111', 0, 'not_active', 'new', '0', '2020-12-18 17:31:17', '2020-12-18 17:31:17', NULL);

--
-- Indexes for dumped tables
--

--
-- Indexes for table `admins`
--
ALTER TABLE `admins`
  ADD PRIMARY KEY (`id`),
  ADD UNIQUE KEY `users_email_unique` (`email`);

--
-- Indexes for table `ads`
--
ALTER TABLE `ads`
  ADD PRIMARY KEY (`id`);

--
-- Indexes for table `ads_translations`
--
ALTER TABLE `ads_translations`
  ADD PRIMARY KEY (`id`);

--
-- Indexes for table `advertisement_us`
--
ALTER TABLE `advertisement_us`
  ADD PRIMARY KEY (`id`);

--
-- Indexes for table `attatchments`
--
ALTER TABLE `attatchments`
  ADD PRIMARY KEY (`id`);

--
-- Indexes for table `categories`
--
ALTER TABLE `categories`
  ADD PRIMARY KEY (`id`);

--
-- Indexes for table `category_translations`
--
ALTER TABLE `category_translations`
  ADD PRIMARY KEY (`id`);

--
-- Indexes for table `cities`
--
ALTER TABLE `cities`
  ADD PRIMARY KEY (`id`);

--
-- Indexes for table `city_translations`
--
ALTER TABLE `city_translations`
  ADD PRIMARY KEY (`id`);

--
-- Indexes for table `contacts`
--
ALTER TABLE `contacts`
  ADD PRIMARY KEY (`id`);

--
-- Indexes for table `currencies`
--
ALTER TABLE `currencies`
  ADD PRIMARY KEY (`id`);

--
-- Indexes for table `currency_translations`
--
ALTER TABLE `currency_translations`
  ADD PRIMARY KEY (`id`);

--
-- Indexes for table `department_users`
--
ALTER TABLE `department_users`
  ADD PRIMARY KEY (`id`);

--
-- Indexes for table `favourites`
--
ALTER TABLE `favourites`
  ADD PRIMARY KEY (`id`);

--
-- Indexes for table `helps`
--
ALTER TABLE `helps`
  ADD PRIMARY KEY (`id`);

--
-- Indexes for table `help_translations`
--
ALTER TABLE `help_translations`
  ADD PRIMARY KEY (`id`);

--
-- Indexes for table `lands`
--
ALTER TABLE `lands`
  ADD PRIMARY KEY (`id`);

--
-- Indexes for table `land_translations`
--
ALTER TABLE `land_translations`
  ADD PRIMARY KEY (`id`);

--
-- Indexes for table `languages`
--
ALTER TABLE `languages`
  ADD PRIMARY KEY (`id`);

--
-- Indexes for table `language_translations`
--
ALTER TABLE `language_translations`
  ADD PRIMARY KEY (`id`);

--
-- Indexes for table `migrations`
--
ALTER TABLE `migrations`
  ADD PRIMARY KEY (`id`);

--
-- Indexes for table `notification_firbase`
--
ALTER TABLE `notification_firbase`
  ADD PRIMARY KEY (`id`);

--
-- Indexes for table `notification_message`
--
ALTER TABLE `notification_message`
  ADD PRIMARY KEY (`id`);

--
-- Indexes for table `oauth_access_tokens`
--
ALTER TABLE `oauth_access_tokens`
  ADD PRIMARY KEY (`id`),
  ADD KEY `oauth_access_tokens_user_id_index` (`user_id`);

--
-- Indexes for table `oauth_auth_codes`
--
ALTER TABLE `oauth_auth_codes`
  ADD PRIMARY KEY (`id`);

--
-- Indexes for table `oauth_clients`
--
ALTER TABLE `oauth_clients`
  ADD PRIMARY KEY (`id`),
  ADD KEY `oauth_clients_user_id_index` (`user_id`);

--
-- Indexes for table `oauth_personal_access_clients`
--
ALTER TABLE `oauth_personal_access_clients`
  ADD PRIMARY KEY (`id`),
  ADD KEY `oauth_personal_access_clients_client_id_index` (`client_id`);

--
-- Indexes for table `oauth_refresh_tokens`
--
ALTER TABLE `oauth_refresh_tokens`
  ADD PRIMARY KEY (`id`),
  ADD KEY `oauth_refresh_tokens_access_token_id_index` (`access_token_id`);

--
-- Indexes for table `orders`
--
ALTER TABLE `orders`
  ADD PRIMARY KEY (`id`);

--
-- Indexes for table `orders_technical`
--
ALTER TABLE `orders_technical`
  ADD PRIMARY KEY (`id`);

--
-- Indexes for table `pages`
--
ALTER TABLE `pages`
  ADD PRIMARY KEY (`id`);

--
-- Indexes for table `page_translations`
--
ALTER TABLE `page_translations`
  ADD PRIMARY KEY (`id`);

--
-- Indexes for table `rates`
--
ALTER TABLE `rates`
  ADD PRIMARY KEY (`id`);

--
-- Indexes for table `settings`
--
ALTER TABLE `settings`
  ADD PRIMARY KEY (`id`);

--
-- Indexes for table `setting_translations`
--
ALTER TABLE `setting_translations`
  ADD PRIMARY KEY (`id`);

--
-- Indexes for table `sliders`
--
ALTER TABLE `sliders`
  ADD PRIMARY KEY (`id`);

--
-- Indexes for table `slider_translations`
--
ALTER TABLE `slider_translations`
  ADD PRIMARY KEY (`id`);

--
-- Indexes for table `subadmins`
--
ALTER TABLE `subadmins`
  ADD PRIMARY KEY (`id`),
  ADD UNIQUE KEY `users_email_unique` (`email`);

--
-- Indexes for table `subcategory_companies`
--
ALTER TABLE `subcategory_companies`
  ADD PRIMARY KEY (`id`);

--
-- Indexes for table `tokens`
--
ALTER TABLE `tokens`
  ADD PRIMARY KEY (`id`);

--
-- Indexes for table `transactions`
--
ALTER TABLE `transactions`
  ADD PRIMARY KEY (`id`);

--
-- Indexes for table `users`
--
ALTER TABLE `users`
  ADD PRIMARY KEY (`id`),
  ADD UNIQUE KEY `users_email_unique` (`email`);

--
-- AUTO_INCREMENT for dumped tables
--

--
-- AUTO_INCREMENT for table `admins`
--
ALTER TABLE `admins`
  MODIFY `id` int(10) UNSIGNED NOT NULL AUTO_INCREMENT, AUTO_INCREMENT=5;

--
-- AUTO_INCREMENT for table `ads`
--
ALTER TABLE `ads`
  MODIFY `id` int(11) NOT NULL AUTO_INCREMENT, AUTO_INCREMENT=6;

--
-- AUTO_INCREMENT for table `ads_translations`
--
ALTER TABLE `ads_translations`
  MODIFY `id` int(11) NOT NULL AUTO_INCREMENT, AUTO_INCREMENT=11;

--
-- AUTO_INCREMENT for table `advertisement_us`
--
ALTER TABLE `advertisement_us`
  MODIFY `id` int(11) NOT NULL AUTO_INCREMENT, AUTO_INCREMENT=3;

--
-- AUTO_INCREMENT for table `attatchments`
--
ALTER TABLE `attatchments`
  MODIFY `id` int(11) NOT NULL AUTO_INCREMENT, AUTO_INCREMENT=29;

--
-- AUTO_INCREMENT for table `categories`
--
ALTER TABLE `categories`
  MODIFY `id` int(11) NOT NULL AUTO_INCREMENT, AUTO_INCREMENT=18;

--
-- AUTO_INCREMENT for table `category_translations`
--
ALTER TABLE `category_translations`
  MODIFY `id` int(11) NOT NULL AUTO_INCREMENT, AUTO_INCREMENT=35;

--
-- AUTO_INCREMENT for table `cities`
--
ALTER TABLE `cities`
  MODIFY `id` int(11) NOT NULL AUTO_INCREMENT, AUTO_INCREMENT=32;

--
-- AUTO_INCREMENT for table `city_translations`
--
ALTER TABLE `city_translations`
  MODIFY `id` int(11) NOT NULL AUTO_INCREMENT, AUTO_INCREMENT=137;

--
-- AUTO_INCREMENT for table `contacts`
--
ALTER TABLE `contacts`
  MODIFY `id` int(11) NOT NULL AUTO_INCREMENT, AUTO_INCREMENT=3;

--
-- AUTO_INCREMENT for table `currencies`
--
ALTER TABLE `currencies`
  MODIFY `id` int(11) NOT NULL AUTO_INCREMENT, AUTO_INCREMENT=2;

--
-- AUTO_INCREMENT for table `currency_translations`
--
ALTER TABLE `currency_translations`
  MODIFY `id` int(11) NOT NULL AUTO_INCREMENT, AUTO_INCREMENT=3;

--
-- AUTO_INCREMENT for table `department_users`
--
ALTER TABLE `department_users`
  MODIFY `id` int(11) NOT NULL AUTO_INCREMENT, AUTO_INCREMENT=108;

--
-- AUTO_INCREMENT for table `favourites`
--
ALTER TABLE `favourites`
  MODIFY `id` int(30) NOT NULL AUTO_INCREMENT, AUTO_INCREMENT=5;

--
-- AUTO_INCREMENT for table `helps`
--
ALTER TABLE `helps`
  MODIFY `id` int(11) NOT NULL AUTO_INCREMENT, AUTO_INCREMENT=11;

--
-- AUTO_INCREMENT for table `help_translations`
--
ALTER TABLE `help_translations`
  MODIFY `id` int(11) NOT NULL AUTO_INCREMENT, AUTO_INCREMENT=21;

--
-- AUTO_INCREMENT for table `lands`
--
ALTER TABLE `lands`
  MODIFY `id` int(11) NOT NULL AUTO_INCREMENT, AUTO_INCREMENT=5;

--
-- AUTO_INCREMENT for table `land_translations`
--
ALTER TABLE `land_translations`
  MODIFY `id` int(11) NOT NULL AUTO_INCREMENT, AUTO_INCREMENT=7;

--
-- AUTO_INCREMENT for table `languages`
--
ALTER TABLE `languages`
  MODIFY `id` int(11) NOT NULL AUTO_INCREMENT, AUTO_INCREMENT=3;

--
-- AUTO_INCREMENT for table `language_translations`
--
ALTER TABLE `language_translations`
  MODIFY `id` int(11) NOT NULL AUTO_INCREMENT, AUTO_INCREMENT=5;

--
-- AUTO_INCREMENT for table `migrations`
--
ALTER TABLE `migrations`
  MODIFY `id` int(10) UNSIGNED NOT NULL AUTO_INCREMENT, AUTO_INCREMENT=6;

--
-- AUTO_INCREMENT for table `notification_firbase`
--
ALTER TABLE `notification_firbase`
  MODIFY `id` int(11) NOT NULL AUTO_INCREMENT, AUTO_INCREMENT=312;

--
-- AUTO_INCREMENT for table `notification_message`
--
ALTER TABLE `notification_message`
  MODIFY `id` int(11) NOT NULL AUTO_INCREMENT, AUTO_INCREMENT=41;

--
-- AUTO_INCREMENT for table `oauth_clients`
--
ALTER TABLE `oauth_clients`
  MODIFY `id` int(10) UNSIGNED NOT NULL AUTO_INCREMENT, AUTO_INCREMENT=3;

--
-- AUTO_INCREMENT for table `oauth_personal_access_clients`
--
ALTER TABLE `oauth_personal_access_clients`
  MODIFY `id` int(10) UNSIGNED NOT NULL AUTO_INCREMENT, AUTO_INCREMENT=2;

--
-- AUTO_INCREMENT for table `orders`
--
ALTER TABLE `orders`
  MODIFY `id` int(11) NOT NULL AUTO_INCREMENT, AUTO_INCREMENT=28;

--
-- AUTO_INCREMENT for table `orders_technical`
--
ALTER TABLE `orders_technical`
  MODIFY `id` int(11) NOT NULL AUTO_INCREMENT, AUTO_INCREMENT=6;

--
-- AUTO_INCREMENT for table `pages`
--
ALTER TABLE `pages`
  MODIFY `id` int(11) NOT NULL AUTO_INCREMENT, AUTO_INCREMENT=4;

--
-- AUTO_INCREMENT for table `page_translations`
--
ALTER TABLE `page_translations`
  MODIFY `id` int(11) NOT NULL AUTO_INCREMENT, AUTO_INCREMENT=7;

--
-- AUTO_INCREMENT for table `rates`
--
ALTER TABLE `rates`
  MODIFY `id` int(11) NOT NULL AUTO_INCREMENT, AUTO_INCREMENT=7;

--
-- AUTO_INCREMENT for table `settings`
--
ALTER TABLE `settings`
  MODIFY `id` int(10) UNSIGNED NOT NULL AUTO_INCREMENT, AUTO_INCREMENT=2;

--
-- AUTO_INCREMENT for table `setting_translations`
--
ALTER TABLE `setting_translations`
  MODIFY `id` int(10) UNSIGNED NOT NULL AUTO_INCREMENT, AUTO_INCREMENT=3;

--
-- AUTO_INCREMENT for table `sliders`
--
ALTER TABLE `sliders`
  MODIFY `id` int(11) NOT NULL AUTO_INCREMENT, AUTO_INCREMENT=9;

--
-- AUTO_INCREMENT for table `slider_translations`
--
ALTER TABLE `slider_translations`
  MODIFY `id` int(11) NOT NULL AUTO_INCREMENT, AUTO_INCREMENT=17;

--
-- AUTO_INCREMENT for table `subadmins`
--
ALTER TABLE `subadmins`
  MODIFY `id` int(10) UNSIGNED NOT NULL AUTO_INCREMENT, AUTO_INCREMENT=7;

--
-- AUTO_INCREMENT for table `subcategory_companies`
--
ALTER TABLE `subcategory_companies`
  MODIFY `id` int(11) NOT NULL AUTO_INCREMENT, AUTO_INCREMENT=15;

--
-- AUTO_INCREMENT for table `tokens`
--
ALTER TABLE `tokens`
  MODIFY `id` int(11) NOT NULL AUTO_INCREMENT, AUTO_INCREMENT=60;

--
-- AUTO_INCREMENT for table `transactions`
--
ALTER TABLE `transactions`
  MODIFY `id` int(11) NOT NULL AUTO_INCREMENT, AUTO_INCREMENT=5;

--
-- AUTO_INCREMENT for table `users`
--
ALTER TABLE `users`
  MODIFY `id` int(10) UNSIGNED NOT NULL AUTO_INCREMENT, AUTO_INCREMENT=57;

/*!40101 SET CHARACTER_SET_CLIENT=@OLD_CHARACTER_SET_CLIENT */;
/*!40101 SET CHARACTER_SET_RESULTS=@OLD_CHARACTER_SET_RESULTS */;
/*!40101 SET COLLATION_CONNECTION=@OLD_COLLATION_CONNECTION */;
